Date,Observed,Predicted
2200-01-01 00:00:00,166.0,
2200-01-01 01:00:00,166.0,
2200-01-01 02:00:00,167.0,
2200-01-01 03:00:00,168.0,
2200-01-01 04:00:00,168.0,
2200-01-01 05:00:00,168.0,
2200-01-01 06:00:00,168.0,
2200-01-01 07:00:00,168.0,
2200-01-01 08:00:00,168.0,
2200-01-01 09:00:00,170.0,
2200-01-01 10:00:00,170.0,
2200-01-01 11:00:00,170.0,
2200-01-01 12:00:00,170.0,
2200-01-01 13:00:00,170.0,
2200-01-01 14:00:00,170.0,
2200-01-01 15:00:00,169.0,
2200-01-01 16:00:00,168.0,
2200-01-01 17:00:00,168.0,
2200-01-01 18:00:00,166.0,
2200-01-01 19:00:00,166.0,
2200-01-01 20:00:00,166.0,
2200-01-01 21:00:00,166.0,
2200-01-01 22:00:00,165.0,
2200-01-01 23:00:00,165.0,
2200-01-02 00:00:00,165.0,
2200-01-02 01:00:00,165.0,
2200-01-02 02:00:00,165.0,
2200-01-02 03:00:00,165.0,
2200-01-02 04:00:00,165.0,
2200-01-02 05:00:00,165.0,
2200-01-02 06:00:00,165.0,
2200-01-02 07:00:00,165.0,
2200-01-02 08:00:00,165.0,
2200-01-02 09:00:00,165.0,
2200-01-02 10:00:00,166.0,
2200-01-02 11:00:00,166.0,
2200-01-02 12:00:00,168.0,
2200-01-02 13:00:00,168.0,
2200-01-02 14:00:00,168.0,
2200-01-02 15:00:00,168.0,
2200-01-02 16:00:00,166.0,
2200-01-02 17:00:00,166.0,
2200-01-02 18:00:00,166.0,
2200-01-02 19:00:00,165.0,
2200-01-02 20:00:00,165.0,
2200-01-02 21:00:00,165.0,
2200-01-02 22:00:00,163.0,
2200-01-02 23:00:00,163.0,
2200-01-03 00:00:00,162.0,
2200-01-03 01:00:00,161.0,
2200-01-03 02:00:00,161.0,
2200-01-03 03:00:00,160.0,
2200-01-03 04:00:00,160.0,
2200-01-03 05:00:00,159.0,
2200-01-03 06:00:00,158.0,
2200-01-03 07:00:00,158.0,
2200-01-03 08:00:00,158.0,
2200-01-03 09:00:00,158.0,
2200-01-03 10:00:00,158.0,
2200-01-03 11:00:00,157.0,
2200-01-03 12:00:00,155.0,
2200-01-03 13:00:00,151.0,
2200-01-03 14:00:00,148.0,
2200-01-03 15:00:00,144.0,
2200-01-03 16:00:00,141.0,
2200-01-03 17:00:00,139.0,
2200-01-03 18:00:00,138.0,
2200-01-03 19:00:00,137.0,
2200-01-03 20:00:00,136.0,
2200-01-03 21:00:00,135.0,
2200-01-03 22:00:00,135.0,
2200-01-03 23:00:00,135.0,
2200-01-04 00:00:00,135.0,
2200-01-04 01:00:00,134.0,
2200-01-04 02:00:00,134.0,
2200-01-04 03:00:00,133.0,
2200-01-04 04:00:00,133.0,
2200-01-04 05:00:00,133.0,
2200-01-04 06:00:00,133.0,
2200-01-04 07:00:00,133.0,
2200-01-04 08:00:00,133.0,
2200-01-04 09:00:00,133.0,
2200-01-04 10:00:00,133.0,
2200-01-04 11:00:00,133.0,
2200-01-04 12:00:00,133.0,
2200-01-04 13:00:00,136.0,
2200-01-04 14:00:00,141.0,
2200-01-04 15:00:00,146.0,
2200-01-04 16:00:00,149.0,
2200-01-04 17:00:00,154.0,
2200-01-04 18:00:00,155.0,
2200-01-04 19:00:00,156.0,
2200-01-04 20:00:00,158.0,
2200-01-04 21:00:00,159.0,
2200-01-04 22:00:00,160.0,
2200-01-04 23:00:00,161.0,
2200-01-05 00:00:00,161.0,
2200-01-05 01:00:00,161.0,
2200-01-05 02:00:00,161.0,
2200-01-05 03:00:00,161.0,
2200-01-05 04:00:00,161.0,
2200-01-05 05:00:00,161.0,
2200-01-05 06:00:00,161.0,
2200-01-05 07:00:00,161.0,
2200-01-05 08:00:00,161.0,
2200-01-05 09:00:00,161.0,
2200-01-05 10:00:00,161.0,
2200-01-05 11:00:00,161.0,
2200-01-05 12:00:00,160.0,
2200-01-05 13:00:00,155.0,
2200-01-05 14:00:00,148.0,
2200-01-05 15:00:00,142.0,
2200-01-05 16:00:00,139.0,
2200-01-05 17:00:00,135.0,
2200-01-05 18:00:00,133.0,
2200-01-05 19:00:00,132.0,
2200-01-05 20:00:00,131.0,
2200-01-05 21:00:00,130.0,
2200-01-05 22:00:00,130.0,
2200-01-05 23:00:00,129.0,
2200-01-06 00:00:00,128.0,
2200-01-06 01:00:00,128.0,
2200-01-06 02:00:00,128.0,
2200-01-06 03:00:00,128.0,
2200-01-06 04:00:00,128.0,
2200-01-06 05:00:00,128.0,
2200-01-06 06:00:00,128.0,
2200-01-06 07:00:00,127.0,
2200-01-06 08:00:00,127.0,
2200-01-06 09:00:00,127.0,
2200-01-06 10:00:00,128.0,
2200-01-06 11:00:00,133.0,
2200-01-06 12:00:00,139.0,
2200-01-06 13:00:00,145.0,
2200-01-06 14:00:00,151.0,
2200-01-06 15:00:00,154.0,
2200-01-06 16:00:00,157.0,
2200-01-06 17:00:00,159.0,
2200-01-06 18:00:00,160.0,
2200-01-06 19:00:00,160.0,
2200-01-06 20:00:00,161.0,
2200-01-06 21:00:00,161.0,
2200-01-06 22:00:00,162.0,
2200-01-06 23:00:00,163.0,
2200-01-07 00:00:00,163.0,
2200-01-07 01:00:00,163.0,
2200-01-07 02:00:00,163.0,
2200-01-07 03:00:00,163.0,
2200-01-07 04:00:00,163.0,
2200-01-07 05:00:00,163.0,
2200-01-07 06:00:00,163.0,
2200-01-07 07:00:00,162.0,
2200-01-07 08:00:00,161.0,
2200-01-07 09:00:00,161.0,
2200-01-07 10:00:00,161.0,
2200-01-07 11:00:00,159.0,
2200-01-07 12:00:00,156.0,
2200-01-07 13:00:00,153.0,
2200-01-07 14:00:00,150.0,
2200-01-07 15:00:00,148.0,
2200-01-07 16:00:00,147.0,
2200-01-07 17:00:00,147.0,
2200-01-07 18:00:00,145.0,
2200-01-07 19:00:00,145.0,
2200-01-07 20:00:00,145.0,
2200-01-07 21:00:00,146.0,
2200-01-07 22:00:00,147.0,
2200-01-07 23:00:00,147.0,
2200-01-08 00:00:00,147.0,
2200-01-08 01:00:00,148.0,
2200-01-08 02:00:00,148.0,
2200-01-08 03:00:00,148.0,
2200-01-08 04:00:00,149.0,
2200-01-08 05:00:00,150.0,
2200-01-08 06:00:00,151.0,
2200-01-08 07:00:00,152.0,
2200-01-08 08:00:00,152.0,
2200-01-08 09:00:00,153.0,
2200-01-08 10:00:00,154.0,
2200-01-08 11:00:00,155.0,
2200-01-08 12:00:00,156.0,
2200-01-08 13:00:00,156.0,
2200-01-08 14:00:00,156.0,
2200-01-08 15:00:00,156.0,
2200-01-08 16:00:00,156.0,
2200-01-08 17:00:00,156.0,
2200-01-08 18:00:00,156.0,
2200-01-08 19:00:00,156.0,
2200-01-08 20:00:00,155.0,
2200-01-08 21:00:00,155.0,
2200-01-08 22:00:00,154.0,
2200-01-08 23:00:00,153.0,
2200-01-09 00:00:00,153.0,
2200-01-09 01:00:00,153.0,
2200-01-09 02:00:00,153.0,
2200-01-09 03:00:00,152.0,
2200-01-09 04:00:00,152.0,
2200-01-09 05:00:00,152.0,
2200-01-09 06:00:00,152.0,
2200-01-09 07:00:00,152.0,
2200-01-09 08:00:00,152.0,
2200-01-09 09:00:00,152.0,
2200-01-09 10:00:00,152.0,
2200-01-09 11:00:00,151.0,
2200-01-09 12:00:00,150.0,
2200-01-09 13:00:00,146.0,
2200-01-09 14:00:00,143.0,
2200-01-09 15:00:00,140.0,
2200-01-09 16:00:00,139.0,
2200-01-09 17:00:00,137.0,
2200-01-09 18:00:00,136.0,
2200-01-09 19:00:00,134.0,
2200-01-09 20:00:00,134.0,
2200-01-09 21:00:00,133.0,
2200-01-09 22:00:00,133.0,
2200-01-09 23:00:00,132.0,
2200-01-10 00:00:00,131.0,
2200-01-10 01:00:00,131.0,
2200-01-10 02:00:00,131.0,
2200-01-10 03:00:00,131.0,
2200-01-10 04:00:00,132.0,
2200-01-10 05:00:00,133.0,
2200-01-10 06:00:00,134.0,
2200-01-10 07:00:00,135.0,
2200-01-10 08:00:00,137.0,
2200-01-10 09:00:00,138.0,
2200-01-10 10:00:00,138.0,
2200-01-10 11:00:00,140.0,
2200-01-10 12:00:00,141.0,
2200-01-10 13:00:00,141.0,
2200-01-10 14:00:00,142.0,
2200-01-10 15:00:00,143.0,
2200-01-10 16:00:00,144.0,
2200-01-10 17:00:00,144.0,
2200-01-10 18:00:00,144.0,
2200-01-10 19:00:00,144.0,
2200-01-10 20:00:00,145.0,
2200-01-10 21:00:00,146.0,
2200-01-10 22:00:00,148.0,
2200-01-10 23:00:00,151.0,
2200-01-11 00:00:00,155.0,
2200-01-11 01:00:00,159.0,
2200-01-11 02:00:00,163.0,
2200-01-11 03:00:00,166.0,
2200-01-11 04:00:00,168.0,
2200-01-11 05:00:00,170.0,
2200-01-11 06:00:00,171.0,
2200-01-11 07:00:00,172.0,
2200-01-11 08:00:00,173.0,
2200-01-11 09:00:00,173.0,
2200-01-11 10:00:00,175.0,
2200-01-11 11:00:00,175.0,
2200-01-11 12:00:00,176.0,
2200-01-11 13:00:00,176.0,
2200-01-11 14:00:00,176.0,
2200-01-11 15:00:00,177.0,
2200-01-11 16:00:00,178.0,
2200-01-11 17:00:00,178.0,
2200-01-11 18:00:00,178.0,
2200-01-11 19:00:00,178.0,
2200-01-11 20:00:00,178.0,
2200-01-11 21:00:00,179.0,
2200-01-11 22:00:00,179.0,
2200-01-11 23:00:00,179.0,
2200-01-12 00:00:00,181.0,
2200-01-12 01:00:00,181.0,
2200-01-12 02:00:00,183.0,
2200-01-12 03:00:00,184.0,
2200-01-12 04:00:00,185.0,
2200-01-12 05:00:00,186.0,
2200-01-12 06:00:00,187.0,
2200-01-12 07:00:00,188.0,
2200-01-12 08:00:00,189.0,
2200-01-12 09:00:00,191.0,
2200-01-12 10:00:00,191.0,
2200-01-12 11:00:00,192.0,
2200-01-12 12:00:00,193.0,
2200-01-12 13:00:00,191.0,
2200-01-12 14:00:00,189.0,
2200-01-12 15:00:00,187.0,
2200-01-12 16:00:00,184.0,
2200-01-12 17:00:00,183.0,
2200-01-12 18:00:00,181.0,
2200-01-12 19:00:00,181.0,
2200-01-12 20:00:00,181.0,
2200-01-12 21:00:00,181.0,
2200-01-12 22:00:00,179.0,
2200-01-12 23:00:00,179.0,
2200-01-13 00:00:00,179.0,
2200-01-13 01:00:00,179.0,
2200-01-13 02:00:00,180.0,
2200-01-13 03:00:00,181.0,
2200-01-13 04:00:00,181.0,
2200-01-13 05:00:00,182.0,
2200-01-13 06:00:00,183.0,
2200-01-13 07:00:00,184.0,
2200-01-13 08:00:00,184.0,
2200-01-13 09:00:00,184.0,
2200-01-13 10:00:00,185.0,
2200-01-13 11:00:00,186.0,
2200-01-13 12:00:00,188.0,
2200-01-13 13:00:00,188.0,
2200-01-13 14:00:00,189.0,
2200-01-13 15:00:00,189.0,
2200-01-13 16:00:00,189.0,
2200-01-13 17:00:00,190.0,
2200-01-13 18:00:00,191.0,
2200-01-13 19:00:00,191.0,
2200-01-13 20:00:00,191.0,
2200-01-13 21:00:00,191.0,
2200-01-13 22:00:00,192.0,
2200-01-13 23:00:00,193.0,
2200-01-14 00:00:00,193.0,
2200-01-14 01:00:00,193.0,
2200-01-14 02:00:00,193.0,
2200-01-14 03:00:00,193.0,
2200-01-14 04:00:00,191.0,
2200-01-14 05:00:00,191.0,
2200-01-14 06:00:00,191.0,
2200-01-14 07:00:00,191.0,
2200-01-14 08:00:00,190.0,
2200-01-14 09:00:00,189.0,
2200-01-14 10:00:00,189.0,
2200-01-14 11:00:00,189.0,
2200-01-14 12:00:00,189.0,
2200-01-14 13:00:00,188.0,
2200-01-14 14:00:00,187.0,
2200-01-14 15:00:00,186.0,
2200-01-14 16:00:00,186.0,
2200-01-14 17:00:00,184.0,
2200-01-14 18:00:00,183.0,
2200-01-14 19:00:00,183.0,
2200-01-14 20:00:00,183.0,
2200-01-14 21:00:00,181.0,
2200-01-14 22:00:00,181.0,
2200-01-14 23:00:00,180.0,
2200-01-15 00:00:00,179.0,
2200-01-15 01:00:00,179.0,
2200-01-15 02:00:00,179.0,
2200-01-15 03:00:00,178.0,
2200-01-15 04:00:00,178.0,
2200-01-15 05:00:00,178.0,
2200-01-15 06:00:00,178.0,
2200-01-15 07:00:00,178.0,
2200-01-15 08:00:00,178.0,
2200-01-15 09:00:00,178.0,
2200-01-15 10:00:00,179.0,
2200-01-15 11:00:00,179.0,
2200-01-15 12:00:00,179.0,
2200-01-15 13:00:00,179.0,
2200-01-15 14:00:00,180.0,
2200-01-15 15:00:00,182.0,
2200-01-15 16:00:00,185.0,
2200-01-15 17:00:00,188.0,
2200-01-15 18:00:00,189.0,
2200-01-15 19:00:00,191.0,
2200-01-15 20:00:00,191.0,
2200-01-15 21:00:00,193.0,
2200-01-15 22:00:00,193.0,
2200-01-15 23:00:00,194.0,
2200-01-16 00:00:00,195.0,
2200-01-16 01:00:00,195.0,
2200-01-16 02:00:00,194.0,
2200-01-16 03:00:00,195.0,
2200-01-16 04:00:00,196.0,
2200-01-16 05:00:00,196.0,
2200-01-16 06:00:00,196.0,
2200-01-16 07:00:00,196.0,
2200-01-16 08:00:00,196.0,
2200-01-16 09:00:00,198.0,
2200-01-16 10:00:00,198.0,
2200-01-16 11:00:00,198.0,
2200-01-16 12:00:00,198.0,
2200-01-16 13:00:00,198.0,
2200-01-16 14:00:00,198.0,
2200-01-16 15:00:00,198.0,
2200-01-16 16:00:00,198.0,
2200-01-16 17:00:00,197.0,
2200-01-16 18:00:00,196.0,
2200-01-16 19:00:00,196.0,
2200-01-16 20:00:00,196.0,
2200-01-16 21:00:00,196.0,
2200-01-16 22:00:00,196.0,
2200-01-16 23:00:00,196.0,
2200-01-17 00:00:00,196.0,
2200-01-17 01:00:00,196.0,
2200-01-17 02:00:00,196.0,
2200-01-17 03:00:00,196.0,
2200-01-17 04:00:00,195.0,
2200-01-17 05:00:00,194.0,
2200-01-17 06:00:00,194.0,
2200-01-17 07:00:00,194.0,
2200-01-17 08:00:00,194.0,
2200-01-17 09:00:00,194.0,
2200-01-17 10:00:00,194.0,
2200-01-17 11:00:00,194.0,
2200-01-17 12:00:00,194.0,
2200-01-17 13:00:00,193.0,
2200-01-17 14:00:00,193.0,
2200-01-17 15:00:00,193.0,
2200-01-17 16:00:00,191.0,
2200-01-17 17:00:00,191.0,
2200-01-17 18:00:00,191.0,
2200-01-17 19:00:00,191.0,
2200-01-17 20:00:00,191.0,
2200-01-17 21:00:00,190.0,
2200-01-17 22:00:00,189.0,
2200-01-17 23:00:00,189.0,
2200-01-18 00:00:00,189.0,
2200-01-18 01:00:00,189.0,
2200-01-18 02:00:00,188.0,
2200-01-18 03:00:00,188.0,
2200-01-18 04:00:00,188.0,
2200-01-18 05:00:00,188.0,
2200-01-18 06:00:00,188.0,
2200-01-18 07:00:00,188.0,
2200-01-18 08:00:00,188.0,
2200-01-18 09:00:00,188.0,
2200-01-18 10:00:00,188.0,
2200-01-18 11:00:00,188.0,
2200-01-18 12:00:00,189.0,
2200-01-18 13:00:00,189.0,
2200-01-18 14:00:00,188.0,
2200-01-18 15:00:00,188.0,
2200-01-18 16:00:00,188.0,
2200-01-18 17:00:00,186.0,
2200-01-18 18:00:00,186.0,
2200-01-18 19:00:00,186.0,
2200-01-18 20:00:00,186.0,
2200-01-18 21:00:00,186.0,
2200-01-18 22:00:00,186.0,
2200-01-18 23:00:00,186.0,
2200-01-19 00:00:00,186.0,
2200-01-19 01:00:00,186.0,
2200-01-19 02:00:00,186.0,
2200-01-19 03:00:00,186.0,
2200-01-19 04:00:00,186.0,
2200-01-19 05:00:00,186.0,
2200-01-19 06:00:00,186.0,
2200-01-19 07:00:00,185.0,
2200-01-19 08:00:00,184.0,
2200-01-19 09:00:00,184.0,
2200-01-19 10:00:00,184.0,
2200-01-19 11:00:00,184.0,
2200-01-19 12:00:00,184.0,
2200-01-19 13:00:00,183.0,
2200-01-19 14:00:00,183.0,
2200-01-19 15:00:00,183.0,
2200-01-19 16:00:00,183.0,
2200-01-19 17:00:00,183.0,
2200-01-19 18:00:00,183.0,
2200-01-19 19:00:00,183.0,
2200-01-19 20:00:00,182.0,
2200-01-19 21:00:00,181.0,
2200-01-19 22:00:00,180.0,
2200-01-19 23:00:00,179.0,
2200-01-20 00:00:00,178.0,
2200-01-20 01:00:00,177.0,
2200-01-20 02:00:00,176.0,
2200-01-20 03:00:00,174.0,
2200-01-20 04:00:00,173.0,
2200-01-20 05:00:00,171.0,
2200-01-20 06:00:00,170.0,
2200-01-20 07:00:00,167.0,
2200-01-20 08:00:00,166.0,
2200-01-20 09:00:00,165.0,
2200-01-20 10:00:00,165.0,
2200-01-20 11:00:00,163.0,
2200-01-20 12:00:00,163.0,
2200-01-20 13:00:00,163.0,
2200-01-20 14:00:00,163.0,
2200-01-20 15:00:00,161.0,
2200-01-20 16:00:00,161.0,
2200-01-20 17:00:00,161.0,
2200-01-20 18:00:00,161.0,
2200-01-20 19:00:00,161.0,
2200-01-20 20:00:00,161.0,
2200-01-20 21:00:00,161.0,
2200-01-20 22:00:00,161.0,
2200-01-20 23:00:00,161.0,
2200-01-21 00:00:00,161.0,
2200-01-21 01:00:00,161.0,
2200-01-21 02:00:00,161.0,
2200-01-21 03:00:00,161.0,
2200-01-21 04:00:00,161.0,
2200-01-21 05:00:00,161.0,
2200-01-21 06:00:00,161.0,
2200-01-21 07:00:00,160.0,
2200-01-21 08:00:00,160.0,
2200-01-21 09:00:00,160.0,
2200-01-21 10:00:00,160.0,
2200-01-21 11:00:00,160.0,
2200-01-21 12:00:00,160.0,
2200-01-21 13:00:00,160.0,
2200-01-21 14:00:00,159.0,
2200-01-21 15:00:00,158.0,
2200-01-21 16:00:00,158.0,
2200-01-21 17:00:00,158.0,
2200-01-21 18:00:00,157.0,
2200-01-21 19:00:00,156.0,
2200-01-21 20:00:00,156.0,
2200-01-21 21:00:00,156.0,
2200-01-21 22:00:00,156.0,
2200-01-21 23:00:00,156.0,
2200-01-22 00:00:00,156.0,
2200-01-22 01:00:00,156.0,
2200-01-22 02:00:00,155.0,
2200-01-22 03:00:00,155.0,
2200-01-22 04:00:00,155.0,
2200-01-22 05:00:00,156.0,
2200-01-22 06:00:00,157.0,
2200-01-22 07:00:00,159.0,
2200-01-22 08:00:00,160.0,
2200-01-22 09:00:00,161.0,
2200-01-22 10:00:00,163.0,
2200-01-22 11:00:00,164.0,
2200-01-22 12:00:00,165.0,
2200-01-22 13:00:00,166.0,
2200-01-22 14:00:00,168.0,
2200-01-22 15:00:00,168.0,
2200-01-22 16:00:00,169.0,
2200-01-22 17:00:00,170.0,
2200-01-22 18:00:00,170.0,
2200-01-22 19:00:00,170.0,
2200-01-22 20:00:00,171.0,
2200-01-22 21:00:00,171.0,
2200-01-22 22:00:00,171.0,
2200-01-22 23:00:00,171.0,
2200-01-23 00:00:00,171.0,
2200-01-23 01:00:00,171.0,
2200-01-23 02:00:00,171.0,
2200-01-23 03:00:00,171.0,
2200-01-23 04:00:00,171.0,
2200-01-23 05:00:00,171.0,
2200-01-23 06:00:00,171.0,
2200-01-23 07:00:00,171.0,
2200-01-23 08:00:00,171.0,
2200-01-23 09:00:00,171.0,
2200-01-23 10:00:00,171.0,
2200-01-23 11:00:00,171.0,
2200-01-23 12:00:00,171.0,
2200-01-23 13:00:00,170.0,
2200-01-23 14:00:00,169.0,
2200-01-23 15:00:00,168.0,
2200-01-23 16:00:00,167.0,
2200-01-23 17:00:00,166.0,
2200-01-23 18:00:00,166.0,
2200-01-23 19:00:00,166.0,
2200-01-23 20:00:00,166.0,
2200-01-23 21:00:00,166.0,
2200-01-23 22:00:00,166.0,
2200-01-23 23:00:00,166.0,
2200-01-24 00:00:00,166.0,
2200-01-24 01:00:00,166.0,
2200-01-24 02:00:00,166.0,
2200-01-24 03:00:00,166.0,
2200-01-24 04:00:00,166.0,
2200-01-24 05:00:00,165.0,
2200-01-24 06:00:00,165.0,
2200-01-24 07:00:00,165.0,
2200-01-24 08:00:00,165.0,
2200-01-24 09:00:00,165.0,
2200-01-24 10:00:00,165.0,
2200-01-24 11:00:00,165.0,
2200-01-24 12:00:00,165.0,
2200-01-24 13:00:00,165.0,
2200-01-24 14:00:00,165.0,
2200-01-24 15:00:00,163.0,
2200-01-24 16:00:00,163.0,
2200-01-24 17:00:00,163.0,
2200-01-24 18:00:00,162.0,
2200-01-24 19:00:00,161.0,
2200-01-24 20:00:00,161.0,
2200-01-24 21:00:00,161.0,
2200-01-24 22:00:00,161.0,
2200-01-24 23:00:00,161.0,
2200-01-25 00:00:00,160.0,
2200-01-25 01:00:00,160.0,
2200-01-25 02:00:00,160.0,
2200-01-25 03:00:00,158.0,
2200-01-25 04:00:00,158.0,
2200-01-25 05:00:00,158.0,
2200-01-25 06:00:00,157.0,
2200-01-25 07:00:00,156.0,
2200-01-25 08:00:00,156.0,
2200-01-25 09:00:00,155.0,
2200-01-25 10:00:00,155.0,
2200-01-25 11:00:00,155.0,
2200-01-25 12:00:00,155.0,
2200-01-25 13:00:00,153.0,
2200-01-25 14:00:00,153.0,
2200-01-25 15:00:00,152.0,
2200-01-25 16:00:00,150.0,
2200-01-25 17:00:00,150.0,
2200-01-25 18:00:00,150.0,
2200-01-25 19:00:00,149.0,
2200-01-25 20:00:00,148.0,
2200-01-25 21:00:00,148.0,
2200-01-25 22:00:00,148.0,
2200-01-25 23:00:00,147.0,
2200-01-26 00:00:00,147.0,
2200-01-26 01:00:00,147.0,
2200-01-26 02:00:00,147.0,
2200-01-26 03:00:00,147.0,
2200-01-26 04:00:00,145.0,
2200-01-26 05:00:00,145.0,
2200-01-26 06:00:00,145.0,
2200-01-26 07:00:00,145.0,
2200-01-26 08:00:00,145.0,
2200-01-26 09:00:00,145.0,
2200-01-26 10:00:00,145.0,
2200-01-26 11:00:00,145.0,
2200-01-26 12:00:00,145.0,
2200-01-26 13:00:00,145.0,
2200-01-26 14:00:00,145.0,
2200-01-26 15:00:00,145.0,
2200-01-26 16:00:00,145.0,
2200-01-26 17:00:00,145.0,
2200-01-26 18:00:00,145.0,
2200-01-26 19:00:00,144.0,
2200-01-26 20:00:00,144.0,
2200-01-26 21:00:00,144.0,
2200-01-26 22:00:00,143.0,
2200-01-26 23:00:00,142.0,
2200-01-27 00:00:00,142.0,
2200-01-27 01:00:00,142.0,
2200-01-27 02:00:00,142.0,
2200-01-27 03:00:00,141.0,
2200-01-27 04:00:00,141.0,
2200-01-27 05:00:00,141.0,
2200-01-27 06:00:00,141.0,
2200-01-27 07:00:00,142.0,
2200-01-27 08:00:00,142.0,
2200-01-27 09:00:00,142.0,
2200-01-27 10:00:00,143.0,
2200-01-27 11:00:00,144.0,
2200-01-27 12:00:00,144.0,
2200-01-27 13:00:00,145.0,
2200-01-27 14:00:00,145.0,
2200-01-27 15:00:00,146.0,
2200-01-27 16:00:00,147.0,
2200-01-27 17:00:00,147.0,
2200-01-27 18:00:00,148.0,
2200-01-27 19:00:00,150.0,
2200-01-27 20:00:00,150.0,
2200-01-27 21:00:00,150.0,
2200-01-27 22:00:00,151.0,
2200-01-27 23:00:00,152.0,
2200-01-28 00:00:00,152.0,
2200-01-28 01:00:00,152.0,
2200-01-28 02:00:00,152.0,
2200-01-28 03:00:00,152.0,
2200-01-28 04:00:00,153.0,
2200-01-28 05:00:00,153.0,
2200-01-28 06:00:00,153.0,
2200-01-28 07:00:00,153.0,
2200-01-28 08:00:00,153.0,
2200-01-28 09:00:00,153.0,
2200-01-28 10:00:00,153.0,
2200-01-28 11:00:00,153.0,
2200-01-28 12:00:00,153.0,
2200-01-28 13:00:00,153.0,
2200-01-28 14:00:00,153.0,
2200-01-28 15:00:00,152.0,
2200-01-28 16:00:00,152.0,
2200-01-28 17:00:00,152.0,
2200-01-28 18:00:00,150.0,
2200-01-28 19:00:00,150.0,
2200-01-28 20:00:00,150.0,
2200-01-28 21:00:00,150.0,
2200-01-28 22:00:00,149.0,
2200-01-28 23:00:00,148.0,
2200-01-29 00:00:00,148.0,
2200-01-29 01:00:00,148.0,
2200-01-29 02:00:00,148.0,
2200-01-29 03:00:00,148.0,
2200-01-29 04:00:00,148.0,
2200-01-29 05:00:00,148.0,
2200-01-29 06:00:00,148.0,
2200-01-29 07:00:00,148.0,
2200-01-29 08:00:00,148.0,
2200-01-29 09:00:00,148.0,
2200-01-29 10:00:00,148.0,
2200-01-29 11:00:00,148.0,
2200-01-29 12:00:00,148.0,
2200-01-29 13:00:00,148.0,
2200-01-29 14:00:00,148.0,
2200-01-29 15:00:00,148.0,
2200-01-29 16:00:00,147.0,
2200-01-29 17:00:00,147.0,
2200-01-29 18:00:00,147.0,
2200-01-29 19:00:00,147.0,
2200-01-29 20:00:00,147.0,
2200-01-29 21:00:00,145.0,
2200-01-29 22:00:00,145.0,
2200-01-29 23:00:00,144.0,
2200-01-30 00:00:00,143.0,
2200-01-30 01:00:00,142.0,
2200-01-30 02:00:00,142.0,
2200-01-30 03:00:00,142.0,
2200-01-30 04:00:00,141.0,
2200-01-30 05:00:00,141.0,
2200-01-30 06:00:00,141.0,
2200-01-30 07:00:00,141.0,
2200-01-30 08:00:00,141.0,
2200-01-30 09:00:00,141.0,
2200-01-30 10:00:00,141.0,
2200-01-30 11:00:00,141.0,
2200-01-30 12:00:00,142.0,
2200-01-30 13:00:00,142.0,
2200-01-30 14:00:00,142.0,
2200-01-30 15:00:00,142.0,
2200-01-30 16:00:00,141.0,
2200-01-30 17:00:00,141.0,
2200-01-30 18:00:00,140.0,
2200-01-30 19:00:00,139.0,
2200-01-30 20:00:00,139.0,
2200-01-30 21:00:00,139.0,
2200-01-30 22:00:00,139.0,
2200-01-30 23:00:00,139.0,
2200-01-31 00:00:00,139.0,
2200-01-31 01:00:00,138.0,
2200-01-31 02:00:00,138.0,
2200-01-31 03:00:00,138.0,
2200-01-31 04:00:00,138.0,
2200-01-31 05:00:00,138.0,
2200-01-31 06:00:00,137.0,
2200-01-31 07:00:00,137.0,
2200-01-31 08:00:00,137.0,
2200-01-31 09:00:00,137.0,
2200-01-31 10:00:00,137.0,
2200-01-31 11:00:00,137.0,
2200-01-31 12:00:00,137.0,
2200-01-31 13:00:00,137.0,
2200-01-31 14:00:00,137.0,
2200-01-31 15:00:00,137.0,
2200-01-31 16:00:00,137.0,
2200-01-31 17:00:00,135.0,
2200-01-31 18:00:00,135.0,
2200-01-31 19:00:00,135.0,
2200-01-31 20:00:00,135.0,
2200-01-31 21:00:00,135.0,
2200-01-31 22:00:00,135.0,
2200-01-31 23:00:00,135.0,
2200-02-01 00:00:00,135.0,
2200-02-01 01:00:00,135.0,
2200-02-01 02:00:00,135.0,
2200-02-01 03:00:00,135.0,
2200-02-01 04:00:00,135.0,
2200-02-01 05:00:00,135.0,
2200-02-01 06:00:00,135.0,
2200-02-01 07:00:00,137.0,
2200-02-01 08:00:00,138.0,
2200-02-01 09:00:00,140.0,
2200-02-01 10:00:00,141.0,
2200-02-01 11:00:00,143.0,
2200-02-01 12:00:00,145.0,
2200-02-01 13:00:00,146.0,
2200-02-01 14:00:00,147.0,
2200-02-01 15:00:00,148.0,
2200-02-01 16:00:00,148.0,
2200-02-01 17:00:00,148.0,
2200-02-01 18:00:00,150.0,
2200-02-01 19:00:00,150.0,
2200-02-01 20:00:00,150.0,
2200-02-01 21:00:00,152.0,
2200-02-01 22:00:00,152.0,
2200-02-01 23:00:00,152.0,
2200-02-02 00:00:00,152.0,
2200-02-02 01:00:00,152.0,
2200-02-02 02:00:00,152.0,
2200-02-02 03:00:00,152.0,
2200-02-02 04:00:00,152.0,
2200-02-02 05:00:00,152.0,
2200-02-02 06:00:00,152.0,
2200-02-02 07:00:00,153.0,
2200-02-02 08:00:00,153.0,
2200-02-02 09:00:00,153.0,
2200-02-02 10:00:00,153.0,
2200-02-02 11:00:00,153.0,
2200-02-02 12:00:00,154.0,
2200-02-02 13:00:00,155.0,
2200-02-02 14:00:00,155.0,
2200-02-02 15:00:00,155.0,
2200-02-02 16:00:00,155.0,
2200-02-02 17:00:00,155.0,
2200-02-02 18:00:00,155.0,
2200-02-02 19:00:00,155.0,
2200-02-02 20:00:00,155.0,
2200-02-02 21:00:00,155.0,
2200-02-02 22:00:00,155.0,
2200-02-02 23:00:00,155.0,
2200-02-03 00:00:00,156.0,
2200-02-03 01:00:00,156.0,
2200-02-03 02:00:00,156.0,
2200-02-03 03:00:00,156.0,
2200-02-03 04:00:00,156.0,
2200-02-03 05:00:00,156.0,
2200-02-03 06:00:00,156.0,
2200-02-03 07:00:00,156.0,
2200-02-03 08:00:00,156.0,
2200-02-03 09:00:00,156.0,
2200-02-03 10:00:00,156.0,
2200-02-03 11:00:00,156.0,
2200-02-03 12:00:00,158.0,
2200-02-03 13:00:00,158.0,
2200-02-03 14:00:00,158.0,
2200-02-03 15:00:00,158.0,
2200-02-03 16:00:00,157.0,
2200-02-03 17:00:00,158.0,
2200-02-03 18:00:00,158.0,
2200-02-03 19:00:00,158.0,
2200-02-03 20:00:00,158.0,
2200-02-03 21:00:00,158.0,
2200-02-03 22:00:00,158.0,
2200-02-03 23:00:00,158.0,
2200-02-04 00:00:00,158.0,
2200-02-04 01:00:00,158.0,
2200-02-04 02:00:00,158.0,
2200-02-04 03:00:00,158.0,
2200-02-04 04:00:00,158.0,
2200-02-04 05:00:00,158.0,
2200-02-04 06:00:00,158.0,
2200-02-04 07:00:00,158.0,
2200-02-04 08:00:00,159.0,
2200-02-04 09:00:00,160.0,
2200-02-04 10:00:00,160.0,
2200-02-04 11:00:00,160.0,
2200-02-04 12:00:00,160.0,
2200-02-04 13:00:00,160.0,
2200-02-04 14:00:00,160.0,
2200-02-04 15:00:00,160.0,
2200-02-04 16:00:00,158.0,
2200-02-04 17:00:00,158.0,
2200-02-04 18:00:00,158.0,
2200-02-04 19:00:00,158.0,
2200-02-04 20:00:00,158.0,
2200-02-04 21:00:00,158.0,
2200-02-04 22:00:00,158.0,
2200-02-04 23:00:00,158.0,
2200-02-05 00:00:00,158.0,
2200-02-05 01:00:00,158.0,
2200-02-05 02:00:00,158.0,
2200-02-05 03:00:00,158.0,
2200-02-05 04:00:00,158.0,
2200-02-05 05:00:00,158.0,
2200-02-05 06:00:00,158.0,
2200-02-05 07:00:00,158.0,
2200-02-05 08:00:00,158.0,
2200-02-05 09:00:00,160.0,
2200-02-05 10:00:00,160.0,
2200-02-05 11:00:00,160.0,
2200-02-05 12:00:00,161.0,
2200-02-05 13:00:00,161.0,
2200-02-05 14:00:00,161.0,
2200-02-05 15:00:00,161.0,
2200-02-05 16:00:00,161.0,
2200-02-05 17:00:00,161.0,
2200-02-05 18:00:00,161.0,
2200-02-05 19:00:00,161.0,
2200-02-05 20:00:00,161.0,
2200-02-05 21:00:00,161.0,
2200-02-05 22:00:00,161.0,
2200-02-05 23:00:00,161.0,
2200-02-06 00:00:00,161.0,
2200-02-06 01:00:00,161.0,
2200-02-06 02:00:00,161.0,
2200-02-06 03:00:00,161.0,
2200-02-06 04:00:00,161.0,
2200-02-06 05:00:00,161.0,
2200-02-06 06:00:00,161.0,
2200-02-06 07:00:00,162.0,
2200-02-06 08:00:00,163.0,
2200-02-06 09:00:00,163.0,
2200-02-06 10:00:00,163.0,
2200-02-06 11:00:00,164.0,
2200-02-06 12:00:00,165.0,
2200-02-06 13:00:00,165.0,
2200-02-06 14:00:00,165.0,
2200-02-06 15:00:00,165.0,
2200-02-06 16:00:00,165.0,
2200-02-06 17:00:00,165.0,
2200-02-06 18:00:00,165.0,
2200-02-06 19:00:00,165.0,
2200-02-06 20:00:00,165.0,
2200-02-06 21:00:00,165.0,
2200-02-06 22:00:00,165.0,
2200-02-06 23:00:00,165.0,
2200-02-07 00:00:00,166.0,
2200-02-07 01:00:00,166.0,
2200-02-07 02:00:00,170.0,
2200-02-07 03:00:00,181.0,
2200-02-07 04:00:00,186.0,
2200-02-07 05:00:00,190.0,
2200-02-07 06:00:00,193.0,
2200-02-07 07:00:00,198.0,
2200-02-07 08:00:00,209.0,
2200-02-07 09:00:00,225.0,
2200-02-07 10:00:00,243.0,
2200-02-07 11:00:00,255.0,
2200-02-07 12:00:00,260.0,
2200-02-07 13:00:00,270.0,
2200-02-07 14:00:00,288.0,
2200-02-07 15:00:00,299.0,
2200-02-07 16:00:00,304.0,
2200-02-07 17:00:00,304.0,
2200-02-07 18:00:00,303.0,
2200-02-07 19:00:00,303.0,
2200-02-07 20:00:00,310.0,
2200-02-07 21:00:00,330.0,
2200-02-07 22:00:00,362.0,
2200-02-07 23:00:00,392.0,
2200-02-08 00:00:00,433.0,
2200-02-08 01:00:00,493.00012,
2200-02-08 02:00:00,591.0001,
2200-02-08 03:00:00,720.0,
2200-02-08 04:00:00,815.9999,
2200-02-08 05:00:00,865.0,
2200-02-08 06:00:00,869.0,
2200-02-08 07:00:00,834.0,
2200-02-08 08:00:00,779.0,
2200-02-08 09:00:00,719.0,
2200-02-08 10:00:00,668.0,
2200-02-08 11:00:00,631.0,
2200-02-08 12:00:00,614.0001,
2200-02-08 13:00:00,625.0,
2200-02-08 14:00:00,652.0,
2200-02-08 15:00:00,684.9999,
2200-02-08 16:00:00,702.0001,
2200-02-08 17:00:00,707.0,
2200-02-08 18:00:00,696.0,
2200-02-08 19:00:00,679.0001,
2200-02-08 20:00:00,661.9999,
2200-02-08 21:00:00,648.9999,
2200-02-08 22:00:00,635.9999,
2200-02-08 23:00:00,630.0001,
2200-02-09 00:00:00,629.0,
2200-02-09 01:00:00,629.0,
2200-02-09 02:00:00,630.0001,
2200-02-09 03:00:00,635.0,
2200-02-09 04:00:00,638.0,
2200-02-09 05:00:00,640.0001,
2200-02-09 06:00:00,641.0,
2200-02-09 07:00:00,635.9999,
2200-02-09 08:00:00,630.0001,
2200-02-09 09:00:00,622.9999,
2200-02-09 10:00:00,618.0,
2200-02-09 11:00:00,616.0,
2200-02-09 12:00:00,614.0001,
2200-02-09 13:00:00,616.0,
2200-02-09 14:00:00,619.9999,
2200-02-09 15:00:00,619.9999,
2200-02-09 16:00:00,619.9999,
2200-02-09 17:00:00,618.0,
2200-02-09 18:00:00,614.0001,
2200-02-09 19:00:00,609.0,
2200-02-09 20:00:00,604.0001,
2200-02-09 21:00:00,601.0001,
2200-02-09 22:00:00,592.0,
2200-02-09 23:00:00,580.0,
2200-02-10 00:00:00,570.0,
2200-02-10 01:00:00,562.0,
2200-02-10 02:00:00,555.0001,
2200-02-10 03:00:00,547.9999,
2200-02-10 04:00:00,542.0001,
2200-02-10 05:00:00,536.0,
2200-02-10 06:00:00,529.0001,
2200-02-10 07:00:00,524.9999,
2200-02-10 08:00:00,520.0,
2200-02-10 09:00:00,517.0,
2200-02-10 10:00:00,516.0001,
2200-02-10 11:00:00,518.0,
2200-02-10 12:00:00,518.0,
2200-02-10 13:00:00,518.0,
2200-02-10 14:00:00,518.0,
2200-02-10 15:00:00,517.0,
2200-02-10 16:00:00,514.9999,
2200-02-10 17:00:00,514.9999,
2200-02-10 18:00:00,514.9999,
2200-02-10 19:00:00,517.0,
2200-02-10 20:00:00,524.9999,
2200-02-10 21:00:00,530.0,
2200-02-10 22:00:00,530.0,
2200-02-10 23:00:00,524.9999,
2200-02-11 00:00:00,518.0,
2200-02-11 01:00:00,511.99988,
2200-02-11 02:00:00,509.00012,
2200-02-11 03:00:00,509.00012,
2200-02-11 04:00:00,511.0,
2200-02-11 05:00:00,516.0001,
2200-02-11 06:00:00,523.0,
2200-02-11 07:00:00,527.0,
2200-02-11 08:00:00,530.0,
2200-02-11 09:00:00,531.0,
2200-02-11 10:00:00,531.0,
2200-02-11 11:00:00,531.0,
2200-02-11 12:00:00,531.0,
2200-02-11 13:00:00,531.0,
2200-02-11 14:00:00,533.0,
2200-02-11 15:00:00,533.0,
2200-02-11 16:00:00,533.0,
2200-02-11 17:00:00,534.0,
2200-02-11 18:00:00,536.0,
2200-02-11 19:00:00,536.0,
2200-02-11 20:00:00,534.9999,
2200-02-11 21:00:00,533.0,
2200-02-11 22:00:00,531.0,
2200-02-11 23:00:00,527.9999,
2200-02-12 00:00:00,524.9999,
2200-02-12 01:00:00,521.0,
2200-02-12 02:00:00,516.0001,
2200-02-12 03:00:00,511.99988,
2200-02-12 04:00:00,507.0,
2200-02-12 05:00:00,505.0,
2200-02-12 06:00:00,501.99988,
2200-02-12 07:00:00,498.0,
2200-02-12 08:00:00,493.00012,
2200-02-12 09:00:00,488.99988,
2200-02-12 10:00:00,484.0,
2200-02-12 11:00:00,480.00012,
2200-02-12 12:00:00,475.99988,
2200-02-12 13:00:00,472.0,
2200-02-12 14:00:00,468.0,
2200-02-12 15:00:00,464.0,
2200-02-12 16:00:00,459.0,
2200-02-12 17:00:00,457.00012,
2200-02-12 18:00:00,454.0,
2200-02-12 19:00:00,451.0,
2200-02-12 20:00:00,450.0,
2200-02-12 21:00:00,451.0,
2200-02-12 22:00:00,451.0,
2200-02-12 23:00:00,453.0,
2200-02-13 00:00:00,452.0,
2200-02-13 01:00:00,451.0,
2200-02-13 02:00:00,448.0,
2200-02-13 03:00:00,446.0,
2200-02-13 04:00:00,443.0,
2200-02-13 05:00:00,441.0,
2200-02-13 06:00:00,439.0,
2200-02-13 07:00:00,436.0,
2200-02-13 08:00:00,434.0,
2200-02-13 09:00:00,432.0,
2200-02-13 10:00:00,429.0,
2200-02-13 11:00:00,427.0,
2200-02-13 12:00:00,426.0,
2200-02-13 13:00:00,424.0,
2200-02-13 14:00:00,415.0,
2200-02-13 15:00:00,411.0,
2200-02-13 16:00:00,409.0,
2200-02-13 17:00:00,406.0,
2200-02-13 18:00:00,405.0,
2200-02-13 19:00:00,403.0,
2200-02-13 20:00:00,401.0,
2200-02-13 21:00:00,400.0,
2200-02-13 22:00:00,397.0,
2200-02-13 23:00:00,395.0,
2200-02-14 00:00:00,393.0,
2200-02-14 01:00:00,391.0,
2200-02-14 02:00:00,389.0,
2200-02-14 03:00:00,388.0,
2200-02-14 04:00:00,386.0,
2200-02-14 05:00:00,385.0,
2200-02-14 06:00:00,383.0,
2200-02-14 07:00:00,383.0,
2200-02-14 08:00:00,380.0,
2200-02-14 09:00:00,380.0,
2200-02-14 10:00:00,379.0,
2200-02-14 11:00:00,378.0,
2200-02-14 12:00:00,377.0,
2200-02-14 13:00:00,375.0,
2200-02-14 14:00:00,374.0,
2200-02-14 15:00:00,372.0,
2200-02-14 16:00:00,370.0,
2200-02-14 17:00:00,368.0,
2200-02-14 18:00:00,367.0,
2200-02-14 19:00:00,366.0,
2200-02-14 20:00:00,364.0,
2200-02-14 21:00:00,362.0,
2200-02-14 22:00:00,361.0,
2200-02-14 23:00:00,360.0,
2200-02-15 00:00:00,358.0,
2200-02-15 01:00:00,356.0,
2200-02-15 02:00:00,354.0,
2200-02-15 03:00:00,351.0,
2200-02-15 04:00:00,350.0,
2200-02-15 05:00:00,347.0,
2200-02-15 06:00:00,345.0,
2200-02-15 07:00:00,345.0,
2200-02-15 08:00:00,342.0,
2200-02-15 09:00:00,340.0,
2200-02-15 10:00:00,340.0,
2200-02-15 11:00:00,339.0,
2200-02-15 12:00:00,338.0,
2200-02-15 13:00:00,338.0,
2200-02-15 14:00:00,335.0,
2200-02-15 15:00:00,333.0,
2200-02-15 16:00:00,331.0,
2200-02-15 17:00:00,330.0,
2200-02-15 18:00:00,329.0,
2200-02-15 19:00:00,329.0,
2200-02-15 20:00:00,327.0,
2200-02-15 21:00:00,327.0,
2200-02-15 22:00:00,325.0,
2200-02-15 23:00:00,325.0,
2200-02-16 00:00:00,323.0,
2200-02-16 01:00:00,322.0,
2200-02-16 02:00:00,322.0,
2200-02-16 03:00:00,321.0,
2200-02-16 04:00:00,320.0,
2200-02-16 05:00:00,320.0,
2200-02-16 06:00:00,318.0,
2200-02-16 07:00:00,318.0,
2200-02-16 08:00:00,316.0,
2200-02-16 09:00:00,316.0,
2200-02-16 10:00:00,314.0,
2200-02-16 11:00:00,314.0,
2200-02-16 12:00:00,312.0,
2200-02-16 13:00:00,312.0,
2200-02-16 14:00:00,311.0,
2200-02-16 15:00:00,309.0,
2200-02-16 16:00:00,309.0,
2200-02-16 17:00:00,308.0,
2200-02-16 18:00:00,307.0,
2200-02-16 19:00:00,307.0,
2200-02-16 20:00:00,307.0,
2200-02-16 21:00:00,306.0,
2200-02-16 22:00:00,305.0,
2200-02-16 23:00:00,305.0,
2200-02-17 00:00:00,305.0,
2200-02-17 01:00:00,305.0,
2200-02-17 02:00:00,304.0,
2200-02-17 03:00:00,303.0,
2200-02-17 04:00:00,303.0,
2200-02-17 05:00:00,303.0,
2200-02-17 06:00:00,301.0,
2200-02-17 07:00:00,301.0,
2200-02-17 08:00:00,301.0,
2200-02-17 09:00:00,300.0,
2200-02-17 10:00:00,299.0,
2200-02-17 11:00:00,297.0,
2200-02-17 12:00:00,297.0,
2200-02-17 13:00:00,297.0,
2200-02-17 14:00:00,296.0,
2200-02-17 15:00:00,294.0,
2200-02-17 16:00:00,294.0,
2200-02-17 17:00:00,294.0,
2200-02-17 18:00:00,292.0,
2200-02-17 19:00:00,292.0,
2200-02-17 20:00:00,292.0,
2200-02-17 21:00:00,292.0,
2200-02-17 22:00:00,292.0,
2200-02-17 23:00:00,290.0,
2200-02-18 00:00:00,290.0,
2200-02-18 01:00:00,290.0,
2200-02-18 02:00:00,289.0,
2200-02-18 03:00:00,288.0,
2200-02-18 04:00:00,288.0,
2200-02-18 05:00:00,288.0,
2200-02-18 06:00:00,286.0,
2200-02-18 07:00:00,286.0,
2200-02-18 08:00:00,286.0,
2200-02-18 09:00:00,286.0,
2200-02-18 10:00:00,285.0,
2200-02-18 11:00:00,284.0,
2200-02-18 12:00:00,283.0,
2200-02-18 13:00:00,282.0,
2200-02-18 14:00:00,282.0,
2200-02-18 15:00:00,281.0,
2200-02-18 16:00:00,280.0,
2200-02-18 17:00:00,278.0,
2200-02-18 18:00:00,278.0,
2200-02-18 19:00:00,278.0,
2200-02-18 20:00:00,277.0,
2200-02-18 21:00:00,275.0,
2200-02-18 22:00:00,275.0,
2200-02-18 23:00:00,275.0,
2200-02-19 00:00:00,275.0,
2200-02-19 01:00:00,275.0,
2200-02-19 02:00:00,275.0,
2200-02-19 03:00:00,274.0,
2200-02-19 04:00:00,273.0,
2200-02-19 05:00:00,273.0,
2200-02-19 06:00:00,273.0,
2200-02-19 07:00:00,273.0,
2200-02-19 08:00:00,273.0,
2200-02-19 09:00:00,273.0,
2200-02-19 10:00:00,271.0,
2200-02-19 11:00:00,271.0,
2200-02-19 12:00:00,271.0,
2200-02-19 13:00:00,271.0,
2200-02-19 14:00:00,271.0,
2200-02-19 15:00:00,269.0,
2200-02-19 16:00:00,269.0,
2200-02-19 17:00:00,269.0,
2200-02-19 18:00:00,267.0,
2200-02-19 19:00:00,267.0,
2200-02-19 20:00:00,267.0,
2200-02-19 21:00:00,267.0,
2200-02-19 22:00:00,267.0,
2200-02-19 23:00:00,266.0,
2200-02-20 00:00:00,265.0,
2200-02-20 01:00:00,265.0,
2200-02-20 02:00:00,265.0,
2200-02-20 03:00:00,265.0,
2200-02-20 04:00:00,265.0,
2200-02-20 05:00:00,264.0,
2200-02-20 06:00:00,263.0,
2200-02-20 07:00:00,263.0,
2200-02-20 08:00:00,263.0,
2200-02-20 09:00:00,263.0,
2200-02-20 10:00:00,263.0,
2200-02-20 11:00:00,263.0,
2200-02-20 12:00:00,242.0,
2200-02-20 13:00:00,235.0,
2200-02-20 14:00:00,232.0,
2200-02-20 15:00:00,230.0,
2200-02-20 16:00:00,228.0,
2200-02-20 17:00:00,226.0,
2200-02-20 18:00:00,226.0,
2200-02-20 19:00:00,226.0,
2200-02-20 20:00:00,225.0,
2200-02-20 21:00:00,224.0,
2200-02-20 22:00:00,224.0,
2200-02-20 23:00:00,224.0,
2200-02-21 00:00:00,224.0,
2200-02-21 01:00:00,224.0,
2200-02-21 02:00:00,224.0,
2200-02-21 03:00:00,224.0,
2200-02-21 04:00:00,224.0,
2200-02-21 05:00:00,225.0,
2200-02-21 06:00:00,226.0,
2200-02-21 07:00:00,226.0,
2200-02-21 08:00:00,226.0,
2200-02-21 09:00:00,226.0,
2200-02-21 10:00:00,226.0,
2200-02-21 11:00:00,226.0,
2200-02-21 12:00:00,226.0,
2200-02-21 13:00:00,226.0,
2200-02-21 14:00:00,226.0,
2200-02-21 15:00:00,226.0,
2200-02-21 16:00:00,226.0,
2200-02-21 17:00:00,226.0,
2200-02-21 18:00:00,226.0,
2200-02-21 19:00:00,226.0,
2200-02-21 20:00:00,226.0,
2200-02-21 21:00:00,226.0,
2200-02-21 22:00:00,226.0,
2200-02-21 23:00:00,226.0,
2200-02-22 00:00:00,226.0,
2200-02-22 01:00:00,226.0,
2200-02-22 02:00:00,226.0,
2200-02-22 03:00:00,226.0,
2200-02-22 04:00:00,226.0,
2200-02-22 05:00:00,226.0,
2200-02-22 06:00:00,226.0,
2200-02-22 07:00:00,226.0,
2200-02-22 08:00:00,226.0,
2200-02-22 09:00:00,226.0,
2200-02-22 10:00:00,226.0,
2200-02-22 11:00:00,226.0,
2200-02-22 12:00:00,226.0,
2200-02-22 13:00:00,226.0,
2200-02-22 14:00:00,226.0,
2200-02-22 15:00:00,226.0,
2200-02-22 16:00:00,226.0,
2200-02-22 17:00:00,226.0,
2200-02-22 18:00:00,226.0,
2200-02-22 19:00:00,226.0,
2200-02-22 20:00:00,226.0,
2200-02-22 21:00:00,226.0,
2200-02-22 22:00:00,226.0,
2200-02-22 23:00:00,226.0,
2200-02-23 00:00:00,226.0,
2200-02-23 01:00:00,226.0,
2200-02-23 02:00:00,226.0,
2200-02-23 03:00:00,226.0,
2200-02-23 04:00:00,226.0,
2200-02-23 05:00:00,227.0,
2200-02-23 06:00:00,228.0,
2200-02-23 07:00:00,228.0,
2200-02-23 08:00:00,228.0,
2200-02-23 09:00:00,228.0,
2200-02-23 10:00:00,228.0,
2200-02-23 11:00:00,228.0,
2200-02-23 12:00:00,228.0,
2200-02-23 13:00:00,228.0,
2200-02-23 14:00:00,228.0,
2200-02-23 15:00:00,228.0,
2200-02-23 16:00:00,227.0,
2200-02-23 17:00:00,226.0,
2200-02-23 18:00:00,226.0,
2200-02-23 19:00:00,226.0,
2200-02-23 20:00:00,226.0,
2200-02-23 21:00:00,226.0,
2200-02-23 22:00:00,226.0,
2200-02-23 23:00:00,226.0,
2200-02-24 00:00:00,226.0,
2200-02-24 01:00:00,226.0,
2200-02-24 02:00:00,226.0,
2200-02-24 03:00:00,226.0,
2200-02-24 04:00:00,226.0,
2200-02-24 05:00:00,226.0,
2200-02-24 06:00:00,224.0,
2200-02-24 07:00:00,224.0,
2200-02-24 08:00:00,224.0,
2200-02-24 09:00:00,224.0,
2200-02-24 10:00:00,222.0,
2200-02-24 11:00:00,222.0,
2200-02-24 12:00:00,222.0,
2200-02-24 13:00:00,222.0,
2200-02-24 14:00:00,220.0,
2200-02-24 15:00:00,220.0,
2200-02-24 16:00:00,220.0,
2200-02-24 17:00:00,220.0,
2200-02-24 18:00:00,220.0,
2200-02-24 19:00:00,220.0,
2200-02-24 20:00:00,220.0,
2200-02-24 21:00:00,218.0,
2200-02-24 22:00:00,218.0,
2200-02-24 23:00:00,218.0,
2200-02-25 00:00:00,218.0,
2200-02-25 01:00:00,218.0,
2200-02-25 02:00:00,218.0,
2200-02-25 03:00:00,218.0,
2200-02-25 04:00:00,218.0,
2200-02-25 05:00:00,216.0,
2200-02-25 06:00:00,216.0,
2200-02-25 07:00:00,216.0,
2200-02-25 08:00:00,216.0,
2200-02-25 09:00:00,216.0,
2200-02-25 10:00:00,216.0,
2200-02-25 11:00:00,216.0,
2200-02-25 12:00:00,216.0,
2200-02-25 13:00:00,216.0,
2200-02-25 14:00:00,216.0,
2200-02-25 15:00:00,216.0,
2200-02-25 16:00:00,216.0,
2200-02-25 17:00:00,223.0,
2200-02-25 18:00:00,236.0,
2200-02-25 19:00:00,234.0,
2200-02-25 20:00:00,234.0,
2200-02-25 21:00:00,236.0,
2200-02-25 22:00:00,237.0,
2200-02-25 23:00:00,236.0,
2200-02-26 00:00:00,237.0,
2200-02-26 01:00:00,235.0,
2200-02-26 02:00:00,234.0,
2200-02-26 03:00:00,233.0,
2200-02-26 04:00:00,232.0,
2200-02-26 05:00:00,232.0,
2200-02-26 06:00:00,232.0,
2200-02-26 07:00:00,232.0,
2200-02-26 08:00:00,233.0,
2200-02-26 09:00:00,234.0,
2200-02-26 10:00:00,234.0,
2200-02-26 11:00:00,232.0,
2200-02-26 12:00:00,232.0,
2200-02-26 13:00:00,232.0,
2200-02-26 14:00:00,232.0,
2200-02-26 15:00:00,232.0,
2200-02-26 16:00:00,231.0,
2200-02-26 17:00:00,230.0,
2200-02-26 18:00:00,230.0,
2200-02-26 19:00:00,230.0,
2200-02-26 20:00:00,230.0,
2200-02-26 21:00:00,230.0,
2200-02-26 22:00:00,230.0,
2200-02-26 23:00:00,230.0,
2200-02-27 00:00:00,230.0,
2200-02-27 01:00:00,230.0,
2200-02-27 02:00:00,230.0,
2200-02-27 03:00:00,230.0,
2200-02-27 04:00:00,230.0,
2200-02-27 05:00:00,230.0,
2200-02-27 06:00:00,230.0,
2200-02-27 07:00:00,230.0,
2200-02-27 08:00:00,230.0,
2200-02-27 09:00:00,230.0,
2200-02-27 10:00:00,230.0,
2200-02-27 11:00:00,229.0,
2200-02-27 12:00:00,228.0,
2200-02-27 13:00:00,228.0,
2200-02-27 14:00:00,228.0,
2200-02-27 15:00:00,228.0,
2200-02-27 16:00:00,228.0,
2200-02-27 17:00:00,228.0,
2200-02-27 18:00:00,228.0,
2200-02-27 19:00:00,228.0,
2200-02-27 20:00:00,228.0,
2200-02-27 21:00:00,228.0,
2200-02-27 22:00:00,228.0,
2200-02-27 23:00:00,228.0,
2200-02-28 00:00:00,228.0,
2200-02-28 01:00:00,228.0,
2200-02-28 02:00:00,228.0,
2200-02-28 03:00:00,228.0,
2200-02-28 04:00:00,228.0,
2200-02-28 05:00:00,228.0,
2200-02-28 06:00:00,228.0,
2200-02-28 07:00:00,228.0,
2200-02-28 08:00:00,228.0,
2200-02-28 09:00:00,228.0,
2200-02-28 10:00:00,228.0,
2200-02-28 11:00:00,228.0,
2200-02-28 12:00:00,228.0,
2200-02-28 13:00:00,228.0,
2200-02-28 14:00:00,228.0,
2200-02-28 15:00:00,228.0,
2200-02-28 16:00:00,228.0,
2200-02-28 17:00:00,228.0,
2200-02-28 18:00:00,228.0,
2200-02-28 19:00:00,228.0,
2200-02-28 20:00:00,228.0,
2200-02-28 21:00:00,228.0,
2200-02-28 22:00:00,228.0,
2200-02-28 23:00:00,228.0,
2200-03-01 00:00:00,226.0,
2200-03-01 01:00:00,226.0,
2200-03-01 02:00:00,226.0,
2200-03-01 03:00:00,226.0,
2200-03-01 04:00:00,226.0,
2200-03-01 05:00:00,226.0,
2200-03-01 06:00:00,226.0,
2200-03-01 07:00:00,226.0,
2200-03-01 08:00:00,226.0,
2200-03-01 09:00:00,226.0,
2200-03-01 10:00:00,226.0,
2200-03-01 11:00:00,226.0,
2200-03-01 12:00:00,226.0,
2200-03-01 13:00:00,226.0,
2200-03-01 14:00:00,226.0,
2200-03-01 15:00:00,224.0,
2200-03-01 16:00:00,224.0,
2200-03-01 17:00:00,224.0,
2200-03-01 18:00:00,224.0,
2200-03-01 19:00:00,224.0,
2200-03-01 20:00:00,223.0,
2200-03-01 21:00:00,222.0,
2200-03-01 22:00:00,222.0,
2200-03-01 23:00:00,222.0,
2200-03-02 00:00:00,222.0,
2200-03-02 01:00:00,221.0,
2200-03-02 02:00:00,220.0,
2200-03-02 03:00:00,220.0,
2200-03-02 04:00:00,220.0,
2200-03-02 05:00:00,220.0,
2200-03-02 06:00:00,220.0,
2200-03-02 07:00:00,220.0,
2200-03-02 08:00:00,220.0,
2200-03-02 09:00:00,220.0,
2200-03-02 10:00:00,219.0,
2200-03-02 11:00:00,218.0,
2200-03-02 12:00:00,218.0,
2200-03-02 13:00:00,218.0,
2200-03-02 14:00:00,218.0,
2200-03-02 15:00:00,218.0,
2200-03-02 16:00:00,218.0,
2200-03-02 17:00:00,216.0,
2200-03-02 18:00:00,216.0,
2200-03-02 19:00:00,216.0,
2200-03-02 20:00:00,216.0,
2200-03-02 21:00:00,216.0,
2200-03-02 22:00:00,216.0,
2200-03-02 23:00:00,216.0,
2200-03-03 00:00:00,216.0,
2200-03-03 01:00:00,216.0,
2200-03-03 02:00:00,216.0,
2200-03-03 03:00:00,216.0,
2200-03-03 04:00:00,216.0,
2200-03-03 05:00:00,216.0,
2200-03-03 06:00:00,216.0,
2200-03-03 07:00:00,216.0,
2200-03-03 08:00:00,216.0,
2200-03-03 09:00:00,216.0,
2200-03-03 10:00:00,216.0,
2200-03-03 11:00:00,216.0,
2200-03-03 12:00:00,216.0,
2200-03-03 13:00:00,216.0,
2200-03-03 14:00:00,216.0,
2200-03-03 15:00:00,215.0,
2200-03-03 16:00:00,214.0,
2200-03-03 17:00:00,214.0,
2200-03-03 18:00:00,214.0,
2200-03-03 19:00:00,214.0,
2200-03-03 20:00:00,214.0,
2200-03-03 21:00:00,214.0,
2200-03-03 22:00:00,214.0,
2200-03-03 23:00:00,214.0,
2200-03-04 00:00:00,214.0,
2200-03-04 01:00:00,214.0,
2200-03-04 02:00:00,214.0,
2200-03-04 03:00:00,214.0,
2200-03-04 04:00:00,214.0,
2200-03-04 05:00:00,214.0,
2200-03-04 06:00:00,214.0,
2200-03-04 07:00:00,214.0,
2200-03-04 08:00:00,214.0,
2200-03-04 09:00:00,214.0,
2200-03-04 10:00:00,214.0,
2200-03-04 11:00:00,214.0,
2200-03-04 12:00:00,214.0,
2200-03-04 13:00:00,214.0,
2200-03-04 14:00:00,214.0,
2200-03-04 15:00:00,213.0,
2200-03-04 16:00:00,212.0,
2200-03-04 17:00:00,212.0,
2200-03-04 18:00:00,212.0,
2200-03-04 19:00:00,212.0,
2200-03-04 20:00:00,212.0,
2200-03-04 21:00:00,212.0,
2200-03-04 22:00:00,212.0,
2200-03-04 23:00:00,212.0,
2200-03-05 00:00:00,212.0,
2200-03-05 01:00:00,212.0,
2200-03-05 02:00:00,212.0,
2200-03-05 03:00:00,212.0,
2200-03-05 04:00:00,212.0,
2200-03-05 05:00:00,212.0,
2200-03-05 06:00:00,212.0,
2200-03-05 07:00:00,212.0,
2200-03-05 08:00:00,212.0,
2200-03-05 09:00:00,212.0,
2200-03-05 10:00:00,212.0,
2200-03-05 11:00:00,212.0,
2200-03-05 12:00:00,212.0,
2200-03-05 13:00:00,212.0,
2200-03-05 14:00:00,212.0,
2200-03-05 15:00:00,212.0,
2200-03-05 16:00:00,210.0,
2200-03-05 17:00:00,210.0,
2200-03-05 18:00:00,210.0,
2200-03-05 19:00:00,210.0,
2200-03-05 20:00:00,210.0,
2200-03-05 21:00:00,210.0,
2200-03-05 22:00:00,210.0,
2200-03-05 23:00:00,210.0,
2200-03-06 00:00:00,210.0,
2200-03-06 01:00:00,210.0,
2200-03-06 02:00:00,210.0,
2200-03-06 03:00:00,210.0,
2200-03-06 04:00:00,210.0,
2200-03-06 05:00:00,208.0,
2200-03-06 06:00:00,208.0,
2200-03-06 07:00:00,208.0,
2200-03-06 08:00:00,208.0,
2200-03-06 09:00:00,208.0,
2200-03-06 10:00:00,208.0,
2200-03-06 11:00:00,208.0,
2200-03-06 12:00:00,208.0,
2200-03-06 13:00:00,208.0,
2200-03-06 14:00:00,208.0,
2200-03-06 15:00:00,208.0,
2200-03-06 16:00:00,206.0,
2200-03-06 17:00:00,206.0,
2200-03-06 18:00:00,206.0,
2200-03-06 19:00:00,206.0,
2200-03-06 20:00:00,206.0,
2200-03-06 21:00:00,206.0,
2200-03-06 22:00:00,206.0,
2200-03-06 23:00:00,206.0,
2200-03-07 00:00:00,206.0,
2200-03-07 01:00:00,206.0,
2200-03-07 02:00:00,206.0,
2200-03-07 03:00:00,206.0,
2200-03-07 04:00:00,206.0,
2200-03-07 05:00:00,206.0,
2200-03-07 06:00:00,205.0,
2200-03-07 07:00:00,204.0,
2200-03-07 08:00:00,204.0,
2200-03-07 09:00:00,204.0,
2200-03-07 10:00:00,204.0,
2200-03-07 11:00:00,204.0,
2200-03-07 12:00:00,204.0,
2200-03-07 13:00:00,204.0,
2200-03-07 14:00:00,204.0,
2200-03-07 15:00:00,204.0,
2200-03-07 16:00:00,204.0,
2200-03-07 17:00:00,202.0,
2200-03-07 18:00:00,202.0,
2200-03-07 19:00:00,202.0,
2200-03-07 20:00:00,202.0,
2200-03-07 21:00:00,202.0,
2200-03-07 22:00:00,202.0,
2200-03-07 23:00:00,202.0,
2200-03-08 00:00:00,202.0,
2200-03-08 01:00:00,202.0,
2200-03-08 02:00:00,202.0,
2200-03-08 03:00:00,202.0,
2200-03-08 04:00:00,202.0,
2200-03-08 05:00:00,202.0,
2200-03-08 06:00:00,202.0,
2200-03-08 07:00:00,202.0,
2200-03-08 08:00:00,202.0,
2200-03-08 09:00:00,202.0,
2200-03-08 10:00:00,202.0,
2200-03-08 11:00:00,202.0,
2200-03-08 12:00:00,202.0,
2200-03-08 13:00:00,202.0,
2200-03-08 14:00:00,202.0,
2200-03-08 15:00:00,202.0,
2200-03-08 16:00:00,202.0,
2200-03-08 17:00:00,202.0,
2200-03-08 18:00:00,202.0,
2200-03-08 19:00:00,202.0,
2200-03-08 20:00:00,202.0,
2200-03-08 21:00:00,202.0,
2200-03-08 22:00:00,202.0,
2200-03-08 23:00:00,202.0,
2200-03-09 00:00:00,202.0,
2200-03-09 01:00:00,202.0,
2200-03-09 02:00:00,202.0,
2200-03-09 03:00:00,202.0,
2200-03-09 04:00:00,202.0,
2200-03-09 05:00:00,202.0,
2200-03-09 06:00:00,202.0,
2200-03-09 07:00:00,202.0,
2200-03-09 08:00:00,202.0,
2200-03-09 09:00:00,202.0,
2200-03-09 10:00:00,202.0,
2200-03-09 11:00:00,202.0,
2200-03-09 12:00:00,202.0,
2200-03-09 13:00:00,202.0,
2200-03-09 14:00:00,202.0,
2200-03-09 15:00:00,202.0,
2200-03-09 16:00:00,202.0,
2200-03-09 17:00:00,202.0,
2200-03-09 18:00:00,202.0,
2200-03-09 19:00:00,202.0,
2200-03-09 20:00:00,202.0,
2200-03-09 21:00:00,202.0,
2200-03-09 22:00:00,202.0,
2200-03-09 23:00:00,203.0,
2200-03-10 00:00:00,204.0,
2200-03-10 01:00:00,204.0,
2200-03-10 02:00:00,204.0,
2200-03-10 03:00:00,204.0,
2200-03-10 04:00:00,204.0,
2200-03-10 05:00:00,204.0,
2200-03-10 06:00:00,204.0,
2200-03-10 07:00:00,204.0,
2200-03-10 08:00:00,204.0,
2200-03-10 09:00:00,204.0,
2200-03-10 10:00:00,204.0,
2200-03-10 11:00:00,204.0,
2200-03-10 12:00:00,204.0,
2200-03-10 13:00:00,204.0,
2200-03-10 14:00:00,204.0,
2200-03-10 15:00:00,204.0,
2200-03-10 16:00:00,204.0,
2200-03-10 17:00:00,204.0,
2200-03-10 18:00:00,204.0,
2200-03-10 19:00:00,204.0,
2200-03-10 20:00:00,204.0,
2200-03-10 21:00:00,204.0,
2200-03-10 22:00:00,204.0,
2200-03-10 23:00:00,204.0,
2200-03-11 00:00:00,204.0,
2200-03-11 01:00:00,204.0,
2200-03-11 02:00:00,204.0,
2200-03-11 03:00:00,204.0,
2200-03-11 04:00:00,204.0,
2200-03-11 05:00:00,204.0,
2200-03-11 06:00:00,204.0,
2200-03-11 07:00:00,206.0,
2200-03-11 08:00:00,206.0,
2200-03-11 09:00:00,210.0,
2200-03-11 10:00:00,217.0,
2200-03-11 11:00:00,221.0,
2200-03-11 12:00:00,222.0,
2200-03-11 13:00:00,222.0,
2200-03-11 14:00:00,222.0,
2200-03-11 15:00:00,225.0,
2200-03-11 16:00:00,233.0,
2200-03-11 17:00:00,242.0,
2200-03-11 18:00:00,249.0,
2200-03-11 19:00:00,259.0,
2200-03-11 20:00:00,275.0,
2200-03-11 21:00:00,289.0,
2200-03-11 22:00:00,295.0,
2200-03-11 23:00:00,297.0,
2200-03-12 00:00:00,297.0,
2200-03-12 01:00:00,302.0,
2200-03-12 02:00:00,310.0,
2200-03-12 03:00:00,318.0,
2200-03-12 04:00:00,323.0,
2200-03-12 05:00:00,325.0,
2200-03-12 06:00:00,324.0,
2200-03-12 07:00:00,321.0,
2200-03-12 08:00:00,317.0,
2200-03-12 09:00:00,313.0,
2200-03-12 10:00:00,309.0,
2200-03-12 11:00:00,307.0,
2200-03-12 12:00:00,304.0,
2200-03-12 13:00:00,302.0,
2200-03-12 14:00:00,298.0,
2200-03-12 15:00:00,294.0,
2200-03-12 16:00:00,292.0,
2200-03-12 17:00:00,289.0,
2200-03-12 18:00:00,287.0,
2200-03-12 19:00:00,286.0,
2200-03-12 20:00:00,284.0,
2200-03-12 21:00:00,284.0,
2200-03-12 22:00:00,283.0,
2200-03-12 23:00:00,282.0,
2200-03-13 00:00:00,280.0,
2200-03-13 01:00:00,280.0,
2200-03-13 02:00:00,278.0,
2200-03-13 03:00:00,278.0,
2200-03-13 04:00:00,277.0,
2200-03-13 05:00:00,275.0,
2200-03-13 06:00:00,275.0,
2200-03-13 07:00:00,275.0,
2200-03-13 08:00:00,275.0,
2200-03-13 09:00:00,275.0,
2200-03-13 10:00:00,275.0,
2200-03-13 11:00:00,275.0,
2200-03-13 12:00:00,309.0,
2200-03-13 13:00:00,594.0001,
2200-03-13 14:00:00,888.0,
2200-03-13 15:00:00,892.0,
2200-03-13 16:00:00,701.0,
2200-03-13 17:00:00,514.0,
2200-03-13 18:00:00,403.0,
2200-03-13 19:00:00,349.0,
2200-03-13 20:00:00,325.0,
2200-03-13 21:00:00,314.0,
2200-03-13 22:00:00,309.0,
2200-03-13 23:00:00,306.0,
2200-03-14 00:00:00,304.0,
2200-03-14 01:00:00,303.0,
2200-03-14 02:00:00,301.0,
2200-03-14 03:00:00,300.0,
2200-03-14 04:00:00,299.0,
2200-03-14 05:00:00,297.0,
2200-03-14 06:00:00,297.0,
2200-03-14 07:00:00,297.0,
2200-03-14 08:00:00,297.0,
2200-03-14 09:00:00,297.0,
2200-03-14 10:00:00,296.0,
2200-03-14 11:00:00,294.0,
2200-03-14 12:00:00,294.0,
2200-03-14 13:00:00,295.0,
2200-03-14 14:00:00,297.0,
2200-03-14 15:00:00,296.0,
2200-03-14 16:00:00,294.0,
2200-03-14 17:00:00,293.0,
2200-03-14 18:00:00,292.0,
2200-03-14 19:00:00,292.0,
2200-03-14 20:00:00,292.0,
2200-03-14 21:00:00,292.0,
2200-03-14 22:00:00,292.0,
2200-03-14 23:00:00,293.0,
2200-03-15 00:00:00,296.0,
2200-03-15 01:00:00,301.0,
2200-03-15 02:00:00,307.0,
2200-03-15 03:00:00,317.0,
2200-03-15 04:00:00,331.0,
2200-03-15 05:00:00,349.0,
2200-03-15 06:00:00,383.0,
2200-03-15 07:00:00,451.0,
2200-03-15 08:00:00,598.0,
2200-03-15 09:00:00,834.0,
2200-03-15 10:00:00,1062.0,
2200-03-15 11:00:00,1204.0,
2200-03-15 12:00:00,1261.0,
2200-03-15 13:00:00,1247.0,
2200-03-15 14:00:00,1218.0,
2200-03-15 15:00:00,1263.0,
2200-03-15 16:00:00,1475.0,
2200-03-15 17:00:00,1898.0,
2200-03-15 18:00:00,2534.0,
2200-03-15 19:00:00,3402.0,
2200-03-15 20:00:00,4345.0,
2200-03-15 21:00:00,5295.0,
2200-03-15 22:00:00,6291.0,
2200-03-15 23:00:00,7630.0,
2200-03-16 00:00:00,9247.0,
2200-03-16 01:00:00,11078.0,
2200-03-16 02:00:00,13029.0,
2200-03-16 03:00:00,15086.0,
2200-03-16 04:00:00,17112.998,
2200-03-16 05:00:00,19048.0,
2200-03-16 06:00:00,20888.0,
2200-03-16 07:00:00,22632.0,
2200-03-16 08:00:00,24190.0,
2200-03-16 09:00:00,25695.0,
2200-03-16 10:00:00,26863.0,
2200-03-16 11:00:00,27870.0,
2200-03-16 12:00:00,28623.0,
2200-03-16 13:00:00,29117.002,
2200-03-16 14:00:00,29460.0,
2200-03-16 15:00:00,29927.002,
2200-03-16 16:00:00,30383.0,
2200-03-16 17:00:00,30808.002,
2200-03-16 18:00:00,31213.002,
2200-03-16 19:00:00,31813.998,
2200-03-16 20:00:00,32393.998,
2200-03-16 21:00:00,32948.004,
2200-03-16 22:00:00,33525.0,
2200-03-16 23:00:00,34188.0,
2200-03-17 00:00:00,34836.004,
2200-03-17 01:00:00,35690.0,
2200-03-17 02:00:00,36674.0,
2200-03-17 03:00:00,37586.0,
2200-03-17 04:00:00,38371.0,
2200-03-17 05:00:00,38998.0,
2200-03-17 06:00:00,39561.0,
2200-03-17 07:00:00,39875.0,
2200-03-17 08:00:00,40087.0,
2200-03-17 09:00:00,40053.0,
2200-03-17 10:00:00,39848.0,
2200-03-17 11:00:00,39474.0,
2200-03-17 12:00:00,38830.0,
2200-03-17 13:00:00,38243.0,
2200-03-17 14:00:00,37508.0,
2200-03-17 15:00:00,36645.0,
2200-03-17 16:00:00,35605.0,
2200-03-17 17:00:00,34576.004,
2200-03-17 18:00:00,33599.0,
2200-03-17 19:00:00,32426.998,
2200-03-17 20:00:00,31421.002,
2200-03-17 21:00:00,30445.0,
2200-03-17 22:00:00,29676.0,
2200-03-17 23:00:00,29125.002,
2200-03-18 00:00:00,28801.0,
2200-03-18 01:00:00,28881.0,
2200-03-18 02:00:00,29446.0,
2200-03-18 03:00:00,30575.0,
2200-03-18 04:00:00,31923.002,
2200-03-18 05:00:00,33404.0,
2200-03-18 06:00:00,35278.0,
2200-03-18 07:00:00,37247.0,
2200-03-18 08:00:00,39484.0,
2200-03-18 09:00:00,41633.0,
2200-03-18 10:00:00,43726.0,
2200-03-18 11:00:00,45822.0,
2200-03-18 12:00:00,47891.0,
2200-03-18 13:00:00,49617.0,
2200-03-18 14:00:00,51157.0,
2200-03-18 15:00:00,52527.0,
2200-03-18 16:00:00,53787.0,
2200-03-18 17:00:00,54940.0,
2200-03-18 18:00:00,55950.0,
2200-03-18 19:00:00,56430.004,
2200-03-18 20:00:00,57045.996,
2200-03-18 21:00:00,57179.0,
2200-03-18 22:00:00,57216.0,
2200-03-18 23:00:00,56763.996,
2200-03-19 00:00:00,56314.0,
2200-03-19 01:00:00,55754.004,
2200-03-19 02:00:00,55058.0,
2200-03-19 03:00:00,54105.0,
2200-03-19 04:00:00,53252.0,
2200-03-19 05:00:00,52107.0,
2200-03-19 06:00:00,50893.0,
2200-03-19 07:00:00,49422.0,
2200-03-19 08:00:00,47912.0,
2200-03-19 09:00:00,46187.0,
2200-03-19 10:00:00,44446.0,
2200-03-19 11:00:00,42586.0,
2200-03-19 12:00:00,40786.0,
2200-03-19 13:00:00,38901.0,
2200-03-19 14:00:00,37107.0,
2200-03-19 15:00:00,35267.004,
2200-03-19 16:00:00,33505.0,
2200-03-19 17:00:00,31690.0,
2200-03-19 18:00:00,29922.998,
2200-03-19 19:00:00,28171.0,
2200-03-19 20:00:00,26594.0,
2200-03-19 21:00:00,25017.0,
2200-03-19 22:00:00,23620.0,
2200-03-19 23:00:00,22254.0,
2200-03-20 00:00:00,21079.0,
2200-03-20 01:00:00,19908.0,
2200-03-20 02:00:00,18881.998,
2200-03-20 03:00:00,17959.0,
2200-03-20 04:00:00,17125.0,
2200-03-20 05:00:00,16423.998,
2200-03-20 06:00:00,15780.0,
2200-03-20 07:00:00,15208.0,
2200-03-20 08:00:00,14655.0,
2200-03-20 09:00:00,14166.0,
2200-03-20 10:00:00,13706.0,
2200-03-20 11:00:00,13300.0,
2200-03-20 12:00:00,12895.0,
2200-03-20 13:00:00,12477.0,
2200-03-20 14:00:00,12094.0,
2200-03-20 15:00:00,11730.0,
2200-03-20 16:00:00,11408.0,
2200-03-20 17:00:00,11062.0,
2200-03-20 18:00:00,10735.0,
2200-03-20 19:00:00,10441.0,
2200-03-20 20:00:00,10141.999,
2200-03-20 21:00:00,9860.0,
2200-03-20 22:00:00,9603.0,
2200-03-20 23:00:00,9361.0,
2200-03-21 00:00:00,9150.0,
2200-03-21 01:00:00,8922.0,
2200-03-21 02:00:00,8735.0,
2200-03-21 03:00:00,8531.0,
2200-03-21 04:00:00,8333.0,
2200-03-21 05:00:00,8161.0,
2200-03-21 06:00:00,8017.0,
2200-03-21 07:00:00,7851.0,
2200-03-21 08:00:00,7706.0,
2200-03-21 09:00:00,7544.0,
2200-03-21 10:00:00,7436.0,
2200-03-21 11:00:00,7331.0,
2200-03-21 12:00:00,7296.0,
2200-03-21 13:00:00,7335.0,
2200-03-21 14:00:00,7451.0,
2200-03-21 15:00:00,7754.0,
2200-03-21 16:00:00,8263.0,
2200-03-21 17:00:00,8848.0,
2200-03-21 18:00:00,9548.0,
2200-03-21 19:00:00,10255.0,
2200-03-21 20:00:00,11047.0,
2200-03-21 21:00:00,11930.0,
2200-03-21 22:00:00,12710.0,
2200-03-21 23:00:00,13349.0,
2200-03-22 00:00:00,13852.0,
2200-03-22 01:00:00,14203.0,
2200-03-22 02:00:00,14518.0,
2200-03-22 03:00:00,14751.0,
2200-03-22 04:00:00,14926.0,
2200-03-22 05:00:00,15103.0,
2200-03-22 06:00:00,15277.0,
2200-03-22 07:00:00,15461.0,
2200-03-22 08:00:00,15686.0,
2200-03-22 09:00:00,15960.0,
2200-03-22 10:00:00,16330.0,
2200-03-22 11:00:00,16704.0,
2200-03-22 12:00:00,17059.0,
2200-03-22 13:00:00,17508.998,
2200-03-22 14:00:00,17921.0,
2200-03-22 15:00:00,18321.0,
2200-03-22 16:00:00,18740.0,
2200-03-22 17:00:00,19223.0,
2200-03-22 18:00:00,19691.0,
2200-03-22 19:00:00,20234.0,
2200-03-22 20:00:00,20839.0,
2200-03-22 21:00:00,21508.0,
2200-03-22 22:00:00,22201.0,
2200-03-22 23:00:00,22911.0,
2200-03-23 00:00:00,23562.0,
2200-03-23 01:00:00,24181.0,
2200-03-23 02:00:00,24760.0,
2200-03-23 03:00:00,25275.0,
2200-03-23 04:00:00,25772.0,
2200-03-23 05:00:00,26165.0,
2200-03-23 06:00:00,26483.0,
2200-03-23 07:00:00,26775.0,
2200-03-23 08:00:00,27101.0,
2200-03-23 09:00:00,27303.0,
2200-03-23 10:00:00,27494.0,
2200-03-23 11:00:00,27566.0,
2200-03-23 12:00:00,27711.0,
2200-03-23 13:00:00,27836.0,
2200-03-23 14:00:00,27970.0,
2200-03-23 15:00:00,27995.0,
2200-03-23 16:00:00,28032.0,
2200-03-23 17:00:00,27964.0,
2200-03-23 18:00:00,27906.0,
2200-03-23 19:00:00,27736.0,
2200-03-23 20:00:00,27522.0,
2200-03-23 21:00:00,27256.0,
2200-03-23 22:00:00,26915.0,
2200-03-23 23:00:00,26434.0,
2200-03-24 00:00:00,25979.0,
2200-03-24 01:00:00,25357.0,
2200-03-24 02:00:00,24736.0,
2200-03-24 03:00:00,24037.0,
2200-03-24 04:00:00,23314.0,
2200-03-24 05:00:00,22550.0,
2200-03-24 06:00:00,21742.0,
2200-03-24 07:00:00,20875.0,
2200-03-24 08:00:00,20132.0,
2200-03-24 09:00:00,19350.0,
2200-03-24 10:00:00,18543.0,
2200-03-24 11:00:00,17830.0,
2200-03-24 12:00:00,17138.0,
2200-03-24 13:00:00,16460.0,
2200-03-24 14:00:00,15826.001,
2200-03-24 15:00:00,15220.0,
2200-03-24 16:00:00,14679.0,
2200-03-24 17:00:00,14148.0,
2200-03-24 18:00:00,13640.0,
2200-03-24 19:00:00,13225.0,
2200-03-24 20:00:00,12796.0,
2200-03-24 21:00:00,12414.0,
2200-03-24 22:00:00,12083.0,
2200-03-24 23:00:00,11769.0,
2200-03-25 00:00:00,11426.0,
2200-03-25 01:00:00,11143.0,
2200-03-25 02:00:00,10874.0,
2200-03-25 03:00:00,10599.999,
2200-03-25 04:00:00,10370.0,
2200-03-25 05:00:00,10120.0,
2200-03-25 06:00:00,9904.0,
2200-03-25 07:00:00,9683.999,
2200-03-25 08:00:00,9492.0,
2200-03-25 09:00:00,9303.999,
2200-03-25 10:00:00,9120.0,
2200-03-25 11:00:00,8968.0,
2200-03-25 12:00:00,8804.0,
2200-03-25 13:00:00,8655.0,
2200-03-25 14:00:00,8521.0,
2200-03-25 15:00:00,8363.0,
2200-03-25 16:00:00,8224.0,
2200-03-25 17:00:00,8103.0,
2200-03-25 18:00:00,7972.0,
2200-03-25 19:00:00,7854.0,
2200-03-25 20:00:00,7748.0,
2200-03-25 21:00:00,7675.0,
2200-03-25 22:00:00,7573.0,
2200-03-25 23:00:00,7503.0,
2200-03-26 00:00:00,7398.0,
2200-03-26 01:00:00,7307.0,
2200-03-26 02:00:00,7202.0,
2200-03-26 03:00:00,7133.0,
2200-03-26 04:00:00,7041.0,
2200-03-26 05:00:00,6961.0,
2200-03-26 06:00:00,6865.0,
2200-03-26 07:00:00,6793.0,
2200-03-26 08:00:00,6689.0,
2200-03-26 09:00:00,6602.0,
2200-03-26 10:00:00,6533.0,
2200-03-26 11:00:00,6458.0,
2200-03-26 12:00:00,6365.0,
2200-03-26 13:00:00,6294.0,
2200-03-26 14:00:00,6200.0,
2200-03-26 15:00:00,6119.0,
2200-03-26 16:00:00,6047.0,
2200-03-26 17:00:00,5972.0,
2200-03-26 18:00:00,5891.0,
2200-03-26 19:00:00,5812.0,
2200-03-26 20:00:00,5758.0,
2200-03-26 21:00:00,5731.0,
2200-03-26 22:00:00,5694.0,
2200-03-26 23:00:00,5690.0,
2200-03-27 00:00:00,5702.0,
2200-03-27 01:00:00,5699.0,
2200-03-27 02:00:00,5670.0,
2200-03-27 03:00:00,5649.0,
2200-03-27 04:00:00,5629.0,
2200-03-27 05:00:00,5594.0,
2200-03-27 06:00:00,5546.0,
2200-03-27 07:00:00,5519.0,
2200-03-27 08:00:00,5476.0,
2200-03-27 09:00:00,5443.0,
2200-03-27 10:00:00,5399.0,
2200-03-27 11:00:00,5345.0,
2200-03-27 12:00:00,5300.0,
2200-03-27 13:00:00,5260.0,
2200-03-27 14:00:00,5207.0,
2200-03-27 15:00:00,5183.0,
2200-03-27 16:00:00,5146.0,
2200-03-27 17:00:00,5099.0,
2200-03-27 18:00:00,5066.0,
2200-03-27 19:00:00,5006.0,
2200-03-27 20:00:00,4957.0,
2200-03-27 21:00:00,4933.0,
2200-03-27 22:00:00,4912.0,
2200-03-27 23:00:00,4864.0,
2200-03-28 00:00:00,4836.0,
2200-03-28 01:00:00,4804.0,
2200-03-28 02:00:00,4774.0,
2200-03-28 03:00:00,4763.0,
2200-03-28 04:00:00,4753.0,
2200-03-28 05:00:00,4753.0,
2200-03-28 06:00:00,4773.0,
2200-03-28 07:00:00,4798.0,
2200-03-28 08:00:00,4829.0,
2200-03-28 09:00:00,4869.0,
2200-03-28 10:00:00,4909.0,
2200-03-28 11:00:00,4945.0,
2200-03-28 12:00:00,4992.0,
2200-03-28 13:00:00,5022.0,
2200-03-28 14:00:00,5065.0,
2200-03-28 15:00:00,5118.0,
2200-03-28 16:00:00,5179.0,
2200-03-28 17:00:00,5287.0,
2200-03-28 18:00:00,5408.0,
2200-03-28 19:00:00,5556.0,
2200-03-28 20:00:00,5661.0,
2200-03-28 21:00:00,5732.0,
2200-03-28 22:00:00,5741.0,
2200-03-28 23:00:00,5711.0,
2200-03-29 00:00:00,5702.0,
2200-03-29 01:00:00,5679.0,
2200-03-29 02:00:00,5736.0,
2200-03-29 03:00:00,5880.0,
2200-03-29 04:00:00,6114.0,
2200-03-29 05:00:00,6441.0,
2200-03-29 06:00:00,6830.0,
2200-03-29 07:00:00,7268.0,
2200-03-29 08:00:00,7692.0,
2200-03-29 09:00:00,8113.0,
2200-03-29 10:00:00,8516.0,
2200-03-29 11:00:00,8854.0,
2200-03-29 12:00:00,9194.0,
2200-03-29 13:00:00,9473.0,
2200-03-29 14:00:00,9766.0,
2200-03-29 15:00:00,10013.0,
2200-03-29 16:00:00,10329.0,
2200-03-29 17:00:00,10614.0,
2200-03-29 18:00:00,10930.0,
2200-03-29 19:00:00,11312.0,
2200-03-29 20:00:00,11782.0,
2200-03-29 21:00:00,12293.0,
2200-03-29 22:00:00,12848.0,
2200-03-29 23:00:00,13322.0,
2200-03-30 00:00:00,13704.0,
2200-03-30 01:00:00,14059.0,
2200-03-30 02:00:00,14407.0,
2200-03-30 03:00:00,14763.0,
2200-03-30 04:00:00,15226.0,
2200-03-30 05:00:00,15680.0,
2200-03-30 06:00:00,16177.001,
2200-03-30 07:00:00,16573.0,
2200-03-30 08:00:00,16956.998,
2200-03-30 09:00:00,17251.0,
2200-03-30 10:00:00,17521.998,
2200-03-30 11:00:00,17731.998,
2200-03-30 12:00:00,17945.0,
2200-03-30 13:00:00,18012.0,
2200-03-30 14:00:00,18045.998,
2200-03-30 15:00:00,18039.0,
2200-03-30 16:00:00,17963.0,
2200-03-30 17:00:00,17924.998,
2200-03-30 18:00:00,17952.0,
2200-03-30 19:00:00,18050.0,
2200-03-30 20:00:00,18318.998,
2200-03-30 21:00:00,18720.0,
2200-03-30 22:00:00,19394.0,
2200-03-30 23:00:00,20102.0,
2200-03-31 00:00:00,20955.0,31082.45
2200-03-31 01:00:00,21880.0,31446.443
2200-03-31 02:00:00,22751.0,31400.43
2200-03-31 03:00:00,23549.0,32071.424
2200-03-31 04:00:00,24285.0,32417.322
2200-03-31 05:00:00,24939.0,32613.715
2200-03-31 06:00:00,25536.0,32581.098
2200-03-31 07:00:00,26036.0,32498.56
2200-03-31 08:00:00,26548.0,32429.92
2200-03-31 09:00:00,26939.0,32542.521
2200-03-31 10:00:00,27220.0,32780.92
2200-03-31 11:00:00,27513.0,32637.463
2200-03-31 12:00:00,27638.0,32689.627
2200-03-31 13:00:00,27750.0,32583.367
2200-03-31 14:00:00,27839.0,32881.52
2200-03-31 15:00:00,27883.0,33072.51
2200-03-31 16:00:00,27920.0,32679.91
2200-03-31 17:00:00,27875.0,32524.006
2200-03-31 18:00:00,27630.0,32644.27
2200-03-31 19:00:00,27419.0,32413.547
2200-03-31 20:00:00,27033.0,32292.035
2200-03-31 21:00:00,26595.0,32001.043
2200-03-31 22:00:00,26044.0,32007.113
2200-03-31 23:00:00,25435.0,31753.93
2200-04-01 00:00:00,24841.0,31407.08
2200-04-01 01:00:00,24133.0,31331.074
2200-04-01 02:00:00,23487.0,31117.66
2200-04-01 03:00:00,22861.0,31092.232
2200-04-01 04:00:00,22164.0,30910.697
2200-04-01 05:00:00,21523.0,30808.852
2200-04-01 06:00:00,20841.0,30714.162
2200-04-01 07:00:00,20203.0,30614.357
2200-04-01 08:00:00,19549.0,30382.436
2200-04-01 09:00:00,18929.0,30053.074
2200-04-01 10:00:00,18368.998,29969.53
2200-04-01 11:00:00,17833.998,29972.174
2200-04-01 12:00:00,17305.0,28724.13
2200-04-01 13:00:00,16852.998,29732.678
2200-04-01 14:00:00,16430.0,28386.713
2200-04-01 15:00:00,16036.001,29469.992
2200-04-01 16:00:00,15694.0,29875.83
2200-04-01 17:00:00,15385.0,29814.525
2200-04-01 18:00:00,15115.0,29851.633
2200-04-01 19:00:00,14910.0,29566.037
2200-04-01 20:00:00,14723.0,29100.955
2200-04-01 21:00:00,14590.0,27541.012
2200-04-01 22:00:00,14530.0,26082.697
2200-04-01 23:00:00,14498.0,24102.139
2200-04-02 00:00:00,14582.0,25629.086
2200-04-02 01:00:00,14902.0,25236.164
2200-04-02 02:00:00,15528.0,25454.0
2200-04-02 03:00:00,16365.0,27053.893
2200-04-02 04:00:00,17201.0,28990.855
2200-04-02 05:00:00,18208.0,30402.906
2200-04-02 06:00:00,19335.0,31397.996
2200-04-02 07:00:00,20554.0,31823.578
2200-04-02 08:00:00,21804.0,31940.28
2200-04-02 09:00:00,23132.0,31794.795
2200-04-02 10:00:00,24252.0,31363.93
2200-04-02 11:00:00,25364.0,31921.469
2200-04-02 12:00:00,26358.0,32604.79
2200-04-02 13:00:00,27243.0,33077.09
2200-04-02 14:00:00,27951.0,33390.93
2200-04-02 15:00:00,28620.0,32776.777
2200-04-02 16:00:00,29294.0,32540.898
2200-04-02 17:00:00,29817.0,32430.39
2200-04-02 18:00:00,30386.0,32042.363
2200-04-02 19:00:00,30700.002,31821.453
2200-04-02 20:00:00,31133.0,31546.54
2200-04-02 21:00:00,31343.002,31207.584
2200-04-02 22:00:00,31566.002,30918.53
2200-04-02 23:00:00,31712.0,30670.732
2200-04-03 00:00:00,31687.998,30302.04
2200-04-03 01:00:00,31735.998,29874.186
2200-04-03 02:00:00,31608.0,29604.635
2200-04-03 03:00:00,31425.002,29190.355
2200-04-03 04:00:00,31189.0,28897.352
2200-04-03 05:00:00,30799.0,28603.025
2200-04-03 06:00:00,30359.0,28163.562
2200-04-03 07:00:00,29853.002,27636.756
2200-04-03 08:00:00,29246.0,27036.393
2200-04-03 09:00:00,28600.0,26383.164
2200-04-03 10:00:00,27827.0,25689.123
2200-04-03 11:00:00,27122.0,25017.371
2200-04-03 12:00:00,26289.0,24692.574
2200-04-03 13:00:00,25429.0,23816.057
2200-04-03 14:00:00,24618.0,23113.508
2200-04-03 15:00:00,23796.0,22213.027
2200-04-03 16:00:00,23016.0,21830.088
2200-04-03 17:00:00,22244.0,21412.33
2200-04-03 18:00:00,21537.0,21061.232
2200-04-03 19:00:00,20833.0,20823.299
2200-04-03 20:00:00,20185.0,20726.17
2200-04-03 21:00:00,19554.0,20404.049
2200-04-03 22:00:00,18986.0,20166.814
2200-04-03 23:00:00,18433.998,20133.646
2200-04-04 00:00:00,17960.0,19834.016
2200-04-04 01:00:00,17447.0,19672.754
2200-04-04 02:00:00,17041.0,19564.777
2200-04-04 03:00:00,16618.0,19352.984
2200-04-04 04:00:00,16267.999,19233.459
2200-04-04 05:00:00,15927.0,19201.324
2200-04-04 06:00:00,15651.0,19017.557
2200-04-04 07:00:00,15361.0,18895.6
2200-04-04 08:00:00,15110.0,18785.154
2200-04-04 09:00:00,14839.0,18657.78
2200-04-04 10:00:00,14613.0,18404.857
2200-04-04 11:00:00,14392.0,18500.234
2200-04-04 12:00:00,14202.0,18358.486
2200-04-04 13:00:00,13945.0,17848.504
2200-04-04 14:00:00,13792.0,18287.084
2200-04-04 15:00:00,13567.0,17817.566
2200-04-04 16:00:00,13387.0,17878.71
2200-04-04 17:00:00,13214.0,17770.969
2200-04-04 18:00:00,13025.0,17613.742
2200-04-04 19:00:00,12880.0,17556.676
2200-04-04 20:00:00,12721.0,17381.56
2200-04-04 21:00:00,12600.0,17243.621
2200-04-04 22:00:00,12447.0,17040.883
2200-04-04 23:00:00,12307.0,16922.666
2200-04-05 00:00:00,12188.0,16752.588
2200-04-05 01:00:00,12037.0,16710.406
2200-04-05 02:00:00,11899.0,16674.393
2200-04-05 03:00:00,11791.0,16428.602
2200-04-05 04:00:00,11680.0,16357.391
2200-04-05 05:00:00,11505.0,16243.279
2200-04-05 06:00:00,11389.0,16117.3545
2200-04-05 07:00:00,11292.0,15952.439
2200-04-05 08:00:00,11191.0,15947.803
2200-04-05 09:00:00,11047.0,15787.328
2200-04-05 10:00:00,10932.0,15672.591
2200-04-05 11:00:00,10832.0,15881.57
2200-04-05 12:00:00,10725.0,15823.981
2200-04-05 13:00:00,10609.0,15793.331
2200-04-05 14:00:00,10504.0,15803.896
2200-04-05 15:00:00,10408.0,15345.023
2200-04-05 16:00:00,10310.999,15339.75
2200-04-05 17:00:00,10236.0,15216.982
2200-04-05 18:00:00,10125.0,15059.143
2200-04-05 19:00:00,10029.0,14929.635
2200-04-05 20:00:00,9908.0,14741.244
2200-04-05 21:00:00,9782.0,14481.293
2200-04-05 22:00:00,9622.0,14256.154
2200-04-05 23:00:00,9469.0,14013.942
2200-04-06 00:00:00,9363.0,13119.414
2200-04-06 01:00:00,9243.0,12782.993
2200-04-06 02:00:00,9134.999,12363.686
2200-04-06 03:00:00,9058.0,12122.162
2200-04-06 04:00:00,8952.0,11878.667
2200-04-06 05:00:00,8851.0,11712.027
2200-04-06 06:00:00,8758.0,11596.448
2200-04-06 07:00:00,8667.0,11364.1455
2200-04-06 08:00:00,8580.0,11194.182
2200-04-06 09:00:00,8478.0,11023.449
2200-04-06 10:00:00,8384.0,10882.214
2200-04-06 11:00:00,8301.0,10772.539
2200-04-06 12:00:00,8208.0,10620.313
2200-04-06 13:00:00,8127.0,10479.49
2200-04-06 14:00:00,8075.0,10953.555
2200-04-06 15:00:00,8000.0,10532.61
2200-04-06 16:00:00,7941.0,10531.688
2200-04-06 17:00:00,7857.0,10452.651
2200-04-06 18:00:00,7834.0,10274.563
2200-04-06 19:00:00,7789.0,10136.381
2200-04-06 20:00:00,7732.0,9975.818
2200-04-06 21:00:00,7653.0,9812.916
2200-04-06 22:00:00,7623.0,9622.035
2200-04-06 23:00:00,7576.0,9497.731
2200-04-07 00:00:00,7516.0,9259.638
2200-04-07 01:00:00,7473.0,9239.929
2200-04-07 02:00:00,7428.0,9117.376
2200-04-07 03:00:00,7364.0,9082.489
2200-04-07 04:00:00,7304.0,8955.486
2200-04-07 05:00:00,7266.0,8905.785
2200-04-07 06:00:00,7231.0,8909.268
2200-04-07 07:00:00,7181.0,8703.132
2200-04-07 08:00:00,7147.0,8590.055
2200-04-07 09:00:00,7118.0,8441.886
2200-04-07 10:00:00,7086.0,8772.26
2200-04-07 11:00:00,7045.0,8771.381
2200-04-07 12:00:00,7006.0,8808.0625
2200-04-07 13:00:00,6979.0,8898.261
2200-04-07 14:00:00,6945.0,8950.87
2200-04-07 15:00:00,6902.0,9071.231
2200-04-07 16:00:00,6864.0,8842.535
2200-04-07 17:00:00,6843.0,8709.334
2200-04-07 18:00:00,6807.0,8518.417
2200-04-07 19:00:00,6777.0,8378.753
2200-04-07 20:00:00,6739.0,8332.694
2200-04-07 21:00:00,6721.0,7966.743
2200-04-07 22:00:00,6701.0,7817.664
2200-04-07 23:00:00,6674.0,7757.3623
2200-04-08 00:00:00,6634.0,7697.8613
2200-04-08 01:00:00,6588.0,7411.092
2200-04-08 02:00:00,6559.0,7475.2246
2200-04-08 03:00:00,6534.0,7434.8486
2200-04-08 04:00:00,6515.0,7276.577
2200-04-08 05:00:00,6482.0,7355.3457
2200-04-08 06:00:00,6457.0,7260.9316
2200-04-08 07:00:00,6424.0,7297.916
2200-04-08 08:00:00,6403.0,7082.7275
2200-04-08 09:00:00,6367.0,7048.0703
2200-04-08 10:00:00,6335.0,7095.328
2200-04-08 11:00:00,6296.0,7251.534
2200-04-08 12:00:00,6283.0,7328.6533
2200-04-08 13:00:00,6271.0,7141.0254
2200-04-08 14:00:00,6228.0,7272.2383
2200-04-08 15:00:00,6206.0,7433.6094
2200-04-08 16:00:00,6175.0,7352.165
2200-04-08 17:00:00,6154.0,7324.209
2200-04-08 18:00:00,6118.0,7296.2314
2200-04-08 19:00:00,6106.0,7207.1406
2200-04-08 20:00:00,6052.0,7090.8086
2200-04-08 21:00:00,6001.0,6961.378
2200-04-08 22:00:00,5945.0,6806.4736
2200-04-08 23:00:00,5890.0,6636.1406
2200-04-09 00:00:00,5822.0,6422.0806
2200-04-09 01:00:00,5753.0,6310.7905
2200-04-09 02:00:00,5690.0,6190.7393
2200-04-09 03:00:00,5620.0,6093.2075
2200-04-09 04:00:00,5579.0,6029.0312
2200-04-09 05:00:00,5540.0,5965.037
2200-04-09 06:00:00,5496.0,5916.381
2200-04-09 07:00:00,5467.0,5879.365
2200-04-09 08:00:00,5413.0,5803.1787
2200-04-09 09:00:00,5382.0,5716.801
2200-04-09 10:00:00,5350.0,5653.634
2200-04-09 11:00:00,5307.0,5827.577
2200-04-09 12:00:00,5271.0,5806.872
2200-04-09 13:00:00,5243.0,6231.355
2200-04-09 14:00:00,5217.0,6358.9277
2200-04-09 15:00:00,5181.0,6229.8154
2200-04-09 16:00:00,5167.0,6099.7334
2200-04-09 17:00:00,5114.0,6081.9062
2200-04-09 18:00:00,5064.0,6014.881
2200-04-09 19:00:00,4974.0,5927.1187
2200-04-09 20:00:00,4869.0,5846.9736
2200-04-09 21:00:00,4780.0,5743.9463
2200-04-09 22:00:00,4703.0,5659.751
2200-04-09 23:00:00,4580.0,5568.581
2200-04-10 00:00:00,4458.0,5374.4653
2200-04-10 01:00:00,4335.0,5289.1367
2200-04-10 02:00:00,4239.0,5205.92
2200-04-10 03:00:00,4139.0,5126.596
2200-04-10 04:00:00,4078.0,4998.421
2200-04-10 05:00:00,4013.0,4895.634
2200-04-10 06:00:00,3964.0,4774.762
2200-04-10 07:00:00,3919.0,4667.422
2200-04-10 08:00:00,3868.0,4540.5444
2200-04-10 09:00:00,3841.0,3969.2556
2200-04-10 10:00:00,3799.0,3943.5146
2200-04-10 11:00:00,3770.0,4181.1826
2200-04-10 12:00:00,3744.0,4122.5684
2200-04-10 13:00:00,3707.0,4035.0322
2200-04-10 14:00:00,3674.0,4460.3184
2200-04-10 15:00:00,3620.0,4744.0376
2200-04-10 16:00:00,3581.0,4215.5107
2200-04-10 17:00:00,3561.0,4175.7715
2200-04-10 18:00:00,3533.0,4090.145
2200-04-10 19:00:00,3516.0,3964.3005
2200-04-10 20:00:00,3488.0,3864.192
2200-04-10 21:00:00,3460.0,3858.199
2200-04-10 22:00:00,3442.0,3853.8555
2200-04-10 23:00:00,3439.0,3811.1099
2200-04-11 00:00:00,3414.0,3718.1467
2200-04-11 01:00:00,3395.0,3650.668
2200-04-11 02:00:00,3376.0,3752.7314
2200-04-11 03:00:00,3359.0,3733.5654
2200-04-11 04:00:00,3341.0,3735.6147
2200-04-11 05:00:00,3325.0,3764.0557
2200-04-11 06:00:00,3305.0,3836.193
2200-04-11 07:00:00,3281.0,3821.645
2200-04-11 08:00:00,3279.0,3774.2488
2200-04-11 09:00:00,3259.0,4033.864
2200-04-11 10:00:00,3256.0,4235.6553
2200-04-11 11:00:00,3236.0,4297.222
2200-04-11 12:00:00,3225.0,4154.079
2200-04-11 13:00:00,3217.0,3956.9753
2200-04-11 14:00:00,3212.0,3854.279
2200-04-11 15:00:00,3218.0,3003.1602
2200-04-11 16:00:00,3210.0,3119.975
2200-04-11 17:00:00,3233.0,3445.2295
2200-04-11 18:00:00,3253.0,4034.5188
2200-04-11 19:00:00,3298.0,4139.4277
2200-04-11 20:00:00,3360.0,4025.8035
2200-04-11 21:00:00,3450.0,4163.1875
2200-04-11 22:00:00,3586.0,4288.322
2200-04-11 23:00:00,3777.0,4229.851
2200-04-12 00:00:00,3943.0,4319.9346
2200-04-12 01:00:00,4102.0,4284.2764
2200-04-12 02:00:00,4237.0,4589.325
2200-04-12 03:00:00,4342.0,4997.6777
2200-04-12 04:00:00,4433.0,5247.8125
2200-04-12 05:00:00,4525.0,5470.504
2200-04-12 06:00:00,4613.0,6013.8086
2200-04-12 07:00:00,4694.0,6234.907
2200-04-12 08:00:00,4797.0,6432.8496
2200-04-12 09:00:00,4942.0,6799.8516
2200-04-12 10:00:00,5113.0,6841.2373
2200-04-12 11:00:00,5270.0,7040.035
2200-04-12 12:00:00,5417.0,7574.503
2200-04-12 13:00:00,5583.0,8633.752
2200-04-12 14:00:00,5742.0,8816.284
2200-04-12 15:00:00,5930.0,9021.436
2200-04-12 16:00:00,6101.0,8700.983
2200-04-12 17:00:00,6265.0,8496.755
2200-04-12 18:00:00,6473.0,8430.194
2200-04-12 19:00:00,6681.0,8363.565
2200-04-12 20:00:00,6882.0,8322.165
2200-04-12 21:00:00,7028.0,8327.782
2200-04-12 22:00:00,7195.0,8491.082
2200-04-12 23:00:00,7373.0,8729.391
2200-04-13 00:00:00,7530.0,9075.486
2200-04-13 01:00:00,7586.0,9405.825
2200-04-13 02:00:00,7590.0,9717.006
2200-04-13 03:00:00,7519.0,9925.255
2200-04-13 04:00:00,7417.0,10122.206
2200-04-13 05:00:00,7374.0,11453.034
2200-04-13 06:00:00,7301.0,11528.747
2200-04-13 07:00:00,7237.0,11505.471
2200-04-13 08:00:00,7173.0,11497.878
2200-04-13 09:00:00,7113.0,11128.469
2200-04-13 10:00:00,7030.0,11001.671
2200-04-13 11:00:00,6947.0,11218.848
2200-04-13 12:00:00,6876.0,11385.553
2200-04-13 13:00:00,6792.0,10127.115
2200-04-13 14:00:00,6699.0,9592.469
2200-04-13 15:00:00,6623.0,9943.852
2200-04-13 16:00:00,6558.0,10345.54
2200-04-13 17:00:00,6514.0,11057.159
2200-04-13 18:00:00,6473.0,11291.836
2200-04-13 19:00:00,6418.0,10778.573
2200-04-13 20:00:00,6374.0,10475.192
2200-04-13 21:00:00,6334.0,11103.549
2200-04-13 22:00:00,6256.0,11091.402
2200-04-13 23:00:00,6183.0,10349.592
2200-04-14 00:00:00,6115.0,10264.03
2200-04-14 01:00:00,6029.0,11079.654
2200-04-14 02:00:00,5964.0,10640.489
2200-04-14 03:00:00,5901.0,10110.754
2200-04-14 04:00:00,5837.0,9883.649
2200-04-14 05:00:00,5783.0,9754.748
2200-04-14 06:00:00,5699.0,9338.462
2200-04-14 07:00:00,5637.0,9125.255
2200-04-14 08:00:00,5589.0,9657.332
2200-04-14 09:00:00,5504.0,10219.385
2200-04-14 10:00:00,5449.0,10473.316
2200-04-14 11:00:00,5418.0,10771.8
2200-04-14 12:00:00,5385.0,11361.995
2200-04-14 13:00:00,5369.0,11633.494
2200-04-14 14:00:00,5369.0,11623.224
2200-04-14 15:00:00,5446.0,11492.64
2200-04-14 16:00:00,5600.0,11798.336
2200-04-14 17:00:00,5834.0,12852.54
2200-04-14 18:00:00,6232.0,12886.2
2200-04-14 19:00:00,6870.0,13146.351
2200-04-14 20:00:00,7665.0,13392.659
2200-04-14 21:00:00,8493.0,13191.459
2200-04-14 22:00:00,9324.0,13765.525
2200-04-14 23:00:00,10176.0,14408.687
2200-04-15 00:00:00,11120.0,15565.209
2200-04-15 01:00:00,12056.0,15769.542
2200-04-15 02:00:00,12908.0,16030.989
2200-04-15 03:00:00,13738.0,15776.303
2200-04-15 04:00:00,14577.0,16559.402
2200-04-15 05:00:00,15351.0,17141.059
2200-04-15 06:00:00,16119.0,17784.191
2200-04-15 07:00:00,16806.0,18628.264
2200-04-15 08:00:00,17412.0,18792.152
2200-04-15 09:00:00,17887.0,18649.834
2200-04-15 10:00:00,18233.0,18761.97
2200-04-15 11:00:00,18571.0,18747.184
2200-04-15 12:00:00,18816.998,18725.002
2200-04-15 13:00:00,19138.0,18621.662
2200-04-15 14:00:00,19441.0,18564.486
2200-04-15 15:00:00,19734.0,18509.6
2200-04-15 16:00:00,19964.0,18721.809
2200-04-15 17:00:00,20182.0,18700.648
2200-04-15 18:00:00,20339.0,18694.604
2200-04-15 19:00:00,20438.0,18727.201
2200-04-15 20:00:00,20334.0,18606.676
2200-04-15 21:00:00,20294.0,18625.256
2200-04-15 22:00:00,20163.0,18628.432
2200-04-15 23:00:00,19985.0,18807.695
2200-04-16 00:00:00,19836.0,18322.469
2200-04-16 01:00:00,19660.0,18223.574
2200-04-16 02:00:00,19448.0,18070.014
2200-04-16 03:00:00,19186.0,17857.695
2200-04-16 04:00:00,18917.0,17624.93
2200-04-16 05:00:00,18658.998,17237.768
2200-04-16 06:00:00,18355.998,16814.373
2200-04-16 07:00:00,18088.0,16359.928
2200-04-16 08:00:00,17805.0,15915.887
2200-04-16 09:00:00,17573.998,15479.601
2200-04-16 10:00:00,17322.998,15100.844
2200-04-16 11:00:00,17136.0,14793.345
2200-04-16 12:00:00,16943.998,14812.83
2200-04-16 13:00:00,16763.0,14497.693
2200-04-16 14:00:00,16570.0,14008.426
2200-04-16 15:00:00,16400.0,13961.955
2200-04-16 16:00:00,16197.0,13594.649
2200-04-16 17:00:00,15999.0,13328.902
2200-04-16 18:00:00,15786.0,13082.8125
2200-04-16 19:00:00,15550.0,12758.413
2200-04-16 20:00:00,15344.0,12553.608
2200-04-16 21:00:00,15100.0,12341.421
2200-04-16 22:00:00,14861.0,12189.026
2200-04-16 23:00:00,14605.0,12057.518
2200-04-17 00:00:00,14344.0,12081.371
2200-04-17 01:00:00,14126.0,11841.649
2200-04-17 02:00:00,13911.0,11671.505
2200-04-17 03:00:00,13719.0,11563.683
2200-04-17 04:00:00,13563.0,11462.043
2200-04-17 05:00:00,13460.0,11407.336
2200-04-17 06:00:00,13326.0,11290.05
2200-04-17 07:00:00,13229.0,11117.701
2200-04-17 08:00:00,13091.0,10987.724
2200-04-17 09:00:00,12983.0,10971.531
2200-04-17 10:00:00,12882.0,11170.3545
2200-04-17 11:00:00,12712.0,11104.32
2200-04-17 12:00:00,12598.0,11022.81
2200-04-17 13:00:00,12432.0,10953.414
2200-04-17 14:00:00,12329.0,10986.817
2200-04-17 15:00:00,12193.0,10999.189
2200-04-17 16:00:00,12031.0,10551.433
2200-04-17 17:00:00,11926.0,10553.365
2200-04-17 18:00:00,11784.0,10308.191
2200-04-17 19:00:00,11652.0,10162.246
2200-04-17 20:00:00,11537.0,10007.471
2200-04-17 21:00:00,11419.0,9863.159
2200-04-17 22:00:00,11302.0,9708.248
2200-04-17 23:00:00,11181.0,9591.877
2200-04-18 00:00:00,11057.0,9451.914
2200-04-18 01:00:00,10920.0,9335.888
2200-04-18 02:00:00,10782.0,9209.346
2200-04-18 03:00:00,10655.0,9136.036
2200-04-18 04:00:00,10533.999,9003.454
2200-04-18 05:00:00,10388.0,8841.356
2200-04-18 06:00:00,10248.0,8783.085
2200-04-18 07:00:00,10114.999,8674.661
2200-04-18 08:00:00,9990.0,8593.564
2200-04-18 09:00:00,9860.0,8454.33
2200-04-18 10:00:00,9738.0,8348.673
2200-04-18 11:00:00,9639.0,8320.627
2200-04-18 12:00:00,9525.0,8315.666
2200-04-18 13:00:00,9419.0,8750.507
2200-04-18 14:00:00,9333.0,8849.72
2200-04-18 15:00:00,9240.999,8971.064
2200-04-18 16:00:00,9154.0,8529.329
2200-04-18 17:00:00,9063.0,8467.7295
2200-04-18 18:00:00,9010.0,8323.533
2200-04-18 19:00:00,8939.0,8168.078
2200-04-18 20:00:00,8865.0,8048.5713
2200-04-18 21:00:00,8784.0,7949.411
2200-04-18 22:00:00,8722.0,7779.503
2200-04-18 23:00:00,8665.0,7664.332
2200-04-19 00:00:00,8593.0,7523.124
2200-04-19 01:00:00,8535.0,7368.3506
2200-04-19 02:00:00,8476.0,7238.214
2200-04-19 03:00:00,8438.0,7138.1777
2200-04-19 04:00:00,8382.0,7015.4053
2200-04-19 05:00:00,8332.0,6911.877
2200-04-19 06:00:00,8280.0,6832.7344
2200-04-19 07:00:00,8246.0,6745.549
2200-04-19 08:00:00,8194.0,6673.3633
2200-04-19 09:00:00,8127.0,6569.74
2200-04-19 10:00:00,8057.0,6646.5117
2200-04-19 11:00:00,7984.0,7051.831
2200-04-19 12:00:00,7892.0,7072.7324
2200-04-19 13:00:00,7784.0,7130.677
2200-04-19 14:00:00,7703.0,7144.698
2200-04-19 15:00:00,7620.0,7239.162
2200-04-19 16:00:00,7563.0,6880.924
2200-04-19 17:00:00,7505.0,6725.832
2200-04-19 18:00:00,7449.0,6641.9424
2200-04-19 19:00:00,7397.0,6538.1533
2200-04-19 20:00:00,7347.0,6440.8447
2200-04-19 21:00:00,7312.0,6332.424
2200-04-19 22:00:00,7256.0,6226.7056
2200-04-19 23:00:00,7212.0,6068.29
2200-04-20 00:00:00,7174.0,6057.352
2200-04-20 01:00:00,7143.0,5945.983
2200-04-20 02:00:00,7096.0,5729.1523
2200-04-20 03:00:00,7048.0,5604.8335
2200-04-20 04:00:00,7004.0,5475.135
2200-04-20 05:00:00,6967.0,5304.862
2200-04-20 06:00:00,6924.0,5204.726
2200-04-20 07:00:00,6894.0,5071.763
2200-04-20 08:00:00,6860.0,4932.9346
2200-04-20 09:00:00,6831.0,4782.1763
2200-04-20 10:00:00,6805.0,5397.5635
2200-04-20 11:00:00,6769.0,4991.6562
2200-04-20 12:00:00,6724.0,4971.213
2200-04-20 13:00:00,6696.0,5413.793
2200-04-20 14:00:00,6657.0,5521.0547
2200-04-20 15:00:00,6619.0,5717.1904
2200-04-20 16:00:00,6587.0,5355.6455
2200-04-20 17:00:00,6556.0,5317.424
2200-04-20 18:00:00,6515.0,5249.1924
2200-04-20 19:00:00,6434.0,5109.7925
2200-04-20 20:00:00,6308.0,4954.0737
2200-04-20 21:00:00,6117.0,4721.489
2200-04-20 22:00:00,5929.0,4564.503
2200-04-20 23:00:00,5754.0,4406.2817
2200-04-21 00:00:00,5622.0,3523.865
2200-04-21 01:00:00,5509.0,3619.7705
2200-04-21 02:00:00,5436.0,3560.4707
2200-04-21 03:00:00,5351.0,3444.6482
2200-04-21 04:00:00,5294.0,3348.8835
2200-04-21 05:00:00,5236.0,3262.8672
2200-04-21 06:00:00,5189.0,3144.3281
2200-04-21 07:00:00,5122.0,3071.2458
2200-04-21 08:00:00,5062.0,3053.424
2200-04-21 09:00:00,4990.0,3017.1138
2200-04-21 10:00:00,4918.0,3630.9072
2200-04-21 11:00:00,4840.0,3415.063
2200-04-21 12:00:00,4774.0,3449.0479
2200-04-21 13:00:00,4705.0,3422.196
2200-04-21 14:00:00,4655.0,3332.6357
2200-04-21 15:00:00,4605.0,3299.1653
2200-04-21 16:00:00,4546.0,2728.1572
2200-04-21 17:00:00,4510.0,2735.275
2200-04-21 18:00:00,4466.0,2780.477
2200-04-21 19:00:00,4424.0,2691.9133
2200-04-21 20:00:00,4397.0,2735.148
2200-04-21 21:00:00,4367.0,2743.9136
2200-04-21 22:00:00,4330.0,2694.4077
2200-04-21 23:00:00,4300.0,2616.6453
2200-04-22 00:00:00,4264.0,2571.038
2200-04-22 01:00:00,4236.0,2581.8599
2200-04-22 02:00:00,4209.0,2517.373
2200-04-22 03:00:00,4175.0,2413.5342
2200-04-22 04:00:00,4145.0,2350.9539
2200-04-22 05:00:00,4119.0,2268.172
2200-04-22 06:00:00,4082.0,2210.3599
2200-04-22 07:00:00,4048.0,2174.8088
2200-04-22 08:00:00,4013.0,2128.3633
2200-04-22 09:00:00,3970.0,2040.57
2200-04-22 10:00:00,3929.0,1926.1741
2200-04-22 11:00:00,3889.0,1733.4531
2200-04-22 12:00:00,3855.0,1650.1262
2200-04-22 13:00:00,3821.0,1610.7166
2200-04-22 14:00:00,3785.0,1901.2606
2200-04-22 15:00:00,3748.0,2061.3328
2200-04-22 16:00:00,3718.0,2224.5188
2200-04-22 17:00:00,3693.0,2084.4033
2200-04-22 18:00:00,3661.0,2194.334
2200-04-22 19:00:00,3639.0,2150.3616
2200-04-22 20:00:00,3617.0,2187.845
2200-04-22 21:00:00,3593.0,2219.7017
2200-04-22 22:00:00,3573.0,2210.633
2200-04-22 23:00:00,3547.0,2167.9211
2200-04-23 00:00:00,3536.0,2476.8237
2200-04-23 01:00:00,3510.0,2480.9578
2200-04-23 02:00:00,3491.0,2473.2742
2200-04-23 03:00:00,3478.0,2534.0793
2200-04-23 04:00:00,3464.0,2491.7024
2200-04-23 05:00:00,3458.0,2351.6223
2200-04-23 06:00:00,3448.0,2413.8499
2200-04-23 07:00:00,3442.0,2355.7192
2200-04-23 08:00:00,3439.0,2275.7207
2200-04-23 09:00:00,3435.0,2411.706
2200-04-23 10:00:00,3433.0,2342.1113
2200-04-23 11:00:00,3432.0,2356.1287
2200-04-23 12:00:00,3434.0,2312.8872
2200-04-23 13:00:00,3430.0,2285.1904
2200-04-23 14:00:00,3423.0,2293.6523
2200-04-23 15:00:00,3419.0,2297.3203
2200-04-23 16:00:00,3412.0,2170.3665
2200-04-23 17:00:00,3418.0,2097.7568
2200-04-23 18:00:00,3433.0,1837.5771
2200-04-23 19:00:00,3461.0,1884.6113
2200-04-23 20:00:00,3483.0,2036.7853
2200-04-23 21:00:00,3517.0,2989.0098
2200-04-23 22:00:00,3554.0,2928.8374
2200-04-23 23:00:00,3591.0,2731.391
2200-04-24 00:00:00,3661.0,3165.5361
2200-04-24 01:00:00,3713.0,3404.453
2200-04-24 02:00:00,3759.0,3545.6501
2200-04-24 03:00:00,3793.0,3613.5166
2200-04-24 04:00:00,3819.0,3862.753
2200-04-24 05:00:00,3850.0,3656.5415
2200-04-24 06:00:00,3870.0,3650.0317
2200-04-24 07:00:00,3893.0,3633.5093
2200-04-24 08:00:00,3921.0,3589.7864
2200-04-24 09:00:00,3941.0,3623.4644
2200-04-24 10:00:00,3946.0,3618.7864
2200-04-24 11:00:00,3952.0,4256.6543
2200-04-24 12:00:00,3961.0,4474.971
2200-04-24 13:00:00,3977.0,4543.0605
2200-04-24 14:00:00,4031.0,5488.29
2200-04-24 15:00:00,4110.0,6119.8086
2200-04-24 16:00:00,4286.0,7167.286
2200-04-24 17:00:00,4606.0,6500.418
2200-04-24 18:00:00,5052.0,6748.1553
2200-04-24 19:00:00,5537.0,6520.501
2200-04-24 20:00:00,5965.0,7228.08
2200-04-24 21:00:00,6373.0,6972.448
2200-04-24 22:00:00,6809.0,6934.8447
2200-04-24 23:00:00,7247.0,7260.2314
2200-04-25 00:00:00,7664.0,7696.205
2200-04-25 01:00:00,8074.0,7883.0303
2200-04-25 02:00:00,8511.0,8102.5303
2200-04-25 03:00:00,8955.0,8264.4795
2200-04-25 04:00:00,9415.0,8440.743
2200-04-25 05:00:00,9792.0,8629.219
2200-04-25 06:00:00,10076.999,8871.623
2200-04-25 07:00:00,10248.0,9016.956
2200-04-25 08:00:00,10301.0,9107.44
2200-04-25 09:00:00,10308.0,9189.882
2200-04-25 10:00:00,10231.0,9159.065
2200-04-25 11:00:00,10120.0,9076.794
2200-04-25 12:00:00,9970.0,9260.018
2200-04-25 13:00:00,9792.0,9121.26
2200-04-25 14:00:00,9583.0,9194.874
2200-04-25 15:00:00,9352.0,9107.827
2200-04-25 16:00:00,9142.0,8563.194
2200-04-25 17:00:00,8928.0,8445.624
2200-04-25 18:00:00,8741.0,8394.616
2200-04-25 19:00:00,8561.0,8046.7793
2200-04-25 20:00:00,8415.0,7803.134
2200-04-25 21:00:00,8260.0,7506.715
2200-04-25 22:00:00,8094.0,7375.5146
2200-04-25 23:00:00,7934.0,6955.8984
2200-04-26 00:00:00,7807.0,6652.8096
2200-04-26 01:00:00,7649.0,6333.388
2200-04-26 02:00:00,7510.0,6163.7666
2200-04-26 03:00:00,7363.0,6031.1953
2200-04-26 04:00:00,7219.0,5925.2173
2200-04-26 05:00:00,7082.0,5672.8037
2200-04-26 06:00:00,6961.0,5599.802
2200-04-26 07:00:00,6841.0,5395.116
2200-04-26 08:00:00,6731.0,5331.9536
2200-04-26 09:00:00,6623.0,5175.738
2200-04-26 10:00:00,6534.0,5062.407
2200-04-26 11:00:00,6426.0,5013.7456
2200-04-26 12:00:00,6346.0,5147.0293
2200-04-26 13:00:00,6254.0,5292.6855
2200-04-26 14:00:00,6161.0,5035.2646
2200-04-26 15:00:00,6067.0,4826.323
2200-04-26 16:00:00,6000.0,4715.546
2200-04-26 17:00:00,5917.0,4616.584
2200-04-26 18:00:00,5853.0,4561.918
2200-04-26 19:00:00,5792.0,4492.272
2200-04-26 20:00:00,5730.0,4413.0063
2200-04-26 21:00:00,5674.0,4359.974
2200-04-26 22:00:00,5623.0,4352.5117
2200-04-26 23:00:00,5543.0,4283.457
2200-04-27 00:00:00,5498.0,4325.845
2200-04-27 01:00:00,5433.0,4300.244
2200-04-27 02:00:00,5364.0,4278.1943
2200-04-27 03:00:00,5314.0,4251.661
2200-04-27 04:00:00,5245.0,4144.9287
2200-04-27 05:00:00,5202.0,4085.4204
2200-04-27 06:00:00,5141.0,4052.1992
2200-04-27 07:00:00,5085.0,4039.0986
2200-04-27 08:00:00,5042.0,3995.7915
2200-04-27 09:00:00,4995.0,3991.2095
2200-04-27 10:00:00,4953.0,3913.2
2200-04-27 11:00:00,4900.0,3863.1758
2200-04-27 12:00:00,4855.0,3729.3213
2200-04-27 13:00:00,4803.0,3721.8196
2200-04-27 14:00:00,4766.0,4094.203
2200-04-27 15:00:00,4726.0,3611.8552
2200-04-27 16:00:00,4684.0,3568.934
2200-04-27 17:00:00,4642.0,3437.9973
2200-04-27 18:00:00,4610.0,3409.312
2200-04-27 19:00:00,4567.0,3361.588
2200-04-27 20:00:00,4523.0,3233.5405
2200-04-27 21:00:00,4504.0,3197.0337
2200-04-27 22:00:00,4468.0,3003.7595
2200-04-27 23:00:00,4437.0,3025.917
2200-04-28 00:00:00,4405.0,2982.9512
2200-04-28 01:00:00,4374.0,2926.773
2200-04-28 02:00:00,4346.0,2870.7808
2200-04-28 03:00:00,4310.0,2911.1497
2200-04-28 04:00:00,4286.0,2817.049
2200-04-28 05:00:00,4261.0,2766.224
2200-04-28 06:00:00,4231.0,2669.4722
2200-04-28 07:00:00,4201.0,2695.5642
2200-04-28 08:00:00,4174.0,2528.5908
2200-04-28 09:00:00,4149.0,2514.8208
2200-04-28 10:00:00,4119.0,2434.1455
2200-04-28 11:00:00,4090.0,2395.2993
2200-04-28 12:00:00,4056.0,2436.8384
2200-04-28 13:00:00,4032.0,2652.778
2200-04-28 14:00:00,3999.0,2391.2278
2200-04-28 15:00:00,3971.0,2215.62
2200-04-28 16:00:00,3942.0,2112.7737
2200-04-28 17:00:00,3918.0,2087.299
2200-04-28 18:00:00,3894.0,2013.5784
2200-04-28 19:00:00,3866.0,2017.9229
2200-04-28 20:00:00,3838.0,1906.9309
2200-04-28 21:00:00,3817.0,2000.7882
2200-04-28 22:00:00,3788.0,1889.6735
2200-04-28 23:00:00,3764.0,1897.3138
2200-04-29 00:00:00,3744.0,1977.7239
2200-04-29 01:00:00,3720.0,1759.6611
2200-04-29 02:00:00,3699.0,1801.2751
2200-04-29 03:00:00,3674.0,1740.2651
2200-04-29 04:00:00,3652.0,1732.3231
2200-04-29 05:00:00,3633.0,1742.7952
2200-04-29 06:00:00,3619.0,1693.5925
2200-04-29 07:00:00,3596.0,1732.5034
2200-04-29 08:00:00,3581.0,1735.4529
2200-04-29 09:00:00,3558.0,1685.9143
2200-04-29 10:00:00,3538.0,1658.9589
2200-04-29 11:00:00,3528.0,1667.9727
2200-04-29 12:00:00,3507.0,2194.406
2200-04-29 13:00:00,3487.0,2256.788
2200-04-29 14:00:00,3470.0,2462.067
2200-04-29 15:00:00,3458.0,2608.1362
2200-04-29 16:00:00,3442.0,2491.5906
2200-04-29 17:00:00,3441.0,2238.9233
2200-04-29 18:00:00,3478.0,2142.788
2200-04-29 19:00:00,3552.0,2115.0964
2200-04-29 20:00:00,3646.0,2021.5894
2200-04-29 21:00:00,3761.0,1893.8943
2200-04-29 22:00:00,3862.0,1875.5652
2200-04-29 23:00:00,3944.0,1937.105
2200-04-30 00:00:00,4007.0,2008.227
2200-04-30 01:00:00,4058.0,1900.6826
2200-04-30 02:00:00,4092.0,1893.641
2200-04-30 03:00:00,4111.0,1798.2954
2200-04-30 04:00:00,4121.0,1831.0367
2200-04-30 05:00:00,4132.0,1751.8838
2200-04-30 06:00:00,4136.0,1736.7561
2200-04-30 07:00:00,4148.0,1712.3044
2200-04-30 08:00:00,4161.0,1700.5397
2200-04-30 09:00:00,4177.0,1784.9683
2200-04-30 10:00:00,4197.0,1965.2439
2200-04-30 11:00:00,4224.0,2178.261
2200-04-30 12:00:00,4235.0,2556.329
2200-04-30 13:00:00,4254.0,2885.169
2200-04-30 14:00:00,4263.0,3148.0664
2200-04-30 15:00:00,4279.0,3345.7498
2200-04-30 16:00:00,4289.0,3244.4016
2200-04-30 17:00:00,4315.0,3203.374
2200-04-30 18:00:00,4364.0,3062.6252
2200-04-30 19:00:00,4419.0,2948.1108
2200-04-30 20:00:00,4473.0,2841.0269
2200-04-30 21:00:00,4505.0,2742.236
2200-04-30 22:00:00,4528.0,2675.932
2200-04-30 23:00:00,4550.0,2629.9343
2200-05-01 00:00:00,4556.0,2670.2295
2200-05-01 01:00:00,4564.0,2644.6296
2200-05-01 02:00:00,4568.0,2547.4753
2200-05-01 03:00:00,4577.0,2473.8071
2200-05-01 04:00:00,4583.0,2369.4634
2200-05-01 05:00:00,4575.0,2313.574
2200-05-01 06:00:00,4586.0,2251.2554
2200-05-01 07:00:00,4602.0,2170.8496
2200-05-01 08:00:00,4622.0,2101.2798
2200-05-01 09:00:00,4647.0,2093.8398
2200-05-01 10:00:00,4668.0,2392.3933
2200-05-01 11:00:00,4690.0,2586.4038
2200-05-01 12:00:00,4704.0,2763.9238
2200-05-01 13:00:00,4716.0,2914.6978
2200-05-01 14:00:00,4727.0,3062.2715
2200-05-01 15:00:00,4732.0,3136.336
2200-05-01 16:00:00,4733.0,3029.269
2200-05-01 17:00:00,4742.0,2913.8567
2200-05-01 18:00:00,4737.0,2808.841
2200-05-01 19:00:00,4739.0,2659.215
2200-05-01 20:00:00,4737.0,2498.1262
2200-05-01 21:00:00,4732.0,2368.4805
2200-05-01 22:00:00,4684.0,2261.9001
2200-05-01 23:00:00,4593.0,2127.6687
2200-05-02 00:00:00,4466.0,2064.7012
2200-05-02 01:00:00,4332.0,1931.7078
2200-05-02 02:00:00,4219.0,1773.6157
2200-05-02 03:00:00,4131.0,1633.4025
2200-05-02 04:00:00,4059.0,1523.604
2200-05-02 05:00:00,4007.0,1414.1488
2200-05-02 06:00:00,3953.0,1315.2108
2200-05-02 07:00:00,3897.0,1224.8231
2200-05-02 08:00:00,3838.0,1151.9612
2200-05-02 09:00:00,3768.0,1192.3398
2200-05-02 10:00:00,3695.0,1470.6525
2200-05-02 11:00:00,3631.0,1610.8984
2200-05-02 12:00:00,3571.0,1851.1353
2200-05-02 13:00:00,3518.0,2169.941
2200-05-02 14:00:00,3471.0,2404.298
2200-05-02 15:00:00,3421.0,2532.075
2200-05-02 16:00:00,3358.0,2289.509
2200-05-02 17:00:00,3249.0,2026.5598
2200-05-02 18:00:00,3133.0,1814.368
2200-05-02 19:00:00,3022.0,1689.7767
2200-05-02 20:00:00,2923.0,1506.3491
2200-05-02 21:00:00,2835.0,1365.4055
2200-05-02 22:00:00,2760.0,1276.8325
2200-05-02 23:00:00,2711.0,1178.2762
2200-05-03 00:00:00,2672.0,961.29565
2200-05-03 01:00:00,2627.0,911.406
2200-05-03 02:00:00,2594.0,882.46936
2200-05-03 03:00:00,2558.0,815.04504
2200-05-03 04:00:00,2532.0,788.7772
2200-05-03 05:00:00,2508.0,756.70776
2200-05-03 06:00:00,2485.0,742.8154
2200-05-03 07:00:00,2469.0,717.2417
2200-05-03 08:00:00,2446.0,724.969
2200-05-03 09:00:00,2422.0,739.05994
2200-05-03 10:00:00,2407.0,755.9603
2200-05-03 11:00:00,2394.0,869.4658
2200-05-03 12:00:00,2383.0,963.1227
2200-05-03 13:00:00,2372.0,962.3292
2200-05-03 14:00:00,2353.0,1186.5171
2200-05-03 15:00:00,2341.0,1168.474
2200-05-03 16:00:00,2340.0,870.28455
2200-05-03 17:00:00,2323.0,768.97217
2200-05-03 18:00:00,2314.0,725.6533
2200-05-03 19:00:00,2300.0,661.06104
2200-05-03 20:00:00,2294.0,627.844
2200-05-03 21:00:00,2292.0,642.0382
2200-05-03 22:00:00,2277.0,619.4426
2200-05-03 23:00:00,2269.0,587.38904
2200-05-04 00:00:00,2255.0,553.1775
2200-05-04 01:00:00,2246.0,517.6008
2200-05-04 02:00:00,2238.0,497.7025
2200-05-04 03:00:00,2232.0,483.68762
2200-05-04 04:00:00,2220.0,513.3761
2200-05-04 05:00:00,2213.0,503.5465
2200-05-04 06:00:00,2208.0,532.10986
2200-05-04 07:00:00,2198.0,593.2479
2200-05-04 08:00:00,2190.0,552.4387
2200-05-04 09:00:00,2173.0,549.71204
2200-05-04 10:00:00,2173.0,712.4413
2200-05-04 11:00:00,2157.0,998.6024
2200-05-04 12:00:00,2154.0,1244.7358
2200-05-04 13:00:00,2138.0,1641.649
2200-05-04 14:00:00,2128.0,1758.2927
2200-05-04 15:00:00,2122.0,1775.8774
2200-05-04 16:00:00,2111.0,1830.6522
2200-05-04 17:00:00,2108.0,1657.5967
2200-05-04 18:00:00,2101.0,1465.4374
2200-05-04 19:00:00,2084.0,1431.7521
2200-05-04 20:00:00,2077.0,1376.0072
2200-05-04 21:00:00,2073.0,1280.2551
2200-05-04 22:00:00,2063.0,1194.5503
2200-05-04 23:00:00,2056.0,1123.7407
2200-05-05 00:00:00,2054.0,914.04016
2200-05-05 01:00:00,2044.0,920.4098
2200-05-05 02:00:00,2035.0,896.4165
2200-05-05 03:00:00,2029.0,935.34875
2200-05-05 04:00:00,2021.0,940.8817
2200-05-05 05:00:00,2004.0,985.2577
2200-05-05 06:00:00,1996.0,1016.2417
2200-05-05 07:00:00,1996.0,1027.063
2200-05-05 08:00:00,1990.0,1018.32983
2200-05-05 09:00:00,1983.0,1005.82153
2200-05-05 10:00:00,1965.0,1240.1947
2200-05-05 11:00:00,1954.0,1457.4418
2200-05-05 12:00:00,1952.0,1605.7611
2200-05-05 13:00:00,1945.0,1691.511
2200-05-05 14:00:00,1939.0,1768.3586
2200-05-05 15:00:00,1933.0,1704.0234
2200-05-05 16:00:00,1927.0,1668.0818
2200-05-05 17:00:00,1923.0,1577.0479
2200-05-05 18:00:00,1905.0,1429.8441
2200-05-05 19:00:00,1908.0,1360.5206
2200-05-05 20:00:00,1903.0,1293.1042
2200-05-05 21:00:00,1894.0,1322.3403
2200-05-05 22:00:00,1892.0,1285.6691
2200-05-05 23:00:00,1886.0,1361.963
2200-05-06 00:00:00,1878.0,1352.8118
2200-05-06 01:00:00,1874.0,1406.0376
2200-05-06 02:00:00,1867.0,1415.8947
2200-05-06 03:00:00,1864.0,1501.5261
2200-05-06 04:00:00,1849.0,1573.4528
2200-05-06 05:00:00,1845.0,1586.7336
2200-05-06 06:00:00,1841.0,1655.1238
2200-05-06 07:00:00,1839.0,1736.6362
2200-05-06 08:00:00,1831.0,1700.9652
2200-05-06 09:00:00,1817.0,1748.8987
2200-05-06 10:00:00,1817.0,1990.8662
2200-05-06 11:00:00,1812.0,2116.4155
2200-05-06 12:00:00,1807.0,2189.8267
2200-05-06 13:00:00,1796.0,2206.3801
2200-05-06 14:00:00,1791.0,2164.1824
2200-05-06 15:00:00,1787.0,2084.5657
2200-05-06 16:00:00,1775.0,2001.0522
2200-05-06 17:00:00,1781.0,1822.4463
2200-05-06 18:00:00,1773.0,1786.1555
2200-05-06 19:00:00,1766.0,1754.4718
2200-05-06 20:00:00,1764.0,1668.8237
2200-05-06 21:00:00,1755.0,1683.8983
2200-05-06 22:00:00,1749.0,1695.1216
2200-05-06 23:00:00,1748.0,1699.5
2200-05-07 00:00:00,1741.0,1726.7832
2200-05-07 01:00:00,1734.0,1710.2966
2200-05-07 02:00:00,1733.0,1728.4341
2200-05-07 03:00:00,1724.0,1773.5916
2200-05-07 04:00:00,1720.0,1761.4883
2200-05-07 05:00:00,1716.0,1779.1912
2200-05-07 06:00:00,1706.0,1792.9518
2200-05-07 07:00:00,1707.0,1804.3722
2200-05-07 08:00:00,1698.0,1805.4357
2200-05-07 09:00:00,1699.0,1845.2637
2200-05-07 10:00:00,1687.0,2055.0723
2200-05-07 11:00:00,1687.0,2054.1418
2200-05-07 12:00:00,1681.0,2029.9381
2200-05-07 13:00:00,1674.0,1958.1318
2200-05-07 14:00:00,1670.0,1843.0671
2200-05-07 15:00:00,1660.0,1747.031
2200-05-07 16:00:00,1658.0,1619.373
2200-05-07 17:00:00,1658.0,1430.8527
2200-05-07 18:00:00,1652.0,1257.1393
2200-05-07 19:00:00,1650.0,1235.2543
2200-05-07 20:00:00,1647.0,1290.2244
2200-05-07 21:00:00,1636.0,1133.9642
2200-05-07 22:00:00,1632.0,1087.6586
2200-05-07 23:00:00,1629.0,1014.82214
2200-05-08 00:00:00,1619.0,1061.0645
2200-05-08 01:00:00,1622.0,1130.3896
2200-05-08 02:00:00,1614.0,1061.586
2200-05-08 03:00:00,1613.0,1085.812
2200-05-08 04:00:00,1607.0,1012.8479
2200-05-08 05:00:00,1606.0,1092.9197
2200-05-08 06:00:00,1590.0,1092.7919
2200-05-08 07:00:00,1589.0,1088.4103
2200-05-08 08:00:00,1586.0,1144.7556
2200-05-08 09:00:00,1580.0,1070.8633
2200-05-08 10:00:00,1574.0,1364.822
2200-05-08 11:00:00,1576.0,1469.7435
2200-05-08 12:00:00,1564.0,1459.4178
2200-05-08 13:00:00,1560.0,1512.1816
2200-05-08 14:00:00,1559.0,1502.4141
2200-05-08 15:00:00,1556.0,1573.559
2200-05-08 16:00:00,1551.0,1685.9548
2200-05-08 17:00:00,1546.0,1549.6382
2200-05-08 18:00:00,1540.0,1429.7275
2200-05-08 19:00:00,1537.0,1431.8577
2200-05-08 20:00:00,1534.0,1379.6698
2200-05-08 21:00:00,1532.0,1401.1367
2200-05-08 22:00:00,1524.0,1458.9194
2200-05-08 23:00:00,1517.0,1526.2416
2200-05-09 00:00:00,1516.0,1591.4349
2200-05-09 01:00:00,1510.0,1688.8826
2200-05-09 02:00:00,1510.0,1769.4404
2200-05-09 03:00:00,1508.0,1832.896
2200-05-09 04:00:00,1509.0,1884.8629
2200-05-09 05:00:00,1504.0,1948.9832
2200-05-09 06:00:00,1500.0,1983.128
2200-05-09 07:00:00,1494.0,2091.8325
2200-05-09 08:00:00,1490.0,2119.9683
2200-05-09 09:00:00,1490.0,2195.043
2200-05-09 10:00:00,1484.0,2383.8118
2200-05-09 11:00:00,1476.0,2448.5745
2200-05-09 12:00:00,1471.0,2399.786
2200-05-09 13:00:00,1466.0,2239.557
2200-05-09 14:00:00,1461.0,2141.498
2200-05-09 15:00:00,1455.0,2015.2433
2200-05-09 16:00:00,1454.0,1852.6042
2200-05-09 17:00:00,1445.0,1658.0662
2200-05-09 18:00:00,1447.0,1395.9108
2200-05-09 19:00:00,1437.0,1407.4603
2200-05-09 20:00:00,1433.0,1329.9181
2200-05-09 21:00:00,1431.0,1218.8827
2200-05-09 22:00:00,1428.0,1183.4591
2200-05-09 23:00:00,1418.0,1285.4277
2200-05-10 00:00:00,1421.0,1469.8984
2200-05-10 01:00:00,1411.0,1448.6942
2200-05-10 02:00:00,1411.0,1406.6514
2200-05-10 03:00:00,1409.0,1403.5577
2200-05-10 04:00:00,1407.0,1339.646
2200-05-10 05:00:00,1401.0,1317.764
2200-05-10 06:00:00,1402.0,1288.2585
2200-05-10 07:00:00,1394.0,1366.6108
2200-05-10 08:00:00,1389.0,1314.5071
2200-05-10 09:00:00,1391.0,1225.4316
2200-05-10 10:00:00,1391.0,1405.476
2200-05-10 11:00:00,1385.0,1377.9155
2200-05-10 12:00:00,1381.0,1399.8387
2200-05-10 13:00:00,1375.0,1179.4934
2200-05-10 14:00:00,1375.0,1082.5269
2200-05-10 15:00:00,1368.0,986.9397
2200-05-10 16:00:00,1365.0,975.2219
2200-05-10 17:00:00,1358.0,786.2623
2200-05-10 18:00:00,1359.0,644.7224
2200-05-10 19:00:00,1353.0,614.0741
2200-05-10 20:00:00,1349.0,680.6797
2200-05-10 21:00:00,1348.0,684.588
2200-05-10 22:00:00,1347.0,742.20703
2200-05-10 23:00:00,1339.0,877.18823
2200-05-11 00:00:00,1335.0,942.00745
2200-05-11 01:00:00,1336.0,980.0051
2200-05-11 02:00:00,1332.0,1079.8962
2200-05-11 03:00:00,1332.0,1157.3914
2200-05-11 04:00:00,1330.0,1257.1875
2200-05-11 05:00:00,1326.0,1219.0316
2200-05-11 06:00:00,1321.0,1319.4531
2200-05-11 07:00:00,1321.0,1389.8696
2200-05-11 08:00:00,1313.0,1420.7069
2200-05-11 09:00:00,1312.0,1483.1927
2200-05-11 10:00:00,1309.0,1477.2848
2200-05-11 11:00:00,1307.0,1391.181
2200-05-11 12:00:00,1302.0,1237.5306
2200-05-11 13:00:00,1302.0,1044.6049
2200-05-11 14:00:00,1296.0,863.5349
2200-05-11 15:00:00,1294.0,696.724
2200-05-11 16:00:00,1293.0,576.6721
2200-05-11 17:00:00,1291.0,578.47144
2200-05-11 18:00:00,1289.0,619.4198
2200-05-11 19:00:00,1289.0,585.73816
2200-05-11 20:00:00,1284.0,531.5842
2200-05-11 21:00:00,1279.0,666.9413
2200-05-11 22:00:00,1283.0,674.1891
2200-05-11 23:00:00,1280.0,773.7257
2200-05-12 00:00:00,1275.0,1067.2693
2200-05-12 01:00:00,1274.0,1134.5284
2200-05-12 02:00:00,1268.0,1141.1478
2200-05-12 03:00:00,1268.0,1244.5582
2200-05-12 04:00:00,1264.0,1380.2928
2200-05-12 05:00:00,1265.0,1455.9264
2200-05-12 06:00:00,1259.0,1482.724
2200-05-12 07:00:00,1256.0,1521.2666
2200-05-12 08:00:00,1255.0,1591.523
2200-05-12 09:00:00,1253.0,1577.7319
2200-05-12 10:00:00,1249.0,1720.1003
2200-05-12 11:00:00,1244.0,1637.2812
2200-05-12 12:00:00,1241.0,1537.301
2200-05-12 13:00:00,1239.0,1350.8125
2200-05-12 14:00:00,1236.0,1171.6755
2200-05-12 15:00:00,1236.0,1018.14404
2200-05-12 16:00:00,1235.0,1083.7577
2200-05-12 17:00:00,1232.0,798.38184
2200-05-12 18:00:00,1230.0,770.3519
2200-05-12 19:00:00,1225.0,847.7346
2200-05-12 20:00:00,1229.0,851.6698
2200-05-12 21:00:00,1223.0,887.36487
2200-05-12 22:00:00,1219.0,897.6156
2200-05-12 23:00:00,1220.0,1024.021
2200-05-13 00:00:00,1216.0,1133.1663
2200-05-13 01:00:00,1214.0,1232.2622
2200-05-13 02:00:00,1213.0,1264.1656
2200-05-13 03:00:00,1209.0,1306.0801
2200-05-13 04:00:00,1209.0,1369.5537
2200-05-13 05:00:00,1208.0,1381.384
2200-05-13 06:00:00,1204.0,1453.4506
2200-05-13 07:00:00,1204.0,1492.5317
2200-05-13 08:00:00,1200.0,1501.6333
2200-05-13 09:00:00,1201.0,1456.3165
2200-05-13 10:00:00,1197.0,1625.7905
2200-05-13 11:00:00,1191.0,1680.2261
2200-05-13 12:00:00,1188.0,1538.9114
2200-05-13 13:00:00,1185.0,1476.9019
2200-05-13 14:00:00,1175.0,1387.5522
2200-05-13 15:00:00,1176.0,1290.9719
2200-05-13 16:00:00,1173.0,1307.501
2200-05-13 17:00:00,1172.0,1074.8859
2200-05-13 18:00:00,1170.0,1023.98535
2200-05-13 19:00:00,1169.0,953.0757
2200-05-13 20:00:00,1168.0,971.95825
2200-05-13 21:00:00,1164.0,1078.2921
2200-05-13 22:00:00,1159.0,1107.3225
2200-05-13 23:00:00,1154.0,1162.2361
2200-05-14 00:00:00,1153.0,1250.975
2200-05-14 01:00:00,1155.0,1315.5316
2200-05-14 02:00:00,1152.0,1357.5323
2200-05-14 03:00:00,1146.0,1339.3075
2200-05-14 04:00:00,1146.0,1354.1266
2200-05-14 05:00:00,1146.0,1445.7239
2200-05-14 06:00:00,1141.0,1522.9939
2200-05-14 07:00:00,1144.0,1538.1487
2200-05-14 08:00:00,1139.0,1533.5249
2200-05-14 09:00:00,1138.0,1534.1135
2200-05-14 10:00:00,1138.0,1696.8632
2200-05-14 11:00:00,1133.0,1721.1798
2200-05-14 12:00:00,1132.0,1672.2859
2200-05-14 13:00:00,1130.0,1666.6624
2200-05-14 14:00:00,1128.0,1632.5576
2200-05-14 15:00:00,1127.0,1595.115
2200-05-14 16:00:00,1126.0,1503.5667
2200-05-14 17:00:00,1126.0,1267.5228
2200-05-14 18:00:00,1122.0,1157.7505
2200-05-14 19:00:00,1121.0,1123.6593
2200-05-14 20:00:00,1115.0,1107.2169
2200-05-14 21:00:00,1118.0,1082.2775
2200-05-14 22:00:00,1117.0,1164.2097
2200-05-14 23:00:00,1114.0,1183.626
2200-05-15 00:00:00,1111.0,1315.2031
2200-05-15 01:00:00,1111.0,1394.6681
2200-05-15 02:00:00,1112.0,1436.146
2200-05-15 03:00:00,1108.0,1481.0328
2200-05-15 04:00:00,1109.0,1497.8496
2200-05-15 05:00:00,1106.0,1494.8625
2200-05-15 06:00:00,1105.0,1500.8586
2200-05-15 07:00:00,1100.0,1515.0181
2200-05-15 08:00:00,1101.0,1536.9417
2200-05-15 09:00:00,1102.0,1603.792
2200-05-15 10:00:00,1096.0,1702.4728
2200-05-15 11:00:00,1096.0,1867.7262
2200-05-15 12:00:00,1096.0,1653.632
2200-05-15 13:00:00,1095.0,1742.5094
2200-05-15 14:00:00,1098.0,1546.158
2200-05-15 15:00:00,1096.0,1349.799
2200-05-15 16:00:00,1099.0,1152.894
2200-05-15 17:00:00,1098.0,1107.3552
2200-05-15 18:00:00,1099.0,1141.374
2200-05-15 19:00:00,1108.0,-23.920166
2200-05-15 20:00:00,1115.0,-160.29712
2200-05-15 21:00:00,1123.0,-22.391846
2200-05-15 22:00:00,1131.0,-344.54468
2200-05-15 23:00:00,1147.0,57.901123
2200-05-16 00:00:00,1166.0,145.82861
2200-05-16 01:00:00,1189.0,501.65186
2200-05-16 02:00:00,1218.0,296.81592
2200-05-16 03:00:00,1254.0,458.80884
2200-05-16 04:00:00,1279.0,394.91943
2200-05-16 05:00:00,1298.0,104.9812
2200-05-16 06:00:00,1318.0,647.7754
2200-05-16 07:00:00,1338.0,468.44067
2200-05-16 08:00:00,1351.0,703.83154
2200-05-16 09:00:00,1365.0,711.57776
2200-05-16 10:00:00,1386.0,924.36426
2200-05-16 11:00:00,1415.0,947.874
2200-05-16 12:00:00,1427.0,921.62683
2200-05-16 13:00:00,1442.0,911.53503
2200-05-16 14:00:00,1448.0,1077.3077
2200-05-16 15:00:00,1454.0,1076.8834
2200-05-16 16:00:00,1454.0,781.7788
2200-05-16 17:00:00,1459.0,635.2384
2200-05-16 18:00:00,1455.0,551.2284
2200-05-16 19:00:00,1465.0,492.3297
2200-05-16 20:00:00,1470.0,357.06763
2200-05-16 21:00:00,1474.0,312.114
2200-05-16 22:00:00,1482.0,270.8335
2200-05-16 23:00:00,1482.0,226.27124
2200-05-17 00:00:00,1487.0,261.95435
2200-05-17 01:00:00,1485.0,253.50122
2200-05-17 02:00:00,1489.0,216.12378
2200-05-17 03:00:00,1489.0,287.46533
2200-05-17 04:00:00,1490.0,302.31006
2200-05-17 05:00:00,1490.0,359.88525
2200-05-17 06:00:00,1493.0,394.68237
2200-05-17 07:00:00,1493.0,410.88867
2200-05-17 08:00:00,1487.0,449.34302
2200-05-17 09:00:00,1484.0,433.90454
2200-05-17 10:00:00,1484.0,327.08325
2200-05-17 11:00:00,1476.0,253.34521
2200-05-17 12:00:00,1469.0,157.9751
2200-05-17 13:00:00,1462.0,264.78125
2200-05-17 14:00:00,1461.0,311.04712
2200-05-17 15:00:00,1457.0,367.14185
2200-05-17 16:00:00,1458.0,428.10278
2200-05-17 17:00:00,1456.0,381.95215
2200-05-17 18:00:00,1452.0,383.99414
2200-05-17 19:00:00,1452.0,412.55762
2200-05-17 20:00:00,1449.0,368.22095
2200-05-17 21:00:00,1438.0,316.27295
2200-05-17 22:00:00,1435.0,387.48145
2200-05-17 23:00:00,1424.0,414.28442
2200-05-18 00:00:00,1420.0,434.958
2200-05-18 01:00:00,1418.0,481.3363
2200-05-18 02:00:00,1405.0,495.7605
2200-05-18 03:00:00,1398.0,486.9005
2200-05-18 04:00:00,1395.0,523.2258
2200-05-18 05:00:00,1392.0,538.97144
2200-05-18 06:00:00,1385.0,631.94934
2200-05-18 07:00:00,1375.0,570.3467
2200-05-18 08:00:00,1368.0,556.20764
2200-05-18 09:00:00,1362.0,622.9105
2200-05-18 10:00:00,1349.0,682.80835
2200-05-18 11:00:00,1344.0,678.7921
2200-05-18 12:00:00,1338.0,631.77563
2200-05-18 13:00:00,1331.0,651.81104
2200-05-18 14:00:00,1330.0,697.3839
2200-05-18 15:00:00,1324.0,297.86304
2200-05-18 16:00:00,1319.0,627.9894
2200-05-18 17:00:00,1318.0,739.50745
2200-05-18 18:00:00,1323.0,503.26367
2200-05-18 19:00:00,1330.0,51.715576
2200-05-18 20:00:00,1347.0,417.865
2200-05-18 21:00:00,1381.0,1420.0984
2200-05-18 22:00:00,1456.0,1739.4203
2200-05-18 23:00:00,1604.0,1991.9104
2200-05-19 00:00:00,1812.0,2199.9824
2200-05-19 01:00:00,2120.0,2761.7722
2200-05-19 02:00:00,2505.0,3096.8447
2200-05-19 03:00:00,2935.0,3394.75
2200-05-19 04:00:00,3352.0,3685.125
2200-05-19 05:00:00,3754.0,4070.3135
2200-05-19 06:00:00,4216.0,3962.166
2200-05-19 07:00:00,4737.0,4005.0552
2200-05-19 08:00:00,5259.0,4193.869
2200-05-19 09:00:00,5694.0,4439.9326
2200-05-19 10:00:00,6021.0,4881.0215
2200-05-19 11:00:00,6273.0,5393.02
2200-05-19 12:00:00,6497.0,5720.9473
2200-05-19 13:00:00,6705.0,5906.687
2200-05-19 14:00:00,6904.0,6003.074
2200-05-19 15:00:00,7016.0,6283.7607
2200-05-19 16:00:00,7064.0,6326.998
2200-05-19 17:00:00,7059.0,6504.417
2200-05-19 18:00:00,7034.0,6667.368
2200-05-19 19:00:00,6987.0,6816.0635
2200-05-19 20:00:00,6945.0,6947.249
2200-05-19 21:00:00,6921.0,6884.4424
2200-05-19 22:00:00,6865.0,6935.2803
2200-05-19 23:00:00,6780.0,6889.422
2200-05-20 00:00:00,6673.0,6847.2334
2200-05-20 01:00:00,6538.0,6774.1143
2200-05-20 02:00:00,6361.0,6759.627
2200-05-20 03:00:00,6169.0,6697.2217
2200-05-20 04:00:00,5974.0,6757.9316
2200-05-20 05:00:00,5786.0,6753.217
2200-05-20 06:00:00,5616.0,6747.092
2200-05-20 07:00:00,5453.0,6714.541
2200-05-20 08:00:00,5303.0,6661.8457
2200-05-20 09:00:00,5180.0,6622.997
2200-05-20 10:00:00,5071.0,7011.334
2200-05-20 11:00:00,4951.0,6989.9688
2200-05-20 12:00:00,4835.0,6856.6553
2200-05-20 13:00:00,4743.0,6839.7217
2200-05-20 14:00:00,4646.0,6893.5273
2200-05-20 15:00:00,4555.0,7005.342
2200-05-20 16:00:00,4458.0,7205.7314
2200-05-20 17:00:00,4368.0,6648.252
2200-05-20 18:00:00,4281.0,6489.8374
2200-05-20 19:00:00,4200.0,6168.527
2200-05-20 20:00:00,4122.0,6260.544
2200-05-20 21:00:00,4043.0,5879.132
2200-05-20 22:00:00,3976.0,5616.9673
2200-05-20 23:00:00,3902.0,5459.2896
2200-05-21 00:00:00,3830.0,5373.4717
2200-05-21 01:00:00,3757.0,5307.007
2200-05-21 02:00:00,3697.0,5182.9805
2200-05-21 03:00:00,3627.0,5017.7314
2200-05-21 04:00:00,3571.0,4864.0605
2200-05-21 05:00:00,3518.0,4766.984
2200-05-21 06:00:00,3461.0,4644.462
2200-05-21 07:00:00,3407.0,4504.8022
2200-05-21 08:00:00,3355.0,4405.3423
2200-05-21 09:00:00,3319.0,4354.072
2200-05-21 10:00:00,3266.0,4861.182
2200-05-21 11:00:00,3226.0,4866.6367
2200-05-21 12:00:00,3178.0,4855.1143
2200-05-21 13:00:00,3133.0,4760.0894
2200-05-21 14:00:00,3092.0,4786.342
2200-05-21 15:00:00,3056.0,4743.465
2200-05-21 16:00:00,3024.0,4725.415
2200-05-21 17:00:00,2990.0,4180.481
2200-05-21 18:00:00,2974.0,3955.6118
2200-05-21 19:00:00,2977.0,3755.192
2200-05-21 20:00:00,3024.0,3508.384
2200-05-21 21:00:00,3091.0,3356.8806
2200-05-21 22:00:00,3129.0,3176.2656
2200-05-21 23:00:00,3181.0,3141.6296
2200-05-22 00:00:00,3197.0,2923.8289
2200-05-22 01:00:00,3212.0,2788.2075
2200-05-22 02:00:00,3219.0,2665.0388
2200-05-22 03:00:00,3216.0,2562.0745
2200-05-22 04:00:00,3204.0,2465.4487
2200-05-22 05:00:00,3210.0,2265.2793
2200-05-22 06:00:00,3197.0,2974.0
2200-05-22 07:00:00,3193.0,2305.305
2200-05-22 08:00:00,3185.0,2183.4998
2200-05-22 09:00:00,3195.0,2276.2615
2200-05-22 10:00:00,3220.0,2885.0144
2200-05-22 11:00:00,3252.0,3050.5745
2200-05-22 12:00:00,3297.0,3281.078
2200-05-22 13:00:00,3346.0,4122.7637
2200-05-22 14:00:00,3392.0,3832.2593
2200-05-22 15:00:00,3421.0,4013.6982
2200-05-22 16:00:00,3447.0,3499.0386
2200-05-22 17:00:00,3452.0,3412.0515
2200-05-22 18:00:00,3451.0,3251.1768
2200-05-22 19:00:00,3451.0,3123.6106
2200-05-22 20:00:00,3446.0,2924.6077
2200-05-22 21:00:00,3437.0,2746.0967
2200-05-22 22:00:00,3424.0,2634.8762
2200-05-22 23:00:00,3410.0,2469.0308
2200-05-23 00:00:00,3383.0,2390.0237
2200-05-23 01:00:00,3363.0,2129.7163
2200-05-23 02:00:00,3347.0,1958.0348
2200-05-23 03:00:00,3332.0,1897.69
2200-05-23 04:00:00,3324.0,1823.9818
2200-05-23 05:00:00,3318.0,1738.4734
2200-05-23 06:00:00,3320.0,1751.948
2200-05-23 07:00:00,3301.0,1676.1433
2200-05-23 08:00:00,3301.0,1754.3376
2200-05-23 09:00:00,3289.0,2252.1492
2200-05-23 10:00:00,3284.0,2644.7278
2200-05-23 11:00:00,3286.0,2873.1514
2200-05-23 12:00:00,3277.0,3044.5923
2200-05-23 13:00:00,3271.0,3037.0745
2200-05-23 14:00:00,3259.0,3229.4917
2200-05-23 15:00:00,3240.0,3288.2295
2200-05-23 16:00:00,3209.0,3389.3005
2200-05-23 17:00:00,3161.0,3328.9817
2200-05-23 18:00:00,3095.0,3348.8887
2200-05-23 19:00:00,3043.0,3215.4321
2200-05-23 20:00:00,2996.0,3072.794
2200-05-23 21:00:00,2955.0,2936.6836
2200-05-23 22:00:00,2917.0,2856.254
2200-05-23 23:00:00,2883.0,2789.6157
2200-05-24 00:00:00,2840.0,2758.9294
2200-05-24 01:00:00,2813.0,2660.1616
2200-05-24 02:00:00,2784.0,2601.0115
2200-05-24 03:00:00,2760.0,2539.9194
2200-05-24 04:00:00,2750.0,2481.006
2200-05-24 05:00:00,2752.0,2441.808
2200-05-24 06:00:00,2774.0,2408.5637
2200-05-24 07:00:00,2821.0,2365.7817
2200-05-24 08:00:00,2875.0,2324.1614
2200-05-24 09:00:00,2937.0,2238.5464
2200-05-24 10:00:00,2986.0,2397.5667
2200-05-24 11:00:00,3024.0,2395.0618
2200-05-24 12:00:00,3047.0,2232.0344
2200-05-24 13:00:00,3076.0,2425.7585
2200-05-24 14:00:00,3094.0,2634.0835
2200-05-24 15:00:00,3107.0,2711.659
2200-05-24 16:00:00,3114.0,2854.8442
2200-05-24 17:00:00,3118.0,3024.8442
2200-05-24 18:00:00,3120.0,2988.403
2200-05-24 19:00:00,3121.0,2969.9692
2200-05-24 20:00:00,3124.0,2882.125
2200-05-24 21:00:00,3128.0,2770.1636
2200-05-24 22:00:00,3120.0,2669.8057
2200-05-24 23:00:00,3127.0,2593.1665
2200-05-25 00:00:00,3122.0,2648.8691
2200-05-25 01:00:00,3124.0,2705.6528
2200-05-25 02:00:00,3127.0,2639.0261
2200-05-25 03:00:00,3122.0,2605.5886
2200-05-25 04:00:00,3114.0,2580.5757
2200-05-25 05:00:00,3117.0,2593.154
2200-05-25 06:00:00,3117.0,2607.814
2200-05-25 07:00:00,3114.0,2628.5496
2200-05-25 08:00:00,3107.0,2626.499
2200-05-25 09:00:00,3103.0,2629.9504
2200-05-25 10:00:00,3094.0,2698.8025
2200-05-25 11:00:00,3095.0,2688.7864
2200-05-25 12:00:00,3089.0,2493.1433
2200-05-25 13:00:00,3073.0,2532.8887
2200-05-25 14:00:00,3062.0,2679.163
2200-05-25 15:00:00,3038.0,2723.831
2200-05-25 16:00:00,3015.0,2727.912
2200-05-25 17:00:00,2998.0,2901.338
2200-05-25 18:00:00,2980.0,2814.3743
2200-05-25 19:00:00,2963.0,2724.7197
2200-05-25 20:00:00,2949.0,2630.2324
2200-05-25 21:00:00,2936.0,2564.5327
2200-05-25 22:00:00,2933.0,2494.048
2200-05-25 23:00:00,2917.0,2444.8352
2200-05-26 00:00:00,2919.0,2591.8186
2200-05-26 01:00:00,2908.0,2621.4888
2200-05-26 02:00:00,2910.0,2621.0056
2200-05-26 03:00:00,2906.0,2605.5532
2200-05-26 04:00:00,2903.0,2579.3806
2200-05-26 05:00:00,2894.0,2561.324
2200-05-26 06:00:00,2881.0,2534.4082
2200-05-26 07:00:00,2864.0,2505.4133
2200-05-26 08:00:00,2844.0,2449.0417
2200-05-26 09:00:00,2811.0,2630.0217
2200-05-26 10:00:00,2759.0,2710.6074
2200-05-26 11:00:00,2708.0,2673.727
2200-05-26 12:00:00,2648.0,2640.5762
2200-05-26 13:00:00,2594.0,2506.5952
2200-05-26 14:00:00,2531.0,2505.985
2200-05-26 15:00:00,2492.0,2530.3447
2200-05-26 16:00:00,2456.0,2699.0332
2200-05-26 17:00:00,2421.0,2757.6155
2200-05-26 18:00:00,2392.0,2673.6887
2200-05-26 19:00:00,2377.0,2676.8406
2200-05-26 20:00:00,2356.0,2530.356
2200-05-26 21:00:00,2335.0,2433.9822
2200-05-26 22:00:00,2321.0,2322.913
2200-05-26 23:00:00,2301.0,2313.6096
2200-05-27 00:00:00,2288.0,2022.9677
2200-05-27 01:00:00,2278.0,1988.986
2200-05-27 02:00:00,2269.0,1950.7682
2200-05-27 03:00:00,2249.0,1871.5134
2200-05-27 04:00:00,2246.0,1879.4497
2200-05-27 05:00:00,2232.0,1941.7124
2200-05-27 06:00:00,2216.0,1896.688
2200-05-27 07:00:00,2206.0,1896.4834
2200-05-27 08:00:00,2183.0,1826.0892
2200-05-27 09:00:00,2168.0,2079.971
2200-05-27 10:00:00,2143.0,2022.4733
2200-05-27 11:00:00,2115.0,2174.1045
2200-05-27 12:00:00,2096.0,2224.687
2200-05-27 13:00:00,2074.0,2103.8418
2200-05-27 14:00:00,2061.0,1941.8419
2200-05-27 15:00:00,2048.0,2013.7319
2200-05-27 16:00:00,2028.0,2158.3672
2200-05-27 17:00:00,2017.0,2081.1423
2200-05-27 18:00:00,2010.0,2063.7058
2200-05-27 19:00:00,1994.0,2047.9436
2200-05-27 20:00:00,1990.0,2028.9141
2200-05-27 21:00:00,1981.0,1966.8904
2200-05-27 22:00:00,1969.0,2042.2157
2200-05-27 23:00:00,1957.0,2028.3748
2200-05-28 00:00:00,1954.0,1833.0505
2200-05-28 01:00:00,1947.0,1814.7349
2200-05-28 02:00:00,1933.0,1802.2921
2200-05-28 03:00:00,1938.0,1793.6075
2200-05-28 04:00:00,1914.0,1793.0403
2200-05-28 05:00:00,1915.0,1771.7856
2200-05-28 06:00:00,1903.0,1763.5057
2200-05-28 07:00:00,1893.0,1762.7649
2200-05-28 08:00:00,1892.0,1784.0796
2200-05-28 09:00:00,1887.0,1808.258
2200-05-28 10:00:00,1877.0,1856.54
2200-05-28 11:00:00,1865.0,1882.5778
2200-05-28 12:00:00,1869.0,1777.2526
2200-05-28 13:00:00,1853.0,1757.5071
2200-05-28 14:00:00,1851.0,1747.5194
2200-05-28 15:00:00,1849.0,1727.0396
2200-05-28 16:00:00,1838.0,1702.1785
2200-05-28 17:00:00,1833.0,1663.1023
2200-05-28 18:00:00,1827.0,1729.8724
2200-05-28 19:00:00,1823.0,1736.3693
2200-05-28 20:00:00,1811.0,1737.0234
2200-05-28 21:00:00,1815.0,1775.0168
2200-05-28 22:00:00,1810.0,1795.2399
2200-05-28 23:00:00,1801.0,1769.4701
2200-05-29 00:00:00,1798.0,1615.1511
2200-05-29 01:00:00,1791.0,1586.4563
2200-05-29 02:00:00,1779.0,1576.138
2200-05-29 03:00:00,1785.0,1600.1311
2200-05-29 04:00:00,1777.0,1561.4143
2200-05-29 05:00:00,1772.0,1548.8168
2200-05-29 06:00:00,1770.0,1547.8496
2200-05-29 07:00:00,1762.0,1553.2333
2200-05-29 08:00:00,1756.0,1530.1426
2200-05-29 09:00:00,1751.0,1559.8069
2200-05-29 10:00:00,1737.0,1573.5737
2200-05-29 11:00:00,1726.0,1570.2222
2200-05-29 12:00:00,1719.0,1523.8682
2200-05-29 13:00:00,1711.0,1431.9038
2200-05-29 14:00:00,1710.0,1386.8589
2200-05-29 15:00:00,1709.0,1471.1074
2200-05-29 16:00:00,1690.0,1408.738
2200-05-29 17:00:00,1687.0,1376.9445
2200-05-29 18:00:00,1680.0,1360.2548
2200-05-29 19:00:00,1672.0,1282.327
2200-05-29 20:00:00,1667.0,1337.6532
2200-05-29 21:00:00,1654.0,1319.7336
2200-05-29 22:00:00,1667.0,1197.1566
2200-05-29 23:00:00,1653.0,1286.6139
2200-05-30 00:00:00,1652.0,1253.9707
2200-05-30 01:00:00,1648.0,1284.9888
2200-05-30 02:00:00,1638.0,1341.4377
2200-05-30 03:00:00,1642.0,1378.1531
2200-05-30 04:00:00,1632.0,1426.9211
2200-05-30 05:00:00,1634.0,1408.0259
2200-05-30 06:00:00,1622.0,1425.8086
2200-05-30 07:00:00,1626.0,1444.2285
2200-05-30 08:00:00,1617.0,1528.5254
2200-05-30 09:00:00,1616.0,1646.0026
2200-05-30 10:00:00,1617.0,1642.082
2200-05-30 11:00:00,1610.0,1657.8037
2200-05-30 12:00:00,1607.0,1686.4263
2200-05-30 13:00:00,1588.0,1610.0217
2200-05-30 14:00:00,1599.0,1610.8491
2200-05-30 15:00:00,1588.0,1566.4355
2200-05-30 16:00:00,1590.0,1593.489
2200-05-30 17:00:00,1576.0,1395.3683
2200-05-30 18:00:00,1576.0,1284.7742
2200-05-30 19:00:00,1574.0,1283.3085
2200-05-30 20:00:00,1567.0,1266.9249
2200-05-30 21:00:00,1561.0,1277.0583
2200-05-30 22:00:00,1559.0,1281.8153
2200-05-30 23:00:00,1549.0,1312.2808
2200-05-31 00:00:00,1549.0,1299.0686
2200-05-31 01:00:00,1550.0,1328.8367
2200-05-31 02:00:00,1540.0,1368.8914
2200-05-31 03:00:00,1539.0,1405.4851
2200-05-31 04:00:00,1537.0,1439.4999
2200-05-31 05:00:00,1539.0,1507.022
2200-05-31 06:00:00,1527.0,1523.4292
2200-05-31 07:00:00,1529.0,1639.926
2200-05-31 08:00:00,1527.0,1692.9739
2200-05-31 09:00:00,1524.0,1624.2322
2200-05-31 10:00:00,1515.0,1872.877
2200-05-31 11:00:00,1508.0,1803.498
2200-05-31 12:00:00,1498.0,1593.3687
2200-05-31 13:00:00,1498.0,1720.0376
2200-05-31 14:00:00,1498.0,1465.8905
2200-05-31 15:00:00,1493.0,1400.0396
2200-05-31 16:00:00,1488.0,1369.6898
2200-05-31 17:00:00,1481.0,1100.6129
2200-05-31 18:00:00,1479.0,1083.1819
2200-05-31 19:00:00,1474.0,1168.6473
2200-05-31 20:00:00,1470.0,1222.5629
2200-05-31 21:00:00,1468.0,1195.7756
2200-05-31 22:00:00,1464.0,1270.9208
2200-05-31 23:00:00,1459.0,1267.9974
2200-06-01 00:00:00,1460.0,1148.9515
2200-06-01 01:00:00,1456.0,1180.052
2200-06-01 02:00:00,1451.0,1194.942
2200-06-01 03:00:00,1449.0,1244.7318
2200-06-01 04:00:00,1443.0,1313.258
2200-06-01 05:00:00,1442.0,1361.768
2200-06-01 06:00:00,1438.0,1414.5114
2200-06-01 07:00:00,1438.0,1473.6284
2200-06-01 08:00:00,1433.0,1530.7144
2200-06-01 09:00:00,1433.0,1674.5105
2200-06-01 10:00:00,1430.0,1680.2689
2200-06-01 11:00:00,1427.0,1709.4508
2200-06-01 12:00:00,1424.0,1551.301
2200-06-01 13:00:00,1421.0,1390.046
2200-06-01 14:00:00,1416.0,1143.3116
2200-06-01 15:00:00,1415.0,1129.1868
2200-06-01 16:00:00,1418.0,1255.4852
2200-06-01 17:00:00,1411.0,1378.3345
2200-06-01 18:00:00,1411.0,1126.5818
2200-06-01 19:00:00,1406.0,985.8463
2200-06-01 20:00:00,1401.0,1149.0071
2200-06-01 21:00:00,1401.0,1009.59595
2200-06-01 22:00:00,1395.0,1044.3372
2200-06-01 23:00:00,1395.0,1033.9585
2200-06-02 00:00:00,1393.0,949.3989
2200-06-02 01:00:00,1393.0,1003.5183
2200-06-02 02:00:00,1387.0,1071.7693
2200-06-02 03:00:00,1386.0,1149.9535
2200-06-02 04:00:00,1382.0,1173.1326
2200-06-02 05:00:00,1384.0,1220.9197
2200-06-02 06:00:00,1375.0,1256.7494
2200-06-02 07:00:00,1376.0,1401.288
2200-06-02 08:00:00,1378.0,1450.5084
2200-06-02 09:00:00,1375.0,1547.6189
2200-06-02 10:00:00,1366.0,1556.7134
2200-06-02 11:00:00,1361.0,1588.8303
2200-06-02 12:00:00,1356.0,1719.053
2200-06-02 13:00:00,1353.0,1361.0153
2200-06-02 14:00:00,1353.0,1603.3857
2200-06-02 15:00:00,1351.0,1547.0491
2200-06-02 16:00:00,1346.0,1608.3157
2200-06-02 17:00:00,1351.0,1783.7085
2200-06-02 18:00:00,1351.0,1498.9354
2200-06-02 19:00:00,1338.0,1463.2552
2200-06-02 20:00:00,1342.0,1429.8158
2200-06-02 21:00:00,1337.0,1409.9644
2200-06-02 22:00:00,1335.0,1414.7648
2200-06-02 23:00:00,1332.0,1420.7035
2200-06-03 00:00:00,1331.0,1410.5858
2200-06-03 01:00:00,1329.0,1449.6104
2200-06-03 02:00:00,1325.0,1473.1742
2200-06-03 03:00:00,1320.0,1453.4529
2200-06-03 04:00:00,1320.0,1434.1943
2200-06-03 05:00:00,1321.0,1465.8876
2200-06-03 06:00:00,1314.0,1480.6722
2200-06-03 07:00:00,1313.0,1461.5803
2200-06-03 08:00:00,1313.0,1554.1232
2200-06-03 09:00:00,1312.0,1694.3003
2200-06-03 10:00:00,1309.0,1716.2643
2200-06-03 11:00:00,1306.0,1772.6475
2200-06-03 12:00:00,1303.0,1823.5857
2200-06-03 13:00:00,1302.0,1824.3018
2200-06-03 14:00:00,1300.0,1671.7915
2200-06-03 15:00:00,1295.0,1617.6165
2200-06-03 16:00:00,1294.0,1627.4182
2200-06-03 17:00:00,1294.0,1479.6584
2200-06-03 18:00:00,1292.0,1339.106
2200-06-03 19:00:00,1288.0,1461.3911
2200-06-03 20:00:00,1296.0,1346.8693
2200-06-03 21:00:00,1302.0,1359.8646
2200-06-03 22:00:00,1302.0,1466.7798
2200-06-03 23:00:00,1300.0,1532.7667
2200-06-04 00:00:00,1296.0,1461.2213
2200-06-04 01:00:00,1302.0,1490.2258
2200-06-04 02:00:00,1305.0,1516.0112
2200-06-04 03:00:00,1309.0,1624.801
2200-06-04 04:00:00,1310.0,1670.5564
2200-06-04 05:00:00,1313.0,1738.1924
2200-06-04 06:00:00,1320.0,1795.293
2200-06-04 07:00:00,1325.0,1813.3975
2200-06-04 08:00:00,1325.0,1834.4658
2200-06-04 09:00:00,1321.0,1951.6182
2200-06-04 10:00:00,1313.0,2034.3937
2200-06-04 11:00:00,1307.0,2067.6655
2200-06-04 12:00:00,1296.0,1980.9937
2200-06-04 13:00:00,1291.0,1764.0623
2200-06-04 14:00:00,1284.0,1714.2228
2200-06-04 15:00:00,1278.0,1555.0037
2200-06-04 16:00:00,1275.0,1500.1193
2200-06-04 17:00:00,1267.0,1612.6338
2200-06-04 18:00:00,1257.0,1334.3374
2200-06-04 19:00:00,1251.0,1329.7565
2200-06-04 20:00:00,1249.0,1302.2865
2200-06-04 21:00:00,1243.0,1284.9491
2200-06-04 22:00:00,1232.0,1305.7915
2200-06-04 23:00:00,1232.0,1415.6189
2200-06-05 00:00:00,1230.0,1654.136
2200-06-05 01:00:00,1222.0,1677.4038
2200-06-05 02:00:00,1221.0,1691.8796
2200-06-05 03:00:00,1216.0,1754.0327
2200-06-05 04:00:00,1212.0,1769.3484
2200-06-05 05:00:00,1210.0,1768.8066
2200-06-05 06:00:00,1207.0,1774.5375
2200-06-05 07:00:00,1203.0,1777.3218
2200-06-05 08:00:00,1201.0,1836.4282
2200-06-05 09:00:00,1199.0,1819.576
2200-06-05 10:00:00,1193.0,2056.8772
2200-06-05 11:00:00,1183.0,2066.453
2200-06-05 12:00:00,1178.0,2129.5957
2200-06-05 13:00:00,1165.0,2101.812
2200-06-05 14:00:00,1156.0,1941.7511
2200-06-05 15:00:00,1149.0,1921.8562
2200-06-05 16:00:00,1143.0,1819.302
2200-06-05 17:00:00,1137.0,1842.8315
2200-06-05 18:00:00,1125.0,1656.1187
2200-06-05 19:00:00,1119.0,1640.7891
2200-06-05 20:00:00,1111.0,1624.7853
2200-06-05 21:00:00,1108.0,1498.3098
2200-06-05 22:00:00,1102.0,1486.4731
2200-06-05 23:00:00,1098.0,1471.4452
2200-06-06 00:00:00,1091.0,1216.1744
2200-06-06 01:00:00,1088.0,1232.2687
2200-06-06 02:00:00,1087.0,1240.4685
2200-06-06 03:00:00,1081.0,1262.7405
2200-06-06 04:00:00,1076.0,1279.9846
2200-06-06 05:00:00,1075.0,1310.7659
2200-06-06 06:00:00,1073.0,1339.0424
2200-06-06 07:00:00,1065.0,1370.2867
2200-06-06 08:00:00,1066.0,1427.109
2200-06-06 09:00:00,1062.0,1604.8977
2200-06-06 10:00:00,1059.0,1625.5613
2200-06-06 11:00:00,1054.0,1636.4374
2200-06-06 12:00:00,1051.0,1719.0442
2200-06-06 13:00:00,1043.0,1770.0905
2200-06-06 14:00:00,1042.0,1634.8684
2200-06-06 15:00:00,1040.0,1454.8597
2200-06-06 16:00:00,1039.0,1362.2825
2200-06-06 17:00:00,1034.0,1433.6267
2200-06-06 18:00:00,1032.0,1322.8204
2200-06-06 19:00:00,1028.0,1285.132
2200-06-06 20:00:00,1027.0,1216.6073
2200-06-06 21:00:00,1024.0,1131.5117
2200-06-06 22:00:00,1021.0,1111.086
2200-06-06 23:00:00,1019.0,1072.375
2200-06-07 00:00:00,1019.0,885.5592
2200-06-07 01:00:00,1015.0,842.61633
2200-06-07 02:00:00,1013.0,877.2075
2200-06-07 03:00:00,1010.0,855.1046
2200-06-07 04:00:00,1006.0,927.9767
2200-06-07 05:00:00,1004.0,964.3524
2200-06-07 06:00:00,1002.0,971.3085
2200-06-07 07:00:00,999.0,1059.7589
2200-06-07 08:00:00,994.0,1236.868
2200-06-07 09:00:00,995.0,1425.1063
2200-06-07 10:00:00,992.0,1454.6926
2200-06-07 11:00:00,990.0,1397.4418
2200-06-07 12:00:00,988.0,1484.5286
2200-06-07 13:00:00,986.0,1400.0945
2200-06-07 14:00:00,980.0,1307.7491
2200-06-07 15:00:00,976.0,1198.2852
2200-06-07 16:00:00,976.0,1153.4551
2200-06-07 17:00:00,973.0,1043.488
2200-06-07 18:00:00,972.0,948.3573
2200-06-07 19:00:00,972.0,942.3645
2200-06-07 20:00:00,969.0,910.5995
2200-06-07 21:00:00,968.0,859.44617
2200-06-07 22:00:00,963.0,805.6221
2200-06-07 23:00:00,960.0,781.94617
2200-06-08 00:00:00,958.0,585.8938
2200-06-08 01:00:00,958.0,580.65137
2200-06-08 02:00:00,957.0,589.83997
2200-06-08 03:00:00,955.0,617.9127
2200-06-08 04:00:00,958.0,668.9396
2200-06-08 05:00:00,956.0,717.13525
2200-06-08 06:00:00,951.0,781.605
2200-06-08 07:00:00,954.0,847.2516
2200-06-08 08:00:00,949.0,938.8949
2200-06-08 09:00:00,949.0,1072.5618
2200-06-08 10:00:00,948.0,886.4513
2200-06-08 11:00:00,945.0,929.78076
2200-06-08 12:00:00,945.0,1186.9202
2200-06-08 13:00:00,946.0,1197.3718
2200-06-08 14:00:00,946.0,1216.7015
2200-06-08 15:00:00,945.0,1117.47
2200-06-08 16:00:00,942.0,1118.4646
2200-06-08 17:00:00,942.0,984.59106
2200-06-08 18:00:00,941.0,894.0513
2200-06-08 19:00:00,939.0,902.57263
2200-06-08 20:00:00,938.0,869.42725
2200-06-08 21:00:00,934.0,853.53906
2200-06-08 22:00:00,933.0,766.5244
2200-06-08 23:00:00,931.0,785.4043
2200-06-09 00:00:00,930.0,665.9059
2200-06-09 01:00:00,930.0,635.9802
2200-06-09 02:00:00,929.0,630.10425
2200-06-09 03:00:00,928.0,656.3281
2200-06-09 04:00:00,926.0,691.4938
2200-06-09 05:00:00,926.0,759.2805
2200-06-09 06:00:00,925.0,814.839
2200-06-09 07:00:00,922.0,875.9934
2200-06-09 08:00:00,920.0,951.25806
2200-06-09 09:00:00,921.0,1108.8105
2200-06-09 10:00:00,921.0,935.9636
2200-06-09 11:00:00,918.0,934.0311
2200-06-09 12:00:00,919.0,913.1604
2200-06-09 13:00:00,918.0,917.09717
2200-06-09 14:00:00,917.0,1011.1128
2200-06-09 15:00:00,917.0,1049.2078
2200-06-09 16:00:00,917.0,1179.8765
2200-06-09 17:00:00,913.0,1076.0631
2200-06-09 18:00:00,913.0,911.41284
2200-06-09 19:00:00,911.0,901.91077
2200-06-09 20:00:00,910.0,765.81396
2200-06-09 21:00:00,908.0,783.1892
2200-06-09 22:00:00,906.0,694.167
2200-06-09 23:00:00,907.0,666.729
2200-06-10 00:00:00,904.0,612.8563
2200-06-10 01:00:00,903.0,603.4751
2200-06-10 02:00:00,903.0,610.9861
2200-06-10 03:00:00,902.0,666.91455
2200-06-10 04:00:00,902.0,489.62256
2200-06-10 05:00:00,902.0,440.16968
2200-06-10 06:00:00,901.0,253.86768
2200-06-10 07:00:00,899.0,-39.73828
2200-06-10 08:00:00,899.0,313.1245
2200-06-10 09:00:00,899.0,-454.1526
2200-06-10 10:00:00,899.0,-499.13965
2200-06-10 11:00:00,895.0,-246.58838
2200-06-10 12:00:00,897.0,125.58276
2200-06-10 13:00:00,892.0,127.3667
2200-06-10 14:00:00,890.0,-94.948975
2200-06-10 15:00:00,894.0,-159.15112
2200-06-10 16:00:00,892.0,-10.934326
2200-06-10 17:00:00,889.0,71.87793
2200-06-10 18:00:00,890.0,172.62329
2200-06-10 19:00:00,889.0,291.19214
2200-06-10 20:00:00,889.0,416.9016
2200-06-10 21:00:00,888.0,445.35864
2200-06-10 22:00:00,886.0,494.71216
2200-06-10 23:00:00,886.0,578.2788
2200-06-11 00:00:00,884.0,683.66406
2200-06-11 01:00:00,885.0,780.22925
2200-06-11 02:00:00,884.0,873.7168
2200-06-11 03:00:00,882.0,1001.0178
2200-06-11 04:00:00,883.0,1069.4106
2200-06-11 05:00:00,884.0,1164.2947
2200-06-11 06:00:00,883.0,591.13074
2200-06-11 07:00:00,884.0,744.9335
2200-06-11 08:00:00,883.0,674.4956
2200-06-11 09:00:00,880.0,845.28
2200-06-11 10:00:00,880.0,598.60815
2200-06-11 11:00:00,877.0,640.4729
2200-06-11 12:00:00,877.0,767.5089
2200-06-11 13:00:00,878.0,-58.770996
2200-06-11 14:00:00,879.0,129.48633
2200-06-11 15:00:00,880.0,517.2991
2200-06-11 16:00:00,877.0,698.89685
2200-06-11 17:00:00,878.0,702.2457
2200-06-11 18:00:00,877.0,647.80774
2200-06-11 19:00:00,874.0,666.703
2200-06-11 20:00:00,875.0,623.77527
2200-06-11 21:00:00,875.0,691.20667
2200-06-11 22:00:00,875.0,674.6327
2200-06-11 23:00:00,870.0,779.8738
2200-06-12 00:00:00,872.0,793.96277
2200-06-12 01:00:00,872.0,837.10913
2200-06-12 02:00:00,869.0,883.7489
2200-06-12 03:00:00,869.0,931.85095
2200-06-12 04:00:00,868.0,1012.9795
2200-06-12 05:00:00,866.0,1010.79834
2200-06-12 06:00:00,867.0,1012.11
2200-06-12 07:00:00,866.0,987.8076
2200-06-12 08:00:00,867.0,957.9856
2200-06-12 09:00:00,867.0,896.2136
2200-06-12 10:00:00,865.0,685.15063
2200-06-12 11:00:00,864.0,631.95325
2200-06-12 12:00:00,862.0,653.1924
2200-06-12 13:00:00,861.0,840.77563
2200-06-12 14:00:00,862.0,1073.652
2200-06-12 15:00:00,858.0,816.78455
2200-06-12 16:00:00,861.0,717.8445
2200-06-12 17:00:00,861.0,739.3318
2200-06-12 18:00:00,857.0,690.5703
2200-06-12 19:00:00,857.0,640.2046
2200-06-12 20:00:00,859.0,825.6106
2200-06-12 21:00:00,858.0,838.96875
2200-06-12 22:00:00,856.0,868.36255
2200-06-12 23:00:00,855.0,811.5272
2200-06-13 00:00:00,853.0,879.1172
2200-06-13 01:00:00,855.0,818.3364
2200-06-13 02:00:00,854.0,824.9204
2200-06-13 03:00:00,855.0,795.4387
2200-06-13 04:00:00,854.0,826.8296
2200-06-13 05:00:00,856.0,860.56274
2200-06-13 06:00:00,854.0,956.6223
2200-06-13 07:00:00,852.0,980.53467
2200-06-13 08:00:00,852.0,1073.635
2200-06-13 09:00:00,853.0,1151.4165
2200-06-13 10:00:00,852.0,1242.3374
2200-06-13 11:00:00,851.0,1257.1803
2200-06-13 12:00:00,849.0,549.13
2200-06-13 13:00:00,849.0,499.76306
2200-06-13 14:00:00,848.0,670.10425
2200-06-13 15:00:00,849.0,846.4214
2200-06-13 16:00:00,849.0,73.21704
2200-06-13 17:00:00,849.0,212.16064
2200-06-13 18:00:00,850.0,1463.9135
2200-06-13 19:00:00,847.0,1286.2145
2200-06-13 20:00:00,855.0,2042.2494
2200-06-13 21:00:00,865.0,2257.659
2200-06-13 22:00:00,874.0,3783.7656
2200-06-13 23:00:00,890.0,3422.604
2200-06-14 00:00:00,914.0,3021.46
2200-06-14 01:00:00,955.0,3012.4058
2200-06-14 02:00:00,1021.0,2749.6196
2200-06-14 03:00:00,1121.0,2948.609
2200-06-14 04:00:00,1285.0,2732.5225
2200-06-14 05:00:00,1534.0,2165.364
2200-06-14 06:00:00,1754.0,2069.1604
2200-06-14 07:00:00,1892.0,1981.6584
2200-06-14 08:00:00,2008.0,1889.1246
2200-06-14 09:00:00,2219.0,1697.0153
2200-06-14 10:00:00,2437.0,1640.0071
2200-06-14 11:00:00,2572.0,1818.5286
2200-06-14 12:00:00,2611.0,1899.1243
2200-06-14 13:00:00,2590.0,2070.1572
2200-06-14 14:00:00,2609.0,531.4707
2200-06-14 15:00:00,2662.0,343.85596
2200-06-14 16:00:00,2753.0,902.08386
2200-06-14 17:00:00,2838.0,1266.3622
2200-06-14 18:00:00,2883.0,1786.919
2200-06-14 19:00:00,2891.0,2087.11
2200-06-14 20:00:00,2866.0,2906.633
2200-06-14 21:00:00,2829.0,3395.92
2200-06-14 22:00:00,2827.0,3509.6611
2200-06-14 23:00:00,2893.0,3841.746
2200-06-15 00:00:00,3062.0,3987.1768
2200-06-15 01:00:00,3374.0,4238.492
2200-06-15 02:00:00,3785.0,4731.101
2200-06-15 03:00:00,4368.0,4827.4077
2200-06-15 04:00:00,5224.0,5299.909
2200-06-15 05:00:00,6305.0,6386.632
2200-06-15 06:00:00,7546.0,7829.5625
2200-06-15 07:00:00,8905.0,9160.794
2200-06-15 08:00:00,10307.0,10353.694
2200-06-15 09:00:00,11836.0,11288.761
2200-06-15 10:00:00,13442.0,12297.434
2200-06-15 11:00:00,14982.0,12758.07
2200-06-15 12:00:00,16310.0,13106.036
2200-06-15 13:00:00,17413.0,13368.467
2200-06-15 14:00:00,18348.0,13823.439
2200-06-15 15:00:00,19109.0,14340.999
2200-06-15 16:00:00,19746.0,14901.968
2200-06-15 17:00:00,20146.0,15141.995
2200-06-15 18:00:00,20339.0,15464.861
2200-06-15 19:00:00,20358.0,15612.653
2200-06-15 20:00:00,20219.0,15588.142
2200-06-15 21:00:00,19992.0,15726.877
2200-06-15 22:00:00,19674.0,15651.688
2200-06-15 23:00:00,19255.0,15584.128
2200-06-16 00:00:00,18702.0,15220.0
2200-06-16 01:00:00,18138.0,14990.955
2200-06-16 02:00:00,17441.0,14764.588
2200-06-16 03:00:00,16683.0,14515.297
2200-06-16 04:00:00,15797.0,14174.063
2200-06-16 05:00:00,14867.0,13738.476
2200-06-16 06:00:00,13950.0,13460.582
2200-06-16 07:00:00,13075.0,13005.502
2200-06-16 08:00:00,12299.0,12671.63
2200-06-16 09:00:00,11578.0,12566.728
2200-06-16 10:00:00,10903.0,12244.541
2200-06-16 11:00:00,10367.0,12075.151
2200-06-16 12:00:00,9936.0,11785.812
2200-06-16 13:00:00,9586.0,11357.592
2200-06-16 14:00:00,9290.0,11136.274
2200-06-16 15:00:00,9021.0,10753.77
2200-06-16 16:00:00,8780.0,10009.854
2200-06-16 17:00:00,8552.0,9836.784
2200-06-16 18:00:00,8335.0,9052.06
2200-06-16 19:00:00,8106.0,8611.824
2200-06-16 20:00:00,7886.0,8284.072
2200-06-16 21:00:00,7662.0,7897.755
2200-06-16 22:00:00,7444.0,7799.49
2200-06-16 23:00:00,7276.0,7431.1963
2200-06-17 00:00:00,7082.0,7311.908
2200-06-17 01:00:00,6915.0,7033.3887
2200-06-17 02:00:00,6765.0,6835.676
2200-06-17 03:00:00,6623.0,6712.2393
2200-06-17 04:00:00,6506.0,6399.801
2200-06-17 05:00:00,6388.0,6458.861
2200-06-17 06:00:00,6280.0,6306.813
2200-06-17 07:00:00,6163.0,6292.289
2200-06-17 08:00:00,6067.0,6144.572
2200-06-17 09:00:00,5928.0,6250.687
2200-06-17 10:00:00,5812.0,6199.576
2200-06-17 11:00:00,5715.0,6301.4106
2200-06-17 12:00:00,5606.0,6534.0317
2200-06-17 13:00:00,5504.0,6736.0156
2200-06-17 14:00:00,5399.0,6677.9053
2200-06-17 15:00:00,5306.0,6171.6675
2200-06-17 16:00:00,5215.0,5903.4634
2200-06-17 17:00:00,5124.0,5718.045
2200-06-17 18:00:00,5055.0,5510.533
2200-06-17 19:00:00,5006.0,5343.0137
2200-06-17 20:00:00,4999.0,5270.7725
2200-06-17 21:00:00,5016.0,5037.9434
2200-06-17 22:00:00,5062.0,4861.543
2200-06-17 23:00:00,5145.0,4732.7573
2200-06-18 00:00:00,5197.0,4644.214
2200-06-18 01:00:00,5232.0,4657.9253
2200-06-18 02:00:00,5268.0,4563.171
2200-06-18 03:00:00,5271.0,4530.57
2200-06-18 04:00:00,5261.0,4557.093
2200-06-18 05:00:00,5238.0,4413.9253
2200-06-18 06:00:00,5217.0,4502.66
2200-06-18 07:00:00,5176.0,4539.3867
2200-06-18 08:00:00,5141.0,4612.117
2200-06-18 09:00:00,5118.0,4922.3477
2200-06-18 10:00:00,5083.0,4833.619
2200-06-18 11:00:00,5034.0,5161.9395
2200-06-18 12:00:00,5018.0,5095.511
2200-06-18 13:00:00,4975.0,4995.9795
2200-06-18 14:00:00,4943.0,4749.8354
2200-06-18 15:00:00,4905.0,4260.6904
2200-06-18 16:00:00,4872.0,4225.6807
2200-06-18 17:00:00,4841.0,4286.6035
2200-06-18 18:00:00,4805.0,3935.6963
2200-06-18 19:00:00,4774.0,3901.4778
2200-06-18 20:00:00,4742.0,3897.8655
2200-06-18 21:00:00,4708.0,3839.052
2200-06-18 22:00:00,4678.0,3871.2117
2200-06-18 23:00:00,4637.0,3871.3267
2200-06-19 00:00:00,4615.0,3894.2896
2200-06-19 01:00:00,4582.0,3861.1694
2200-06-19 02:00:00,4549.0,3861.5837
2200-06-19 03:00:00,4515.0,3763.7651
2200-06-19 04:00:00,4491.0,3633.1934
2200-06-19 05:00:00,4466.0,3635.7974
2200-06-19 06:00:00,4442.0,3522.791
2200-06-19 07:00:00,4410.0,3490.4507
2200-06-19 08:00:00,4386.0,3396.579
2200-06-19 09:00:00,4358.0,3775.4646
2200-06-19 10:00:00,4328.0,3690.9434
2200-06-19 11:00:00,4300.0,3969.7046
2200-06-19 12:00:00,4280.0,3746.89
2200-06-19 13:00:00,4263.0,3537.9675
2200-06-19 14:00:00,4241.0,2773.623
2200-06-19 15:00:00,4231.0,2925.189
2200-06-19 16:00:00,4202.0,2734.9202
2200-06-19 17:00:00,4185.0,2718.4775
2200-06-19 18:00:00,4176.0,2775.849
2200-06-19 19:00:00,4154.0,2675.1377
2200-06-19 20:00:00,4142.0,2481.1787
2200-06-19 21:00:00,4135.0,2431.052
2200-06-19 22:00:00,4129.0,2391.6396
2200-06-19 23:00:00,4136.0,2299.8787
2200-06-20 00:00:00,4136.0,2239.8823
2200-06-20 01:00:00,4142.0,2161.5474
2200-06-20 02:00:00,4160.0,2139.4116
2200-06-20 03:00:00,4165.0,2104.7344
2200-06-20 04:00:00,4169.0,2061.9026
2200-06-20 05:00:00,4174.0,2050.7722
2200-06-20 06:00:00,4168.0,2039.3527
2200-06-20 07:00:00,4162.0,1988.6249
2200-06-20 08:00:00,4146.0,2114.4062
2200-06-20 09:00:00,4137.0,2223.2332
2200-06-20 10:00:00,4118.0,2054.832
2200-06-20 11:00:00,4099.0,2096.0652
2200-06-20 12:00:00,4088.0,1832.8556
2200-06-20 13:00:00,4070.0,1684.9648
2200-06-20 14:00:00,4056.0,1477.9426
2200-06-20 15:00:00,4039.0,1362.7833
2200-06-20 16:00:00,4017.0,1435.0442
2200-06-20 17:00:00,3976.0,1541.2183
2200-06-20 18:00:00,3912.0,1512.6162
2200-06-20 19:00:00,3828.0,1543.831
2200-06-20 20:00:00,3728.0,1634.6187
2200-06-20 21:00:00,3646.0,1658.7207
2200-06-20 22:00:00,3586.0,1610.2534
2200-06-20 23:00:00,3528.0,1627.9023
2200-06-21 00:00:00,3481.0,1780.9756
2200-06-21 01:00:00,3448.0,1704.5076
2200-06-21 02:00:00,3419.0,1667.9517
2200-06-21 03:00:00,3386.0,1613.9515
2200-06-21 04:00:00,3353.0,1549.8401
2200-06-21 05:00:00,3339.0,1500.3679
2200-06-21 06:00:00,3314.0,1437.3495
2200-06-21 07:00:00,3287.0,1397.8314
2200-06-21 08:00:00,3263.0,1409.6063
2200-06-21 09:00:00,3244.0,1651.0796
2200-06-21 10:00:00,3227.0,1652.6454
2200-06-21 11:00:00,3206.0,1886.3354
2200-06-21 12:00:00,3180.0,1766.2915
2200-06-21 13:00:00,3166.0,1652.7056
2200-06-21 14:00:00,3153.0,1529.6606
2200-06-21 15:00:00,3119.0,1453.1371
2200-06-21 16:00:00,3065.0,1358.7324
2200-06-21 17:00:00,2987.0,1380.8019
2200-06-21 18:00:00,2898.0,1278.877
2200-06-21 19:00:00,2814.0,1191.5746
2200-06-21 20:00:00,2742.0,1131.6622
2200-06-21 21:00:00,2689.0,1042.8734
2200-06-21 22:00:00,2641.0,1029.0731
2200-06-21 23:00:00,2595.0,1005.845
2200-06-22 00:00:00,2558.0,1046.8109
2200-06-22 01:00:00,2522.0,961.4674
2200-06-22 02:00:00,2491.0,932.4829
2200-06-22 03:00:00,2458.0,867.90393
2200-06-22 04:00:00,2437.0,830.83093
2200-06-22 05:00:00,2409.0,750.28345
2200-06-22 06:00:00,2385.0,683.4518
2200-06-22 07:00:00,2369.0,642.43616
2200-06-22 08:00:00,2349.0,676.7689
2200-06-22 09:00:00,2330.0,731.59937
2200-06-22 10:00:00,2318.0,954.2444
2200-06-22 11:00:00,2305.0,1079.8796
2200-06-22 12:00:00,2284.0,1197.8636
2200-06-22 13:00:00,2271.0,1358.8125
2200-06-22 14:00:00,2261.0,1502.6464
2200-06-22 15:00:00,2255.0,1431.1404
2200-06-22 16:00:00,2234.0,1368.172
2200-06-22 17:00:00,2220.0,1094.4888
2200-06-22 18:00:00,2211.0,788.21375
2200-06-22 19:00:00,2195.0,827.1555
2200-06-22 20:00:00,2183.0,1159.5701
2200-06-22 21:00:00,2176.0,1334.2424
2200-06-22 22:00:00,2163.0,1233.3641
2200-06-22 23:00:00,2155.0,1166.4712
2200-06-23 00:00:00,2153.0,1072.1948
2200-06-23 01:00:00,2143.0,1228.1624
2200-06-23 02:00:00,2125.0,1153.0408
2200-06-23 03:00:00,2119.0,1272.8326
2200-06-23 04:00:00,2111.0,1244.6824
2200-06-23 05:00:00,2104.0,1302.429
2200-06-23 06:00:00,2104.0,1293.6848
2200-06-23 07:00:00,2097.0,1357.4097
2200-06-23 08:00:00,2091.0,1430.8842
2200-06-23 09:00:00,2092.0,1653.9714
2200-06-23 10:00:00,2087.0,1888.1792
2200-06-23 11:00:00,2092.0,2006.0834
2200-06-23 12:00:00,2088.0,2091.0352
2200-06-23 13:00:00,2090.0,2034.4905
2200-06-23 14:00:00,2084.0,1870.2812
2200-06-23 15:00:00,2085.0,1753.9491
2200-06-23 16:00:00,2071.0,1611.6531
2200-06-23 17:00:00,2071.0,1670.5596
2200-06-23 18:00:00,2069.0,1487.2533
2200-06-23 19:00:00,2059.0,1410.9299
2200-06-23 20:00:00,2054.0,1285.8401
2200-06-23 21:00:00,2054.0,1182.7639
2200-06-23 22:00:00,2061.0,1161.0092
2200-06-23 23:00:00,2048.0,1128.3843
2200-06-24 00:00:00,2056.0,1063.0068
2200-06-24 01:00:00,2047.0,1042.0305
2200-06-24 02:00:00,2051.0,1043.5333
2200-06-24 03:00:00,2055.0,1055.7362
2200-06-24 04:00:00,2051.0,1091.221
2200-06-24 05:00:00,2042.0,1133.1466
2200-06-24 06:00:00,2041.0,1197.0071
2200-06-24 07:00:00,2033.0,1254.599
2200-06-24 08:00:00,2033.0,1339.3475
2200-06-24 09:00:00,2024.0,1408.7356
2200-06-24 10:00:00,2003.0,1345.027
2200-06-24 11:00:00,1986.0,1433.7539
2200-06-24 12:00:00,1983.0,1387.8254
2200-06-24 13:00:00,1974.0,1328.7107
2200-06-24 14:00:00,1976.0,1241.649
2200-06-24 15:00:00,1963.0,1340.6477
2200-06-24 16:00:00,1959.0,1113.9738
2200-06-24 17:00:00,1952.0,1057.4874
2200-06-24 18:00:00,1936.0,1098.3278
2200-06-24 19:00:00,1932.0,1122.4191
2200-06-24 20:00:00,1912.0,1062.9642
2200-06-24 21:00:00,1915.0,1002.99854
2200-06-24 22:00:00,1901.0,971.19714
2200-06-24 23:00:00,1892.0,933.8845
2200-06-25 00:00:00,1882.0,874.2938
2200-06-25 01:00:00,1880.0,854.5016
2200-06-25 02:00:00,1861.0,899.1616
2200-06-25 03:00:00,1865.0,926.4916
2200-06-25 04:00:00,1864.0,949.0648
2200-06-25 05:00:00,1854.0,974.56055
2200-06-25 06:00:00,1840.0,1020.0342
2200-06-25 07:00:00,1825.0,1095.2184
2200-06-25 08:00:00,1824.0,1226.7218
2200-06-25 09:00:00,1816.0,1264.0155
2200-06-25 10:00:00,1803.0,1297.0338
2200-06-25 11:00:00,1801.0,1261.832
2200-06-25 12:00:00,1795.0,1177.2986
2200-06-25 13:00:00,1778.0,1150.9443
2200-06-25 14:00:00,1774.0,1192.2212
2200-06-25 15:00:00,1773.0,1384.0682
2200-06-25 16:00:00,1764.0,1291.9764
2200-06-25 17:00:00,1767.0,1221.0591
2200-06-25 18:00:00,1764.0,1157.2998
2200-06-25 19:00:00,1748.0,1135.3102
2200-06-25 20:00:00,1737.0,1131.1729
2200-06-25 21:00:00,1737.0,1124.7922
2200-06-25 22:00:00,1733.0,1161.0172
2200-06-25 23:00:00,1723.0,1184.6354
2200-06-26 00:00:00,1716.0,1447.3865
2200-06-26 01:00:00,1698.0,1415.6366
2200-06-26 02:00:00,1704.0,1459.3225
2200-06-26 03:00:00,1690.0,1848.4373
2200-06-26 04:00:00,1690.0,2289.513
2200-06-26 05:00:00,1689.0,2407.7463
2200-06-26 06:00:00,1679.0,1956.6558
2200-06-26 07:00:00,1672.0,1780.045
2200-06-26 08:00:00,1672.0,1886.4327
2200-06-26 09:00:00,1661.0,2118.6514
2200-06-26 10:00:00,1664.0,2162.754
2200-06-26 11:00:00,1658.0,2320.636
2200-06-26 12:00:00,1654.0,2248.291
2200-06-26 13:00:00,1645.0,2057.3674
2200-06-26 14:00:00,1643.0,1765.7968
2200-06-26 15:00:00,1633.0,1368.4565
2200-06-26 16:00:00,1637.0,1322.1177
2200-06-26 17:00:00,1635.0,1204.5637
2200-06-26 18:00:00,1629.0,1067.1074
2200-06-26 19:00:00,1617.0,1094.1781
2200-06-26 20:00:00,1621.0,1094.2758
2200-06-26 21:00:00,1615.0,1161.1466
2200-06-26 22:00:00,1615.0,1193.0948
2200-06-26 23:00:00,1613.0,1257.319
2200-06-27 00:00:00,1600.0,1110.9135
2200-06-27 01:00:00,1595.0,1231.664
2200-06-27 02:00:00,1605.0,1277.6973
2200-06-27 03:00:00,1596.0,1353.7257
2200-06-27 04:00:00,1591.0,1394.5491
2200-06-27 05:00:00,1594.0,1451.788
2200-06-27 06:00:00,1603.0,1447.8625
2200-06-27 07:00:00,1620.0,1563.6414
2200-06-27 08:00:00,1630.0,1616.3068
2200-06-27 09:00:00,1634.0,1867.5491
2200-06-27 10:00:00,1654.0,1939.9944
2200-06-27 11:00:00,1647.0,1732.8186
2200-06-27 12:00:00,1659.0,1440.761
2200-06-27 13:00:00,1663.0,1219.8953
2200-06-27 14:00:00,1661.0,1136.2823
2200-06-27 15:00:00,1654.0,1139.3016
2200-06-27 16:00:00,1648.0,1243.5435
2200-06-27 17:00:00,1643.0,1080.1674
2200-06-27 18:00:00,1632.0,1000.27844
2200-06-27 19:00:00,1636.0,786.15283
2200-06-27 20:00:00,1637.0,672.76917
2200-06-27 21:00:00,1633.0,651.29333
2200-06-27 22:00:00,1617.0,620.0493
2200-06-27 23:00:00,1607.0,615.0973
2200-06-28 00:00:00,1601.0,709.4021
2200-06-28 01:00:00,1589.0,803.74
2200-06-28 02:00:00,1589.0,890.50256
2200-06-28 03:00:00,1583.0,967.77844
2200-06-28 04:00:00,1585.0,1091.482
2200-06-28 05:00:00,1576.0,1172.9446
2200-06-28 06:00:00,1571.0,1277.7137
2200-06-28 07:00:00,1558.0,1353.3749
2200-06-28 08:00:00,1561.0,1354.6882
2200-06-28 09:00:00,1548.0,1651.2985
2200-06-28 10:00:00,1548.0,1417.3317
2200-06-28 11:00:00,1541.0,1443.6345
2200-06-28 12:00:00,1530.0,1341.3779
2200-06-28 13:00:00,1525.0,1286.2123
2200-06-28 14:00:00,1519.0,1296.8665
2200-06-28 15:00:00,1508.0,1185.0443
2200-06-28 16:00:00,1504.0,1065.3602
2200-06-28 17:00:00,1501.0,1260.5979
2200-06-28 18:00:00,1493.0,902.3391
2200-06-28 19:00:00,1485.0,759.30457
2200-06-28 20:00:00,1485.0,621.7446
2200-06-28 21:00:00,1478.0,395.24976
2200-06-28 22:00:00,1478.0,232.15308
2200-06-28 23:00:00,1476.0,118.94214
2200-06-29 00:00:00,1469.0,316.33447
2200-06-29 01:00:00,1466.0,237.48145
2200-06-29 02:00:00,1458.0,287.1836
2200-06-29 03:00:00,1455.0,351.76562
2200-06-29 04:00:00,1447.0,402.7815
2200-06-29 05:00:00,1450.0,446.34937
2200-06-29 06:00:00,1440.0,495.21765
2200-06-29 07:00:00,1437.0,530.8679
2200-06-29 08:00:00,1430.0,739.9866
2200-06-29 09:00:00,1434.0,942.593
2200-06-29 10:00:00,1424.0,1048.7338
2200-06-29 11:00:00,1418.0,1014.4822
2200-06-29 12:00:00,1412.0,883.5676
2200-06-29 13:00:00,1410.0,820.9573
2200-06-29 14:00:00,1403.0,816.2511
2200-06-29 15:00:00,1408.0,790.9
2200-06-29 16:00:00,1400.0,935.37915
2200-06-29 17:00:00,1393.0,820.56445
2200-06-29 18:00:00,1389.0,897.39014
2200-06-29 19:00:00,1384.0,789.8102
2200-06-29 20:00:00,1377.0,557.16345
2200-06-29 21:00:00,1371.0,441.76807
2200-06-29 22:00:00,1372.0,346.3042
2200-06-29 23:00:00,1368.0,278.4375
2200-06-30 00:00:00,1362.0,342.6162
2200-06-30 01:00:00,1357.0,291.8662
2200-06-30 02:00:00,1351.0,247.50415
2200-06-30 03:00:00,1351.0,202.45166
2200-06-30 04:00:00,1348.0,157.16699
2200-06-30 05:00:00,1342.0,152.09009
2200-06-30 06:00:00,1338.0,177.21118
2200-06-30 07:00:00,1334.0,215.72461
2200-06-30 08:00:00,1334.0,349.54248
2200-06-30 09:00:00,1330.0,462.58362
2200-06-30 10:00:00,1323.0,600.1802
2200-06-30 11:00:00,1317.0,701.2954
2200-06-30 12:00:00,1320.0,736.666
2200-06-30 13:00:00,1314.0,665.5427
2200-06-30 14:00:00,1310.0,655.2959
2200-06-30 15:00:00,1312.0,651.0742
2200-06-30 16:00:00,1306.0,1151.826
2200-06-30 17:00:00,1303.0,1038.922
2200-06-30 18:00:00,1301.0,1200.0876
2200-06-30 19:00:00,1293.0,1009.22754
2200-06-30 20:00:00,1293.0,888.4066
2200-06-30 21:00:00,1290.0,765.57056
2200-06-30 22:00:00,1282.0,619.76965
2200-06-30 23:00:00,1284.0,531.2273
2200-07-01 00:00:00,1273.0,556.4165
2200-07-01 01:00:00,1270.0,449.18262
2200-07-01 02:00:00,1272.0,356.1233
2200-07-01 03:00:00,1269.0,277.21924
2200-07-01 04:00:00,1264.0,239.89331
2200-07-01 05:00:00,1261.0,230.35522
2200-07-01 06:00:00,1257.0,212.83398
2200-07-01 07:00:00,1257.0,271.114
2200-07-01 08:00:00,1255.0,431.81396
2200-07-01 09:00:00,1253.0,526.6345
2200-07-01 10:00:00,1251.0,741.4845
2200-07-01 11:00:00,1242.0,870.4093
2200-07-01 12:00:00,1239.0,957.2141
2200-07-01 13:00:00,1242.0,1064.7068
2200-07-01 14:00:00,1241.0,1038.8014
2200-07-01 15:00:00,1238.0,1096.6967
2200-07-01 16:00:00,1234.0,1482.6537
2200-07-01 17:00:00,1237.0,1383.1378
2200-07-01 18:00:00,1234.0,1473.4509
2200-07-01 19:00:00,1225.0,1335.8528
2200-07-01 20:00:00,1221.0,1227.6595
2200-07-01 21:00:00,1217.0,1007.4802
2200-07-01 22:00:00,1216.0,913.14307
2200-07-01 23:00:00,1205.0,807.2678
2200-07-02 00:00:00,1204.0,830.881
2200-07-02 01:00:00,1195.0,757.37366
2200-07-02 02:00:00,1188.0,674.42664
2200-07-02 03:00:00,1178.0,574.70935
2200-07-02 04:00:00,1175.0,554.7495
2200-07-02 05:00:00,1170.0,465.9546
2200-07-02 06:00:00,1169.0,434.82495
2200-07-02 07:00:00,1166.0,440.09058
2200-07-02 08:00:00,1158.0,530.3932
2200-07-02 09:00:00,1159.0,618.41943
2200-07-02 10:00:00,1156.0,668.4452
2200-07-02 11:00:00,1155.0,629.5377
2200-07-02 12:00:00,1148.0,635.57446
2200-07-02 13:00:00,1143.0,587.4966
2200-07-02 14:00:00,1139.0,502.38342
2200-07-02 15:00:00,1136.0,485.99475
2200-07-02 16:00:00,1136.0,454.82483
2200-07-02 17:00:00,1131.0,392.67017
2200-07-02 18:00:00,1125.0,256.99316
2200-07-02 19:00:00,1123.0,176.75098
2200-07-02 20:00:00,1118.0,68.32446
2200-07-02 21:00:00,1112.0,-113.74097
2200-07-02 22:00:00,1107.0,-175.12817
2200-07-02 23:00:00,1104.0,-191.4939
2200-07-03 00:00:00,1105.0,-208.27002
2200-07-03 01:00:00,1102.0,-226.07251
2200-07-03 02:00:00,1100.0,-236.07349
2200-07-03 03:00:00,1099.0,-239.41333
2200-07-03 04:00:00,1098.0,-153.25464
2200-07-03 05:00:00,1095.0,-55.2688
2200-07-03 06:00:00,1088.0,-31.334229
2200-07-03 07:00:00,1088.0,65.96265
2200-07-03 08:00:00,1090.0,138.42993
2200-07-03 09:00:00,1085.0,266.18896
2200-07-03 10:00:00,1086.0,340.4563
2200-07-03 11:00:00,1081.0,457.8822
2200-07-03 12:00:00,1080.0,414.00098
2200-07-03 13:00:00,1075.0,495.6632
2200-07-03 14:00:00,1076.0,539.1362
2200-07-03 15:00:00,1071.0,457.25623
2200-07-03 16:00:00,1072.0,477.00793
2200-07-03 17:00:00,1070.0,507.85437
2200-07-03 18:00:00,1064.0,333.79272
2200-07-03 19:00:00,1064.0,311.76343
2200-07-03 20:00:00,1065.0,306.96704
2200-07-03 21:00:00,1062.0,332.31226
2200-07-03 22:00:00,1058.0,385.85107
2200-07-03 23:00:00,1057.0,407.12866
2200-07-04 00:00:00,1055.0,349.68042
2200-07-04 01:00:00,1054.0,402.94434
2200-07-04 02:00:00,1053.0,471.656
2200-07-04 03:00:00,1053.0,517.3629
2200-07-04 04:00:00,1055.0,604.26624
2200-07-04 05:00:00,1055.0,672.41296
2200-07-04 06:00:00,1052.0,749.76807
2200-07-04 07:00:00,1053.0,850.573
2200-07-04 08:00:00,1054.0,862.433
2200-07-04 09:00:00,1053.0,662.3187
2200-07-04 10:00:00,1051.0,717.7838
2200-07-04 11:00:00,1049.0,716.96826
2200-07-04 12:00:00,1049.0,792.1654
2200-07-04 13:00:00,1047.0,792.07874
2200-07-04 14:00:00,1044.0,809.7499
2200-07-04 15:00:00,1039.0,733.2108
2200-07-04 16:00:00,1036.0,700.0532
2200-07-04 17:00:00,1033.0,708.9562
2200-07-04 18:00:00,1030.0,552.85913
2200-07-04 19:00:00,1027.0,261.1897
2200-07-04 20:00:00,1023.0,284.78516
2200-07-04 21:00:00,1019.0,-993.3491
2200-07-04 22:00:00,1011.0,595.83765
2200-07-04 23:00:00,1009.0,-127.29224
2200-07-05 00:00:00,1002.0,-522.9136
2200-07-05 01:00:00,1004.0,-120.85034
2200-07-05 02:00:00,1021.0,1204.4181
2200-07-05 03:00:00,1026.0,1665.8215
2200-07-05 04:00:00,1034.0,1722.6028
2200-07-05 05:00:00,1043.0,1526.1375
2200-07-05 06:00:00,1060.0,1423.4011
2200-07-05 07:00:00,1067.0,1428.5431
2200-07-05 08:00:00,1081.0,1416.8702
2200-07-05 09:00:00,1109.0,1150.4628
2200-07-05 10:00:00,1141.0,1141.3978
2200-07-05 11:00:00,1157.0,1285.892
2200-07-05 12:00:00,1157.0,1132.1039
2200-07-05 13:00:00,1157.0,1002.52026
2200-07-05 14:00:00,1164.0,946.64856
2200-07-05 15:00:00,1170.0,1013.5823
2200-07-05 16:00:00,1175.0,959.084
2200-07-05 17:00:00,1184.0,836.56274
2200-07-05 18:00:00,1185.0,727.1127
2200-07-05 19:00:00,1191.0,685.9938
2200-07-05 20:00:00,1204.0,763.55286
2200-07-05 21:00:00,1227.0,830.8688
2200-07-05 22:00:00,1248.0,832.609
2200-07-05 23:00:00,1264.0,970.30457
2200-07-06 00:00:00,1286.0,819.11926
2200-07-06 01:00:00,1308.0,806.9021
2200-07-06 02:00:00,1322.0,795.2346
2200-07-06 03:00:00,1340.0,784.567
2200-07-06 04:00:00,1351.0,753.6946
2200-07-06 05:00:00,1371.0,733.9215
2200-07-06 06:00:00,1388.0,727.4995
2200-07-06 07:00:00,1402.0,768.6018
2200-07-06 08:00:00,1411.0,1009.85754
2200-07-06 09:00:00,1422.0,1127.9729
2200-07-06 10:00:00,1422.0,1224.6527
2200-07-06 11:00:00,1415.0,1065.8738
2200-07-06 12:00:00,1414.0,1065.3351
2200-07-06 13:00:00,1405.0,858.4968
2200-07-06 14:00:00,1393.0,608.68445
2200-07-06 15:00:00,1384.0,730.9978
2200-07-06 16:00:00,1372.0,662.5216
2200-07-06 17:00:00,1364.0,707.1139
2200-07-06 18:00:00,1350.0,630.43054
2200-07-06 19:00:00,1338.0,357.7771
2200-07-06 20:00:00,1327.0,265.9065
2200-07-06 21:00:00,1317.0,169.8916
2200-07-06 22:00:00,1303.0,169.59229
2200-07-06 23:00:00,1279.0,187.53955
2200-07-07 00:00:00,1265.0,307.21436
2200-07-07 01:00:00,1253.0,404.22705
2200-07-07 02:00:00,1241.0,429.958
2200-07-07 03:00:00,1223.0,509.01392
2200-07-07 04:00:00,1216.0,522.229
2200-07-07 05:00:00,1207.0,559.61755
2200-07-07 06:00:00,1203.0,576.53625
2200-07-07 07:00:00,1194.0,561.51697
2200-07-07 08:00:00,1189.0,599.1444
2200-07-07 09:00:00,1176.0,570.9341
2200-07-07 10:00:00,1174.0,787.1969
2200-07-07 11:00:00,1169.0,749.9071
2200-07-07 12:00:00,1167.0,816.89087
2200-07-07 13:00:00,1165.0,998.6764
2200-07-07 14:00:00,1165.0,1071.8557
2200-07-07 15:00:00,1157.0,1037.8119
2200-07-07 16:00:00,1149.0,1139.1447
2200-07-07 17:00:00,1150.0,1048.7035
2200-07-07 18:00:00,1144.0,903.5172
2200-07-07 19:00:00,1137.0,861.1196
2200-07-07 20:00:00,1133.0,845.17285
2200-07-07 21:00:00,1128.0,760.5436
2200-07-07 22:00:00,1124.0,704.65186
2200-07-07 23:00:00,1115.0,650.4498
2200-07-08 00:00:00,1119.0,664.7811
2200-07-08 01:00:00,1118.0,622.5724
2200-07-08 02:00:00,1113.0,667.44165
2200-07-08 03:00:00,1113.0,662.26746
2200-07-08 04:00:00,1111.0,700.7356
2200-07-08 05:00:00,1105.0,746.0847
2200-07-08 06:00:00,1101.0,799.56055
2200-07-08 07:00:00,1100.0,888.37976
2200-07-08 08:00:00,1096.0,1001.64954
2200-07-08 09:00:00,1096.0,962.5326
2200-07-08 10:00:00,1089.0,856.6937
2200-07-08 11:00:00,1085.0,963.72217
2200-07-08 12:00:00,1085.0,1027.2201
2200-07-08 13:00:00,1079.0,970.5376
2200-07-08 14:00:00,1081.0,987.968
2200-07-08 15:00:00,1078.0,1014.7169
2200-07-08 16:00:00,1072.0,1029.1975
2200-07-08 17:00:00,1070.0,1010.16565
2200-07-08 18:00:00,1069.0,938.42017
2200-07-08 19:00:00,1065.0,746.0299
2200-07-08 20:00:00,1064.0,827.07666
2200-07-08 21:00:00,1055.0,684.75195
2200-07-08 22:00:00,1052.0,661.9203
2200-07-08 23:00:00,1048.0,599.8406
2200-07-09 00:00:00,1046.0,582.1229
2200-07-09 01:00:00,1040.0,527.8556
2200-07-09 02:00:00,1040.0,494.49426
2200-07-09 03:00:00,1036.0,458.89197
2200-07-09 04:00:00,1036.0,436.03442
2200-07-09 05:00:00,1036.0,428.47974
2200-07-09 06:00:00,1034.0,450.0769
2200-07-09 07:00:00,1031.0,468.92212
2200-07-09 08:00:00,1029.0,687.78674
2200-07-09 09:00:00,1026.0,670.81775
2200-07-09 10:00:00,1025.0,958.9618
2200-07-09 11:00:00,1018.0,1071.07
2200-07-09 12:00:00,1013.0,1094.5758
2200-07-09 13:00:00,1008.0,1125.9403
2200-07-09 14:00:00,1005.0,1124.9465
2200-07-09 15:00:00,1004.0,1095.7097
2200-07-09 16:00:00,999.0,1076.6959
2200-07-09 17:00:00,1000.0,1055.041
2200-07-09 18:00:00,995.0,863.21936
2200-07-09 19:00:00,995.0,805.5117
2200-07-09 20:00:00,992.0,599.2378
2200-07-09 21:00:00,989.0,506.9939
2200-07-09 22:00:00,986.0,443.50806
2200-07-09 23:00:00,986.0,392.44458
2200-07-10 00:00:00,981.0,353.14648
2200-07-10 01:00:00,978.0,315.16772
2200-07-10 02:00:00,976.0,310.0957
2200-07-10 03:00:00,975.0,311.50098
2200-07-10 04:00:00,969.0,334.7246
2200-07-10 05:00:00,972.0,352.2329
2200-07-10 06:00:00,969.0,370.82324
2200-07-10 07:00:00,969.0,413.10034
2200-07-10 08:00:00,969.0,580.4596
2200-07-10 09:00:00,967.0,559.1559
2200-07-10 10:00:00,964.0,691.98865
2200-07-10 11:00:00,961.0,736.53564
2200-07-10 12:00:00,958.0,808.5206
2200-07-10 13:00:00,957.0,774.90955
2200-07-10 14:00:00,954.0,687.0394
2200-07-10 15:00:00,954.0,750.66284
2200-07-10 16:00:00,951.0,823.5099
2200-07-10 17:00:00,951.0,755.6759
2200-07-10 18:00:00,947.0,943.66174
2200-07-10 19:00:00,945.0,879.57336
2200-07-10 20:00:00,942.0,862.61084
2200-07-10 21:00:00,942.0,680.8624
2200-07-10 22:00:00,940.0,616.7528
2200-07-10 23:00:00,938.0,555.1802
2200-07-11 00:00:00,935.0,503.4259
2200-07-11 01:00:00,932.0,489.3181
2200-07-11 02:00:00,931.0,488.98755
2200-07-11 03:00:00,930.0,503.17505
2200-07-11 04:00:00,927.0,518.11694
2200-07-11 05:00:00,925.0,527.22205
2200-07-11 06:00:00,924.0,540.79565
2200-07-11 07:00:00,924.0,574.1073
2200-07-11 08:00:00,922.0,618.958
2200-07-11 09:00:00,922.0,766.1907
2200-07-11 10:00:00,917.0,871.75903
2200-07-11 11:00:00,915.0,992.28906
2200-07-11 12:00:00,916.0,1195.8923
2200-07-11 13:00:00,914.0,1440.6921
2200-07-11 14:00:00,913.0,1529.6562
2200-07-11 15:00:00,911.0,1479.2295
2200-07-11 16:00:00,912.0,1445.0065
2200-07-11 17:00:00,911.0,1207.8157
2200-07-11 18:00:00,909.0,1117.4578
2200-07-11 19:00:00,907.0,906.9811
2200-07-11 20:00:00,903.0,868.8572
2200-07-11 21:00:00,902.0,829.7345
2200-07-11 22:00:00,901.0,786.9396
2200-07-11 23:00:00,901.0,729.2031
2200-07-12 00:00:00,898.0,661.0552
2200-07-12 01:00:00,897.0,617.41675
2200-07-12 02:00:00,895.0,623.9088
2200-07-12 03:00:00,897.0,648.2092
2200-07-12 04:00:00,895.0,651.08374
2200-07-12 05:00:00,896.0,733.8534
2200-07-12 06:00:00,895.0,787.3517
2200-07-12 07:00:00,895.0,838.8147
2200-07-12 08:00:00,894.0,899.6998
2200-07-12 09:00:00,892.0,1045.2748
2200-07-12 10:00:00,891.0,967.3551
2200-07-12 11:00:00,888.0,835.75977
2200-07-12 12:00:00,888.0,936.5121
2200-07-12 13:00:00,887.0,1037.5201
2200-07-12 14:00:00,887.0,1061.9644
2200-07-12 15:00:00,887.0,1128.9526
2200-07-12 16:00:00,885.0,1145.4764
2200-07-12 17:00:00,882.0,1109.1427
2200-07-12 18:00:00,882.0,988.8065
2200-07-12 19:00:00,880.0,897.2245
2200-07-12 20:00:00,878.0,844.1332
2200-07-12 21:00:00,877.0,604.12085
2200-07-12 22:00:00,874.0,521.87244
2200-07-12 23:00:00,871.0,48.368164
2200-07-13 00:00:00,872.0,66.60156
2200-07-13 01:00:00,870.0,277.89258
2200-07-13 02:00:00,868.0,539.9955
2200-07-13 03:00:00,870.0,-312.83374
2200-07-13 04:00:00,872.0,140.17163
2200-07-13 05:00:00,878.0,-119.18042
2200-07-13 06:00:00,885.0,756.5482
2200-07-13 07:00:00,897.0,1445.4567
2200-07-13 08:00:00,907.0,1461.3721
2200-07-13 09:00:00,920.0,1954.6719
2200-07-13 10:00:00,942.0,2401.9468
2200-07-13 11:00:00,976.0,2147.815
2200-07-13 12:00:00,1026.0,2449.396
2200-07-13 13:00:00,1088.0,3257.8618
2200-07-13 14:00:00,1194.0,4272.632
2200-07-13 15:00:00,1336.0,4478.173
2200-07-13 16:00:00,1500.0,4946.172
2200-07-13 17:00:00,1675.0,5374.979
2200-07-13 18:00:00,1833.0,5572.3384
2200-07-13 19:00:00,1951.0,5870.2305
2200-07-13 20:00:00,2047.0,5710.1963
2200-07-13 21:00:00,2124.0,5877.8467
2200-07-13 22:00:00,2210.0,5665.8184
2200-07-13 23:00:00,2328.0,5849.8926
2200-07-14 00:00:00,2523.0,6077.912
2200-07-14 01:00:00,2818.0,6284.341
2200-07-14 02:00:00,3178.0,6587.5723
2200-07-14 03:00:00,3567.0,6844.418
2200-07-14 04:00:00,3981.0,7159.831
2200-07-14 05:00:00,4390.0,7356.01
2200-07-14 06:00:00,4717.0,7695.787
2200-07-14 07:00:00,4942.0,8100.1836
2200-07-14 08:00:00,5099.0,8600.949
2200-07-14 09:00:00,5237.0,8678.902
2200-07-14 10:00:00,5358.0,9668.297
2200-07-14 11:00:00,5502.0,10183.493
2200-07-14 12:00:00,5610.0,10367.344
2200-07-14 13:00:00,5706.0,10862.567
2200-07-14 14:00:00,5750.0,11021.911
2200-07-14 15:00:00,5781.0,11207.475
2200-07-14 16:00:00,5817.0,11286.099
2200-07-14 17:00:00,5864.0,11401.757
2200-07-14 18:00:00,5958.0,11648.4375
2200-07-14 19:00:00,6058.0,11719.999
2200-07-14 20:00:00,6182.0,11721.165
2200-07-14 21:00:00,6324.0,11686.012
2200-07-14 22:00:00,6485.0,11391.008
2200-07-14 23:00:00,6629.0,11146.417
2200-07-15 00:00:00,6774.0,11088.624
2200-07-15 01:00:00,6908.0,10668.819
2200-07-15 02:00:00,7028.0,10324.968
2200-07-15 03:00:00,7084.0,9998.643
2200-07-15 04:00:00,7109.0,9670.949
2200-07-15 05:00:00,7092.0,9398.7705
2200-07-15 06:00:00,7019.0,9141.7295
2200-07-15 07:00:00,6924.0,9025.136
2200-07-15 08:00:00,6815.0,9157.46
2200-07-15 09:00:00,6696.0,9407.053
2200-07-15 10:00:00,6561.0,9765.801
2200-07-15 11:00:00,6428.0,9919.02
2200-07-15 12:00:00,6281.0,9981.1455
2200-07-15 13:00:00,6153.0,9448.391
2200-07-15 14:00:00,6019.0,9022.247
2200-07-15 15:00:00,5904.0,9593.691
2200-07-15 16:00:00,5783.0,9603.442
2200-07-15 17:00:00,5667.0,9557.286
2200-07-15 18:00:00,5569.0,8725.034
2200-07-15 19:00:00,5487.0,8535.532
2200-07-15 20:00:00,5443.0,8353.459
2200-07-15 21:00:00,5426.0,8133.788
2200-07-15 22:00:00,5426.0,7913.794
2200-07-15 23:00:00,5421.0,7849.125
2200-07-16 00:00:00,5402.0,7885.5234
2200-07-16 01:00:00,5390.0,7856.259
2200-07-16 02:00:00,5373.0,7791.6904
2200-07-16 03:00:00,5346.0,7769.211
2200-07-16 04:00:00,5337.0,7652.092
2200-07-16 05:00:00,5351.0,7604.5176
2200-07-16 06:00:00,5382.0,7467.8438
2200-07-16 07:00:00,5421.0,7398.3
2200-07-16 08:00:00,5448.0,7755.714
2200-07-16 09:00:00,5475.0,7748.01
2200-07-16 10:00:00,5491.0,8140.3506
2200-07-16 11:00:00,5486.0,8011.01
2200-07-16 12:00:00,5482.0,8146.835
2200-07-16 13:00:00,5472.0,7853.5967
2200-07-16 14:00:00,5448.0,7727.6953
2200-07-16 15:00:00,5418.0,7824.539
2200-07-16 16:00:00,5425.0,7767.092
2200-07-16 17:00:00,5463.0,7527.659
2200-07-16 18:00:00,5527.0,7429.699
2200-07-16 19:00:00,5608.0,7332.718
2200-07-16 20:00:00,5673.0,7211.6904
2200-07-16 21:00:00,5730.0,7080.963
2200-07-16 22:00:00,5771.0,6755.8555
2200-07-16 23:00:00,5801.0,6577.941
2200-07-17 00:00:00,5822.0,6655.078
2200-07-17 01:00:00,5828.0,6513.328
2200-07-17 02:00:00,5824.0,6399.5103
2200-07-17 03:00:00,5829.0,6280.4253
2200-07-17 04:00:00,5827.0,6151.6523
2200-07-17 05:00:00,5828.0,6008.3516
2200-07-17 06:00:00,5807.0,5900.685
2200-07-17 07:00:00,5802.0,5637.3916
2200-07-17 08:00:00,5761.0,5592.114
2200-07-17 09:00:00,5729.0,6194.796
2200-07-17 10:00:00,5646.0,6276.1543
2200-07-17 11:00:00,5539.0,6428.458
2200-07-17 12:00:00,5437.0,5975.8037
2200-07-17 13:00:00,5341.0,6280.3633
2200-07-17 14:00:00,5264.0,6134.841
2200-07-17 15:00:00,5164.0,6118.0435
2200-07-17 16:00:00,5034.0,5611.8706
2200-07-17 17:00:00,4859.0,5523.7065
2200-07-17 18:00:00,4648.0,5417.8076
2200-07-17 19:00:00,4433.0,5329.37
2200-07-17 20:00:00,4252.0,5021.9062
2200-07-17 21:00:00,4102.0,4874.249
2200-07-17 22:00:00,3984.0,4737.446
2200-07-17 23:00:00,3883.0,4593.581
2200-07-18 00:00:00,3798.0,4336.543
2200-07-18 01:00:00,3721.0,4213.339
2200-07-18 02:00:00,3669.0,4052.2266
2200-07-18 03:00:00,3636.0,3931.4912
2200-07-18 04:00:00,3600.0,3801.856
2200-07-18 05:00:00,3572.0,3677.0605
2200-07-18 06:00:00,3552.0,3555.2349
2200-07-18 07:00:00,3525.0,3421.4312
2200-07-18 08:00:00,3505.0,3645.065
2200-07-18 09:00:00,3484.0,3513.9026
2200-07-18 10:00:00,3466.0,3427.6558
2200-07-18 11:00:00,3449.0,3562.5542
2200-07-18 12:00:00,3431.0,3735.3086
2200-07-18 13:00:00,3404.0,3604.9912
2200-07-18 14:00:00,3392.0,3693.3315
2200-07-18 15:00:00,3379.0,3579.034
2200-07-18 16:00:00,3356.0,3606.609
2200-07-18 17:00:00,3331.0,3659.3953
2200-07-18 18:00:00,3328.0,3559.4834
2200-07-18 19:00:00,3302.0,3421.2637
2200-07-18 20:00:00,3285.0,3217.9712
2200-07-18 21:00:00,3263.0,3081.624
2200-07-18 22:00:00,3241.0,2907.462
2200-07-18 23:00:00,3221.0,2719.564
2200-07-19 00:00:00,3195.0,2473.2126
2200-07-19 01:00:00,3175.0,2334.6309
2200-07-19 02:00:00,3154.0,2211.0093
2200-07-19 03:00:00,3117.0,2020.3905
2200-07-19 04:00:00,3092.0,1918.3093
2200-07-19 05:00:00,3066.0,1839.0061
2200-07-19 06:00:00,3038.0,1699.1562
2200-07-19 07:00:00,3009.0,1688.8999
2200-07-19 08:00:00,2985.0,1943.6343
2200-07-19 09:00:00,2962.0,2059.9248
2200-07-19 10:00:00,2929.0,2218.346
2200-07-19 11:00:00,2913.0,2404.446
2200-07-19 12:00:00,2885.0,2412.0203
2200-07-19 13:00:00,2860.0,2400.5168
2200-07-19 14:00:00,2830.0,2382.558
2200-07-19 15:00:00,2807.0,2349.7341
2200-07-19 16:00:00,2798.0,2455.777
2200-07-19 17:00:00,2783.0,2555.249
2200-07-19 18:00:00,2758.0,2781.9526
2200-07-19 19:00:00,2730.0,2814.0059
2200-07-19 20:00:00,2712.0,2815.2502
2200-07-19 21:00:00,2702.0,2779.094
2200-07-19 22:00:00,2683.0,2723.9275
2200-07-19 23:00:00,2668.0,2647.3672
2200-07-20 00:00:00,2656.0,2427.1829
2200-07-20 01:00:00,2636.0,2345.0479
2200-07-20 02:00:00,2627.0,2285.8472
2200-07-20 03:00:00,2605.0,2229.748
2200-07-20 04:00:00,2594.0,2185.267
2200-07-20 05:00:00,2583.0,2140.3071
2200-07-20 06:00:00,2569.0,2090.9026
2200-07-20 07:00:00,2553.0,2079.9668
2200-07-20 08:00:00,2542.0,2292.2932
2200-07-20 09:00:00,2527.0,2431.6934
2200-07-20 10:00:00,2507.0,2501.9475
2200-07-20 11:00:00,2507.0,2428.6804
2200-07-20 12:00:00,2501.0,2279.6543
2200-07-20 13:00:00,2474.0,2146.2065
2200-07-20 14:00:00,2466.0,2027.6293
2200-07-20 15:00:00,2445.0,2033.7963
2200-07-20 16:00:00,2450.0,2083.8838
2200-07-20 17:00:00,2436.0,2250.4812
2200-07-20 18:00:00,2435.0,2458.1763
2200-07-20 19:00:00,2427.0,2578.6804
2200-07-20 20:00:00,2404.0,2619.5173
2200-07-20 21:00:00,2388.0,2671.4434
2200-07-20 22:00:00,2378.0,2681.8967
2200-07-20 23:00:00,2384.0,2640.4502
2200-07-21 00:00:00,2354.0,2261.3623
2200-07-21 01:00:00,2343.0,2208.2534
2200-07-21 02:00:00,2342.0,2154.3276
2200-07-21 03:00:00,2340.0,2062.7515
2200-07-21 04:00:00,2319.0,1965.416
2200-07-21 05:00:00,2324.0,1824.1809
2200-07-21 06:00:00,2304.0,1685.5825
2200-07-21 07:00:00,2293.0,1653.8799
2200-07-21 08:00:00,2296.0,1796.3179
2200-07-21 09:00:00,2288.0,1836.9196
2200-07-21 10:00:00,2277.0,1956.4978
2200-07-21 11:00:00,2268.0,1788.1772
2200-07-21 12:00:00,2265.0,1615.9146
2200-07-21 13:00:00,2253.0,1565.0892
2200-07-21 14:00:00,2250.0,1617.5645
2200-07-21 15:00:00,2242.0,1891.1279
2200-07-21 16:00:00,2236.0,1878.6356
2200-07-21 17:00:00,2227.0,1877.1404
2200-07-21 18:00:00,2219.0,2030.9246
2200-07-21 19:00:00,2213.0,2084.903
2200-07-21 20:00:00,2206.0,2047.0709
2200-07-21 21:00:00,2203.0,2123.8232
2200-07-21 22:00:00,2192.0,1974.3451
2200-07-21 23:00:00,2181.0,1836.8
2200-07-22 00:00:00,2173.0,1293.5757
2200-07-22 01:00:00,2172.0,877.8877
2200-07-22 02:00:00,2173.0,822.694
2200-07-22 03:00:00,2160.0,446.9121
2200-07-22 04:00:00,2159.0,116.66333
2200-07-22 05:00:00,2153.0,-82.56543
2200-07-22 06:00:00,2143.0,-209.41089
2200-07-22 07:00:00,2139.0,150.45996
2200-07-22 08:00:00,2137.0,143.15845
2200-07-22 09:00:00,2124.0,254.9602
2200-07-22 10:00:00,2118.0,399.25342
2200-07-22 11:00:00,2109.0,754.5066
2200-07-22 12:00:00,2108.0,1004.99036
2200-07-22 13:00:00,2103.0,648.22656
2200-07-22 14:00:00,2098.0,593.61365
2200-07-22 15:00:00,2093.0,734.0244
2200-07-22 16:00:00,2090.0,874.41516
2200-07-22 17:00:00,2089.0,729.3264
2200-07-22 18:00:00,2089.0,444.2317
2200-07-22 19:00:00,2090.0,387.979
2200-07-22 20:00:00,2087.0,221.91846
2200-07-22 21:00:00,2094.0,199.63623
2200-07-22 22:00:00,2085.0,222.09937
2200-07-22 23:00:00,2087.0,356.26343
2200-07-23 00:00:00,2093.0,542.376
2200-07-23 01:00:00,2094.0,548.87317
2200-07-23 02:00:00,2084.0,683.37573
2200-07-23 03:00:00,2083.0,669.9265
2200-07-23 04:00:00,2084.0,775.47974
2200-07-23 05:00:00,2080.0,746.396
2200-07-23 06:00:00,2083.0,800.9518
2200-07-23 07:00:00,2070.0,913.75183
2200-07-23 08:00:00,2057.0,1035.1079
2200-07-23 09:00:00,2055.0,886.1437
2200-07-23 10:00:00,2042.0,891.82385
2200-07-23 11:00:00,2037.0,953.9574
2200-07-23 12:00:00,2024.0,904.91077
2200-07-23 13:00:00,2020.0,840.9966
2200-07-23 14:00:00,2012.0,965.92615
2200-07-23 15:00:00,2016.0,970.5305
2200-07-23 16:00:00,2005.0,1094.0206
2200-07-23 17:00:00,2012.0,972.1482
2200-07-23 18:00:00,2004.0,879.9696
2200-07-23 19:00:00,2008.0,777.13635
2200-07-23 20:00:00,2003.0,663.6819
2200-07-23 21:00:00,2006.0,677.7086
2200-07-23 22:00:00,1996.0,693.24744
2200-07-23 23:00:00,1991.0,693.87317
2200-07-24 00:00:00,1986.0,620.1609
2200-07-24 01:00:00,1982.0,504.80017
2200-07-24 02:00:00,1972.0,575.77893
2200-07-24 03:00:00,1970.0,607.98975
2200-07-24 04:00:00,1968.0,613.3657
2200-07-24 05:00:00,1956.0,423.19116
2200-07-24 06:00:00,1951.0,420.28247
2200-07-24 07:00:00,1939.0,-62.578857
2200-07-24 08:00:00,1939.0,471.53625
2200-07-24 09:00:00,1923.0,253.27466
2200-07-24 10:00:00,1920.0,369.0901
2200-07-24 11:00:00,1910.0,344.25244
2200-07-24 12:00:00,1899.0,-1.1464844
2200-07-24 13:00:00,1900.0,817.2494
2200-07-24 14:00:00,1900.0,1175.7815
2200-07-24 15:00:00,1888.0,1260.3604
2200-07-24 16:00:00,1882.0,1486.6198
2200-07-24 17:00:00,1873.0,1758.1863
2200-07-24 18:00:00,1869.0,1987.7412
2200-07-24 19:00:00,1862.0,2058.1052
2200-07-24 20:00:00,1863.0,1933.6691
2200-07-24 21:00:00,1859.0,1328.4629
2200-07-24 22:00:00,1855.0,2078.5635
2200-07-24 23:00:00,1852.0,1344.9849
2200-07-25 00:00:00,1866.0,1434.9955
2200-07-25 01:00:00,1873.0,1518.8046
2200-07-25 02:00:00,1896.0,1743.4484
2200-07-25 03:00:00,1918.0,2020.1058
2200-07-25 04:00:00,1984.0,2917.0442
2200-07-25 05:00:00,2074.0,3199.3416
2200-07-25 06:00:00,2194.0,3422.9114
2200-07-25 07:00:00,2336.0,3776.9243
2200-07-25 08:00:00,2495.0,4429.64
2200-07-25 09:00:00,2642.0,4210.839
2200-07-25 10:00:00,2823.0,4354.2275
2200-07-25 11:00:00,3039.0,4100.3867
2200-07-25 12:00:00,3283.0,4182.3447
2200-07-25 13:00:00,3517.0,4157.424
2200-07-25 14:00:00,3752.0,4255.264
2200-07-25 15:00:00,4012.0,4278.703
2200-07-25 16:00:00,4301.0,4355.3213
2200-07-25 17:00:00,4599.0,4345.5703
2200-07-25 18:00:00,4908.0,4221.0854
2200-07-25 19:00:00,5203.0,4063.0789
2200-07-25 20:00:00,5450.0,4228.1504
2200-07-25 21:00:00,5677.0,4157.793
2200-07-25 22:00:00,5853.0,4066.5132
2200-07-25 23:00:00,6008.0,4137.6577
2200-07-26 00:00:00,6130.0,3866.8606
2200-07-26 01:00:00,6213.0,3644.9697
2200-07-26 02:00:00,6262.0,3379.0762
2200-07-26 03:00:00,6292.0,3242.9458
2200-07-26 04:00:00,6263.0,3230.856
2200-07-26 05:00:00,6193.0,3625.228
2200-07-26 06:00:00,6100.0,3676.4497
2200-07-26 07:00:00,5976.0,3327.6646
2200-07-26 08:00:00,5827.0,3997.2612
2200-07-26 09:00:00,5681.0,4588.296
2200-07-26 10:00:00,5550.0,4647.6357
2200-07-26 11:00:00,5434.0,4478.168
2200-07-26 12:00:00,5358.0,4926.532
2200-07-26 13:00:00,5319.0,5797.714
2200-07-26 14:00:00,5323.0,5950.601
2200-07-26 15:00:00,5376.0,6112.0396
2200-07-26 16:00:00,5445.0,5922.535
2200-07-26 17:00:00,5527.0,5926.693
2200-07-26 18:00:00,5610.0,6098.014
2200-07-26 19:00:00,5731.0,6211.5713
2200-07-26 20:00:00,5865.0,6383.0547
2200-07-26 21:00:00,6033.0,6146.962
2200-07-26 22:00:00,6214.0,6273.8223
2200-07-26 23:00:00,6462.0,6469.39
2200-07-27 00:00:00,6718.0,6432.1133
2200-07-27 01:00:00,6942.0,6225.457
2200-07-27 02:00:00,7142.0,6191.822
2200-07-27 03:00:00,7283.0,6132.407
2200-07-27 04:00:00,7366.0,6135.4795
2200-07-27 05:00:00,7417.0,6133.455
2200-07-27 06:00:00,7439.0,6125.258
2200-07-27 07:00:00,7404.0,6152.3594
2200-07-27 08:00:00,7404.0,6371.266
2200-07-27 09:00:00,7401.0,6362.5825
2200-07-27 10:00:00,7421.0,6510.143
2200-07-27 11:00:00,7421.0,6580.519
2200-07-27 12:00:00,7402.0,6658.552
2200-07-27 13:00:00,7404.0,7075.423
2200-07-27 14:00:00,7355.0,7030.8193
2200-07-27 15:00:00,7281.0,7130.3047
2200-07-27 16:00:00,7185.0,7210.1455
2200-07-27 17:00:00,7100.0,7029.081
2200-07-27 18:00:00,7035.0,6967.9473
2200-07-27 19:00:00,6968.0,6964.3975
2200-07-27 20:00:00,6919.0,6875.003
2200-07-27 21:00:00,6878.0,6901.8154
2200-07-27 22:00:00,6848.0,6858.5303
2200-07-27 23:00:00,6819.0,6816.3213
2200-07-28 00:00:00,6761.0,6696.7285
2200-07-28 01:00:00,6712.0,6614.833
2200-07-28 02:00:00,6658.0,6576.7744
2200-07-28 03:00:00,6619.0,6435.1343
2200-07-28 04:00:00,6568.0,6409.556
2200-07-28 05:00:00,6515.0,6261.1396
2200-07-28 06:00:00,6477.0,6689.789
2200-07-28 07:00:00,6461.0,6814.006
2200-07-28 08:00:00,6453.0,7041.624
2200-07-28 09:00:00,6438.0,6490.5586
2200-07-28 10:00:00,6416.0,6736.8867
2200-07-28 11:00:00,6381.0,7055.505
2200-07-28 12:00:00,6362.0,6970.4873
2200-07-28 13:00:00,6338.0,6791.7383
2200-07-28 14:00:00,6304.0,6728.3037
2200-07-28 15:00:00,6248.0,6700.0205
2200-07-28 16:00:00,6222.0,6293.053
2200-07-28 17:00:00,6197.0,6378.95
2200-07-28 18:00:00,6167.0,6107.61
2200-07-28 19:00:00,6132.0,5587.2725
2200-07-28 20:00:00,6104.0,4991.0635
2200-07-28 21:00:00,6097.0,6467.455
2200-07-28 22:00:00,6081.0,7517.045
2200-07-28 23:00:00,6083.0,7792.948
2200-07-29 00:00:00,6103.0,8142.911
2200-07-29 01:00:00,6140.0,8238.666
2200-07-29 02:00:00,6230.0,8454.736
2200-07-29 03:00:00,6338.0,8671.289
2200-07-29 04:00:00,6430.0,8736.821
2200-07-29 05:00:00,6528.0,8921.169
2200-07-29 06:00:00,6641.0,8958.686
2200-07-29 07:00:00,6727.0,9655.885
2200-07-29 08:00:00,6845.0,9826.722
2200-07-29 09:00:00,6976.0,10165.423
2200-07-29 10:00:00,7139.0,11118.36
2200-07-29 11:00:00,7332.0,11890.365
2200-07-29 12:00:00,7519.0,12249.86
2200-07-29 13:00:00,7724.0,12517.262
2200-07-29 14:00:00,7924.0,12828.998
2200-07-29 15:00:00,8143.0,13393.979
2200-07-29 16:00:00,8353.0,13362.405
2200-07-29 17:00:00,8567.0,13431.113
2200-07-29 18:00:00,8767.0,13981.069
2200-07-29 19:00:00,8941.0,14149.155
2200-07-29 20:00:00,9140.0,14304.338
2200-07-29 21:00:00,9368.0,14768.45
2200-07-29 22:00:00,9680.0,14700.228
2200-07-29 23:00:00,10006.0,14859.522
2200-07-30 00:00:00,10324.999,14908.023
2200-07-30 01:00:00,10599.999,15279.562
2200-07-30 02:00:00,10818.0,15538.993
2200-07-30 03:00:00,10987.0,15775.478
2200-07-30 04:00:00,11160.0,16293.271
2200-07-30 05:00:00,11293.0,16825.93
2200-07-30 06:00:00,11463.0,17415.986
2200-07-30 07:00:00,11718.0,17656.764
2200-07-30 08:00:00,11934.0,17775.18
2200-07-30 09:00:00,12184.0,18314.277
2200-07-30 10:00:00,12436.0,18604.785
2200-07-30 11:00:00,12676.0,18432.451
2200-07-30 12:00:00,12953.0,18772.93
2200-07-30 13:00:00,13235.0,18580.121
2200-07-30 14:00:00,13530.0,18297.455
2200-07-30 15:00:00,13891.0,18412.102
2200-07-30 16:00:00,14240.0,18651.035
2200-07-30 17:00:00,14524.0,17901.17
2200-07-30 18:00:00,14839.0,17841.205
2200-07-30 19:00:00,15104.0,17781.91
2200-07-30 20:00:00,15327.0,17586.207
2200-07-30 21:00:00,15540.0,17460.895
2200-07-30 22:00:00,15788.0,17413.273
2200-07-30 23:00:00,15984.001,17235.76
2200-07-31 00:00:00,16156.0,17015.354
2200-07-31 01:00:00,16306.0,16905.031
2200-07-31 02:00:00,16413.0,16551.53
2200-07-31 03:00:00,16529.0,16269.124
2200-07-31 04:00:00,16586.0,15909.307
2200-07-31 05:00:00,16624.0,15609.959
2200-07-31 06:00:00,16646.0,15226.708
2200-07-31 07:00:00,16659.0,14973.435
2200-07-31 08:00:00,16648.0,15042.213
2200-07-31 09:00:00,16573.0,14648.256
2200-07-31 10:00:00,16497.0,14780.47
2200-07-31 11:00:00,16371.999,14570.258
2200-07-31 12:00:00,16229.001,13745.229
2200-07-31 13:00:00,16033.0,14234.976
2200-07-31 14:00:00,15832.0,13380.42
2200-07-31 15:00:00,15640.0,13283.8545
2200-07-31 16:00:00,15402.0,13067.521
2200-07-31 17:00:00,15151.0,12984.102
2200-07-31 18:00:00,14849.0,12577.896
2200-07-31 19:00:00,14516.0,12429.766
2200-07-31 20:00:00,14234.0,12387.124
2200-07-31 21:00:00,13891.0,12288.98
2200-07-31 22:00:00,13627.0,12180.816
2200-07-31 23:00:00,13379.0,12080.446
2200-08-01 00:00:00,13206.0,12076.482
2200-08-01 01:00:00,12964.0,11898.827
2200-08-01 02:00:00,12768.0,11730.808
2200-08-01 03:00:00,12572.0,11554.983
2200-08-01 04:00:00,12373.0,11397.73
2200-08-01 05:00:00,12193.0,11275.5
2200-08-01 06:00:00,12050.0,11109.597
2200-08-01 07:00:00,11874.0,10956.716
2200-08-01 08:00:00,11648.0,11160.417
2200-08-01 09:00:00,11504.0,10986.382
2200-08-01 10:00:00,11382.0,10843.242
2200-08-01 11:00:00,11204.0,10234.462
2200-08-01 12:00:00,11045.0,9797.435
2200-08-01 13:00:00,10880.0,9504.676
2200-08-01 14:00:00,10734.0,9435.281
2200-08-01 15:00:00,10570.0,9416.631
2200-08-01 16:00:00,10447.0,9397.876
2200-08-01 17:00:00,10309.0,9297.891
2200-08-01 18:00:00,10198.0,9087.297
2200-08-01 19:00:00,10054.0,9199.779
2200-08-01 20:00:00,9924.0,9153.882
2200-08-01 21:00:00,9801.999,9119.496
2200-08-01 22:00:00,9683.0,9091.164
2200-08-01 23:00:00,9584.0,9077.286
2200-08-02 00:00:00,9464.0,9178.16
2200-08-02 01:00:00,9355.0,9128.573
2200-08-02 02:00:00,9264.999,9073.333
2200-08-02 03:00:00,9170.0,9033.721
2200-08-02 04:00:00,9093.0,8986.976
2200-08-02 05:00:00,9085.0,8926.682
2200-08-02 06:00:00,9082.0,8746.414
2200-08-02 07:00:00,9069.0,8595.117
2200-08-02 08:00:00,9102.0,8569.246
2200-08-02 09:00:00,9093.0,8518.89
2200-08-02 10:00:00,9099.0,8587.332
2200-08-02 11:00:00,9074.0,8505.589
2200-08-02 12:00:00,9050.0,8451.763
2200-08-02 13:00:00,9025.0,8455.618
2200-08-02 14:00:00,8985.0,8515.001
2200-08-02 15:00:00,8936.0,8459.038
2200-08-02 16:00:00,8924.0,8153.7773
2200-08-02 17:00:00,8896.0,8464.808
2200-08-02 18:00:00,8848.0,8358.818
2200-08-02 19:00:00,8829.0,8138.1533
2200-08-02 20:00:00,8800.0,7936.6934
2200-08-02 21:00:00,8787.0,7897.6533
2200-08-02 22:00:00,8725.0,7647.8174
2200-08-02 23:00:00,8641.0,8062.5723
2200-08-03 00:00:00,8549.0,8232.009
2200-08-03 01:00:00,8470.0,8112.743
2200-08-03 02:00:00,8443.0,8048.8926
2200-08-03 03:00:00,8412.0,7999.341
2200-08-03 04:00:00,8447.0,7896.1953
2200-08-03 05:00:00,8496.0,7788.5186
2200-08-03 06:00:00,8563.0,7128.9336
2200-08-03 07:00:00,8615.0,7520.3
2200-08-03 08:00:00,8679.0,7884.2393
2200-08-03 09:00:00,8786.0,7834.13
2200-08-03 10:00:00,8921.0,7890.0723
2200-08-03 11:00:00,9116.0,7949.035
2200-08-03 12:00:00,9314.0,8024.167
2200-08-03 13:00:00,9469.0,8043.036
2200-08-03 14:00:00,9575.0,7861.5293
2200-08-03 15:00:00,9630.0,7784.623
2200-08-03 16:00:00,9632.999,7708.3613
2200-08-03 17:00:00,9547.0,7475.544
2200-08-03 18:00:00,9493.0,7374.7617
2200-08-03 19:00:00,9402.0,7343.957
2200-08-03 20:00:00,9287.0,7314.626
2200-08-03 21:00:00,9194.0,7212.1045
2200-08-03 22:00:00,9082.0,7117.6426
2200-08-03 23:00:00,8964.0,7015.0977
2200-08-04 00:00:00,8854.0,6909.9375
2200-08-04 01:00:00,8756.0,6805.5635
2200-08-04 02:00:00,8633.0,6763.3496
2200-08-04 03:00:00,8538.0,6746.2354
2200-08-04 04:00:00,8458.0,6824.954
2200-08-04 05:00:00,8353.0,6857.8555
2200-08-04 06:00:00,8281.0,6862.288
2200-08-04 07:00:00,8197.0,6782.2197
2200-08-04 08:00:00,8119.0,6812.26
2200-08-04 09:00:00,8047.0,6855.871
2200-08-04 10:00:00,7972.0,6733.1924
2200-08-04 11:00:00,7918.0,6629.42
2200-08-04 12:00:00,7845.0,6334.5986
2200-08-04 13:00:00,7777.0,6475.2993
2200-08-04 14:00:00,7721.0,6377.5986
2200-08-04 15:00:00,7663.0,6217.192
2200-08-04 16:00:00,7606.0,6226.076
2200-08-04 17:00:00,7556.0,6357.659
2200-08-04 18:00:00,7503.0,6409.158
2200-08-04 19:00:00,7456.0,6453.4688
2200-08-04 20:00:00,7398.0,6437.688
2200-08-04 21:00:00,7339.0,6476.424
2200-08-04 22:00:00,7272.0,6455.1475
2200-08-04 23:00:00,7170.0,6362.8477
2200-08-05 00:00:00,7074.0,6265.0127
2200-08-05 01:00:00,6975.0,6267.2646
2200-08-05 02:00:00,6888.0,6152.001
2200-08-05 03:00:00,6815.0,6153.9053
2200-08-05 04:00:00,6758.0,6037.666
2200-08-05 05:00:00,6696.0,5969.7524
2200-08-05 06:00:00,6650.0,5832.316
2200-08-05 07:00:00,6601.0,5898.8774
2200-08-05 08:00:00,6551.0,5882.455
2200-08-05 09:00:00,6514.0,5651.775
2200-08-05 10:00:00,6466.0,5645.5376
2200-08-05 11:00:00,6424.0,5567.526
2200-08-05 12:00:00,6378.0,5417.957
2200-08-05 13:00:00,6338.0,5258.6465
2200-08-05 14:00:00,6295.0,5003.6523
2200-08-05 15:00:00,6257.0,4799.8154
2200-08-05 16:00:00,6217.0,4758.746
2200-08-05 17:00:00,6180.0,4725.9463
2200-08-05 18:00:00,6131.0,4815.51
2200-08-05 19:00:00,6091.0,4918.798
2200-08-05 20:00:00,6042.0,4866.504
2200-08-05 21:00:00,6004.0,4856.371
2200-08-05 22:00:00,5953.0,4826.8477
2200-08-05 23:00:00,5912.0,4760.9863
2200-08-06 00:00:00,5871.0,4538.711
2200-08-06 01:00:00,5825.0,4446.1406
2200-08-06 02:00:00,5788.0,4302.795
2200-08-06 03:00:00,5735.0,4175.515
2200-08-06 04:00:00,5668.0,4066.501
2200-08-06 05:00:00,5585.0,3989.582
2200-08-06 06:00:00,5480.0,3889.3564
2200-08-06 07:00:00,5370.0,3772.5947
2200-08-06 08:00:00,5270.0,3616.1045
2200-08-06 09:00:00,5176.0,3462.0696
2200-08-06 10:00:00,5093.0,3043.5269
2200-08-06 11:00:00,5006.0,2670.301
2200-08-06 12:00:00,4941.0,2597.099
2200-08-06 13:00:00,4889.0,2222.3115
2200-08-06 14:00:00,4823.0,2302.125
2200-08-06 15:00:00,4774.0,2818.503
2200-08-06 16:00:00,4723.0,2980.037
2200-08-06 17:00:00,4674.0,2990.2378
2200-08-06 18:00:00,4613.0,2983.741
2200-08-06 19:00:00,4566.0,2986.173
2200-08-06 20:00:00,4507.0,3051.7974
2200-08-06 21:00:00,4457.0,3109.2754
2200-08-06 22:00:00,4415.0,3160.5474
2200-08-06 23:00:00,4380.0,3212.559
2200-08-07 00:00:00,4338.0,3245.2979
2200-08-07 01:00:00,4313.0,3269.292
2200-08-07 02:00:00,4280.0,3305.5742
2200-08-07 03:00:00,4251.0,3297.4673
2200-08-07 04:00:00,4219.0,3282.529
2200-08-07 05:00:00,4190.0,3292.9524
2200-08-07 06:00:00,4157.0,3291.7085
2200-08-07 07:00:00,4121.0,3334.4104
2200-08-07 08:00:00,4088.0,3343.9639
2200-08-07 09:00:00,4063.0,3319.558
2200-08-07 10:00:00,4034.0,3343.7773
2200-08-07 11:00:00,3993.0,3193.7263
2200-08-07 12:00:00,3973.0,2924.2817
2200-08-07 13:00:00,3951.0,2916.6257
2200-08-07 14:00:00,3934.0,2693.7136
2200-08-07 15:00:00,3906.0,2841.4258
2200-08-07 16:00:00,3889.0,2885.7273
2200-08-07 17:00:00,3857.0,2961.999
2200-08-07 18:00:00,3837.0,2986.508
2200-08-07 19:00:00,3815.0,3042.5469
2200-08-07 20:00:00,3790.0,3004.8938
2200-08-07 21:00:00,3759.0,2959.207
2200-08-07 22:00:00,3731.0,2969.742
2200-08-07 23:00:00,3709.0,2989.2695
2200-08-08 00:00:00,3680.0,2826.2502
2200-08-08 01:00:00,3661.0,2866.6287
2200-08-08 02:00:00,3630.0,2938.7563
2200-08-08 03:00:00,3609.0,2964.905
2200-08-08 04:00:00,3591.0,2962.9177
2200-08-08 05:00:00,3561.0,2957.2778
2200-08-08 06:00:00,3532.0,2935.29
2200-08-08 07:00:00,3512.0,2951.4822
2200-08-08 08:00:00,3494.0,3084.6895
2200-08-08 09:00:00,3479.0,3260.4282
2200-08-08 10:00:00,3449.0,3170.8228
2200-08-08 11:00:00,3430.0,2995.7607
2200-08-08 12:00:00,3418.0,2747.264
2200-08-08 13:00:00,3396.0,2618.2593
2200-08-08 14:00:00,3369.0,2613.4792
2200-08-08 15:00:00,3357.0,2575.4705
2200-08-08 16:00:00,3341.0,2523.1646
2200-08-08 17:00:00,3325.0,2538.8962
2200-08-08 18:00:00,3303.0,2670.6223
2200-08-08 19:00:00,3288.0,2708.2356
2200-08-08 20:00:00,3261.0,2707.2275
2200-08-08 21:00:00,3227.0,2714.182
2200-08-08 22:00:00,3184.0,2718.4531
2200-08-08 23:00:00,3145.0,2665.9524
2200-08-09 00:00:00,3122.0,2738.2112
2200-08-09 01:00:00,3098.0,2714.0417
2200-08-09 02:00:00,3076.0,2652.2173
2200-08-09 03:00:00,3054.0,2650.6755
2200-08-09 04:00:00,3041.0,2602.2693
2200-08-09 05:00:00,3021.0,2564.7341
2200-08-09 06:00:00,3005.0,2499.2056
2200-08-09 07:00:00,2997.0,2531.1292
2200-08-09 08:00:00,2981.0,2700.8318
2200-08-09 09:00:00,2972.0,2716.3823
2200-08-09 10:00:00,2951.0,2741.0933
2200-08-09 11:00:00,2939.0,2657.2966
2200-08-09 12:00:00,2931.0,2657.1128
2200-08-09 13:00:00,2918.0,2655.6606
2200-08-09 14:00:00,2897.0,2655.651
2200-08-09 15:00:00,2882.0,2725.0857
2200-08-09 16:00:00,2870.0,2844.9163
2200-08-09 17:00:00,2849.0,2917.715
2200-08-09 18:00:00,2838.0,2945.2617
2200-08-09 19:00:00,2830.0,2920.7163
2200-08-09 20:00:00,2816.0,2742.4502
2200-08-09 21:00:00,2802.0,2541.0
2200-08-09 22:00:00,2787.0,2327.6987
2200-08-09 23:00:00,2770.0,2129.8774
2200-08-10 00:00:00,2753.0,1565.9928
2200-08-10 01:00:00,2736.0,1435.4768
2200-08-10 02:00:00,2724.0,1355.3934
2200-08-10 03:00:00,2712.0,1309.8826
2200-08-10 04:00:00,2700.0,1289.5146
2200-08-10 05:00:00,2690.0,1321.696
2200-08-10 06:00:00,2674.0,1340.2344
2200-08-10 07:00:00,2668.0,1425.9606
2200-08-10 08:00:00,2656.0,1710.6841
2200-08-10 09:00:00,2642.0,1824.9573
2200-08-10 10:00:00,2635.0,1815.6078
2200-08-10 11:00:00,2620.0,1804.2201
2200-08-10 12:00:00,2611.0,1939.1151
2200-08-10 13:00:00,2595.0,2174.1846
2200-08-10 14:00:00,2581.0,2199.1472
2200-08-10 15:00:00,2572.0,2352.5933
2200-08-10 16:00:00,2560.0,2437.4712
2200-08-10 17:00:00,2550.0,2432.5532
2200-08-10 18:00:00,2550.0,2452.944
2200-08-10 19:00:00,2533.0,2566.2468
2200-08-10 20:00:00,2528.0,2385.9434
2200-08-10 21:00:00,2515.0,2096.299
2200-08-10 22:00:00,2505.0,1876.7141
2200-08-10 23:00:00,2498.0,1708.5659
2200-08-11 00:00:00,2486.0,1549.0806
2200-08-11 01:00:00,2485.0,1366.7212
2200-08-11 02:00:00,2469.0,1293.2366
2200-08-11 03:00:00,2469.0,1192.4971
2200-08-11 04:00:00,2464.0,1155.405
2200-08-11 05:00:00,2445.0,1135.8937
2200-08-11 06:00:00,2436.0,1141.7983
2200-08-11 07:00:00,2436.0,1302.7814
2200-08-11 08:00:00,2426.0,1507.8289
2200-08-11 09:00:00,2414.0,1452.553
2200-08-11 10:00:00,2403.0,1442.6882
2200-08-11 11:00:00,2389.0,1545.5271
2200-08-11 12:00:00,2395.0,1737.1641
2200-08-11 13:00:00,2379.0,1898.4377
2200-08-11 14:00:00,2377.0,1933.4758
2200-08-11 15:00:00,2371.0,1919.6915
2200-08-11 16:00:00,2361.0,1934.9475
2200-08-11 17:00:00,2352.0,2121.4648
2200-08-11 18:00:00,2341.0,2093.0498
2200-08-11 19:00:00,2342.0,2243.573
2200-08-11 20:00:00,2324.0,2193.8618
2200-08-11 21:00:00,2315.0,2135.3623
2200-08-11 22:00:00,2322.0,2018.0784
2200-08-11 23:00:00,2306.0,1849.6582
2200-08-12 00:00:00,2301.0,1719.8667
2200-08-12 01:00:00,2298.0,1579.1276
2200-08-12 02:00:00,2291.0,1467.2866
2200-08-12 03:00:00,2279.0,1364.1134
2200-08-12 04:00:00,2275.0,1308.9385
2200-08-12 05:00:00,2271.0,1257.0215
2200-08-12 06:00:00,2258.0,1258.4683
2200-08-12 07:00:00,2248.0,1250.255
2200-08-12 08:00:00,2250.0,1397.216
2200-08-12 09:00:00,2240.0,1548.6616
2200-08-12 10:00:00,2238.0,1556.6
2200-08-12 11:00:00,2230.0,1691.2039
2200-08-12 12:00:00,2217.0,1789.6475
2200-08-12 13:00:00,2219.0,1822.3025
2200-08-12 14:00:00,2210.0,1836.9613
2200-08-12 15:00:00,2206.0,1722.4014
2200-08-12 16:00:00,2196.0,1676.6404
2200-08-12 17:00:00,2190.0,1951.7142
2200-08-12 18:00:00,2182.0,1936.0645
2200-08-12 19:00:00,2177.0,2204.5073
2200-08-12 20:00:00,2170.0,2136.6233
2200-08-12 21:00:00,2157.0,2093.5457
2200-08-12 22:00:00,2152.0,2066.6724
2200-08-12 23:00:00,2130.0,1933.8925
2200-08-13 00:00:00,2117.0,1787.8611
2200-08-13 01:00:00,2102.0,1638.5583
2200-08-13 02:00:00,2094.0,1543.5236
2200-08-13 03:00:00,2076.0,1467.355
2200-08-13 04:00:00,2068.0,1398.3235
2200-08-13 05:00:00,2055.0,1326.7456
2200-08-13 06:00:00,2051.0,1285.1156
2200-08-13 07:00:00,2037.0,1358.3412
2200-08-13 08:00:00,2030.0,1492.5896
2200-08-13 09:00:00,2015.0,1471.6941
2200-08-13 10:00:00,2003.0,1514.8488
2200-08-13 11:00:00,1987.0,1552.2104
2200-08-13 12:00:00,1975.0,1546.2417
2200-08-13 13:00:00,1962.0,1521.4426
2200-08-13 14:00:00,1953.0,1492.3466
2200-08-13 15:00:00,1954.0,1438.026
2200-08-13 16:00:00,1941.0,1739.2778
2200-08-13 17:00:00,1935.0,1762.0272
2200-08-13 18:00:00,1926.0,2064.6353
2200-08-13 19:00:00,1914.0,2097.2444
2200-08-13 20:00:00,1911.0,2009.6376
2200-08-13 21:00:00,1905.0,2004.6571
2200-08-13 22:00:00,1892.0,1993.9612
2200-08-13 23:00:00,1887.0,1942.4583
2200-08-14 00:00:00,1879.0,1620.6057
2200-08-14 01:00:00,1869.0,1552.3547
2200-08-14 02:00:00,1865.0,1521.7207
2200-08-14 03:00:00,1864.0,1467.418
2200-08-14 04:00:00,1857.0,1482.4434
2200-08-14 05:00:00,1852.0,1422.9281
2200-08-14 06:00:00,1841.0,1439.7297
2200-08-14 07:00:00,1843.0,1446.1725
2200-08-14 08:00:00,1840.0,1510.7424
2200-08-14 09:00:00,1831.0,1583.502
2200-08-14 10:00:00,1823.0,1764.3005
2200-08-14 11:00:00,1816.0,1868.4121
2200-08-14 12:00:00,1811.0,1987.9557
2200-08-14 13:00:00,1797.0,2039.3196
2200-08-14 14:00:00,1799.0,2051.2036
2200-08-14 15:00:00,1789.0,1991.4355
2200-08-14 16:00:00,1783.0,2185.3215
2200-08-14 17:00:00,1784.0,2135.0996
2200-08-14 18:00:00,1767.0,2217.4492
2200-08-14 19:00:00,1768.0,2108.2563
2200-08-14 20:00:00,1762.0,1954.3547
2200-08-14 21:00:00,1750.0,1927.2484
2200-08-14 22:00:00,1758.0,1802.0237
2200-08-14 23:00:00,1746.0,1717.3184
2200-08-15 00:00:00,1744.0,1365.5259
2200-08-15 01:00:00,1738.0,1236.0015
2200-08-15 02:00:00,1726.0,1103.2634
2200-08-15 03:00:00,1732.0,958.67126
2200-08-15 04:00:00,1729.0,877.8927
2200-08-15 05:00:00,1722.0,873.68604
2200-08-15 06:00:00,1719.0,809.83264
2200-08-15 07:00:00,1716.0,904.6731
2200-08-15 08:00:00,1701.0,1090.4171
2200-08-15 09:00:00,1697.0,1215.6272
2200-08-15 10:00:00,1692.0,1375.3646
2200-08-15 11:00:00,1688.0,1301.9777
2200-08-15 12:00:00,1688.0,1341.639
2200-08-15 13:00:00,1680.0,1141.8824
2200-08-15 14:00:00,1667.0,1120.233
2200-08-15 15:00:00,1662.0,978.68677
2200-08-15 16:00:00,1667.0,886.76917
2200-08-15 17:00:00,1659.0,1156.0475
2200-08-15 18:00:00,1651.0,1169.4725
2200-08-15 19:00:00,1652.0,1464.2302
2200-08-15 20:00:00,1638.0,1378.6139
2200-08-15 21:00:00,1624.0,1451.3527
2200-08-15 22:00:00,1617.0,1339.3346
2200-08-15 23:00:00,1621.0,1179.5402
2200-08-16 00:00:00,1608.0,998.4949
2200-08-16 01:00:00,1602.0,853.9822
2200-08-16 02:00:00,1600.0,743.92053
2200-08-16 03:00:00,1599.0,615.8092
2200-08-16 04:00:00,1593.0,475.87366
2200-08-16 05:00:00,1588.0,339.9568
2200-08-16 06:00:00,1593.0,253.9646
2200-08-16 07:00:00,1589.0,334.4558
2200-08-16 08:00:00,1583.0,507.72864
2200-08-16 09:00:00,1575.0,645.3572
2200-08-16 10:00:00,1571.0,652.3031
2200-08-16 11:00:00,1564.0,749.9044
2200-08-16 12:00:00,1556.0,811.30383
2200-08-16 13:00:00,1551.0,754.8655
2200-08-16 14:00:00,1542.0,702.6985
2200-08-16 15:00:00,1546.0,574.5978
2200-08-16 16:00:00,1536.0,425.45044
2200-08-16 17:00:00,1528.0,751.39294
2200-08-16 18:00:00,1530.0,808.81616
2200-08-16 19:00:00,1517.0,808.7693
2200-08-16 20:00:00,1512.0,741.4404
2200-08-16 21:00:00,1512.0,997.8933
2200-08-16 22:00:00,1513.0,1084.0626
2200-08-16 23:00:00,1503.0,1050.5883
2200-08-17 00:00:00,1502.0,988.59436
2200-08-17 01:00:00,1497.0,948.2925
2200-08-17 02:00:00,1494.0,856.364
2200-08-17 03:00:00,1495.0,776.01904
2200-08-17 04:00:00,1486.0,762.7551
2200-08-17 05:00:00,1488.0,709.6787
2200-08-17 06:00:00,1482.0,748.3462
2200-08-17 07:00:00,1471.0,845.7174
2200-08-17 08:00:00,1476.0,1046.5544
2200-08-17 09:00:00,1470.0,898.5974
2200-08-17 10:00:00,1459.0,861.3042
2200-08-17 11:00:00,1463.0,709.23975
2200-08-17 12:00:00,1460.0,585.7063
2200-08-17 13:00:00,1456.0,161.23535
2200-08-17 14:00:00,1445.0,359.4165
2200-08-17 15:00:00,1437.0,359.3098
2200-08-17 16:00:00,1438.0,352.64233
2200-08-17 17:00:00,1443.0,719.01733
2200-08-17 18:00:00,1436.0,630.3522
2200-08-17 19:00:00,1434.0,913.85046
2200-08-17 20:00:00,1427.0,830.7333
2200-08-17 21:00:00,1428.0,838.7257
2200-08-17 22:00:00,1417.0,871.62134
2200-08-17 23:00:00,1419.0,874.6797
2200-08-18 00:00:00,1409.0,775.0475
2200-08-18 01:00:00,1398.0,817.7743
2200-08-18 02:00:00,1403.0,852.67725
2200-08-18 03:00:00,1404.0,842.4193
2200-08-18 04:00:00,1398.0,833.3331
2200-08-18 05:00:00,1397.0,864.9888
2200-08-18 06:00:00,1390.0,921.1339
2200-08-18 07:00:00,1386.0,1017.9204
2200-08-18 08:00:00,1387.0,1228.8054
2200-08-18 09:00:00,1384.0,929.6671
2200-08-18 10:00:00,1378.0,800.473
2200-08-18 11:00:00,1375.0,626.61475
2200-08-18 12:00:00,1371.0,464.98584
2200-08-18 13:00:00,1364.0,483.91528
2200-08-18 14:00:00,1368.0,474.23547
2200-08-18 15:00:00,1365.0,467.18152
2200-08-18 16:00:00,1365.0,407.08984
2200-08-18 17:00:00,1360.0,674.27734
2200-08-18 18:00:00,1352.0,635.7805
2200-08-18 19:00:00,1348.0,882.0443
2200-08-18 20:00:00,1344.0,779.41724
2200-08-18 21:00:00,1334.0,755.08105
2200-08-18 22:00:00,1335.0,801.34265
2200-08-18 23:00:00,1328.0,870.2036
2200-08-19 00:00:00,1328.0,725.28687
2200-08-19 01:00:00,1326.0,713.95544
2200-08-19 02:00:00,1322.0,664.67944
2200-08-19 03:00:00,1320.0,654.95154
2200-08-19 04:00:00,1321.0,634.7455
2200-08-19 05:00:00,1317.0,596.0819
2200-08-19 06:00:00,1316.0,687.6217
2200-08-19 07:00:00,1314.0,757.00134
2200-08-19 08:00:00,1307.0,1032.4099
2200-08-19 09:00:00,1306.0,882.4802
2200-08-19 10:00:00,1303.0,813.79614
2200-08-19 11:00:00,1297.0,258.917
2200-08-19 12:00:00,1297.0,210.51245
2200-08-19 13:00:00,1299.0,172.07153
2200-08-19 14:00:00,1289.0,96.578125
2200-08-19 15:00:00,1291.0,514.3977
2200-08-19 16:00:00,1290.0,508.18494
2200-08-19 17:00:00,1288.0,811.0292
2200-08-19 18:00:00,1277.0,795.5415
2200-08-19 19:00:00,1273.0,974.8259
2200-08-19 20:00:00,1267.0,927.25793
2200-08-19 21:00:00,1259.0,779.89075
2200-08-19 22:00:00,1258.0,830.4094
2200-08-19 23:00:00,1249.0,731.48
2200-08-20 00:00:00,1241.0,808.8275
2200-08-20 01:00:00,1238.0,670.1448
2200-08-20 02:00:00,1233.0,632.56116
2200-08-20 03:00:00,1229.0,546.08813
2200-08-20 04:00:00,1228.0,532.8513
2200-08-20 05:00:00,1224.0,488.21252
2200-08-20 06:00:00,1221.0,514.54785
2200-08-20 07:00:00,1216.0,511.52197
2200-08-20 08:00:00,1214.0,728.10156
2200-08-20 09:00:00,1209.0,565.17554
2200-08-20 10:00:00,1205.0,488.60608
2200-08-20 11:00:00,1195.0,163.53003
2200-08-20 12:00:00,1187.0,-2.0234375
2200-08-20 13:00:00,1174.0,-47.544678
2200-08-20 14:00:00,1165.0,72.65259
2200-08-20 15:00:00,1158.0,95.19556
2200-08-20 16:00:00,1153.0,386.5149
2200-08-20 17:00:00,1147.0,578.6688
2200-08-20 18:00:00,1142.0,542.2455
2200-08-20 19:00:00,1138.0,820.69055
2200-08-20 20:00:00,1131.0,786.85803
2200-08-20 21:00:00,1130.0,810.2439
2200-08-20 22:00:00,1121.0,696.0751
2200-08-20 23:00:00,1115.0,648.03784
2200-08-21 00:00:00,1113.0,638.2512
2200-08-21 01:00:00,1108.0,533.9292
2200-08-21 02:00:00,1107.0,484.25415
2200-08-21 03:00:00,1102.0,329.9436
2200-08-21 04:00:00,1099.0,293.2334
2200-08-21 05:00:00,1095.0,218.60547
2200-08-21 06:00:00,1094.0,221.26562
2200-08-21 07:00:00,1088.0,245.58813
2200-08-21 08:00:00,1088.0,287.57495
2200-08-21 09:00:00,1084.0,147.18823
2200-08-21 10:00:00,1081.0,86.05005
2200-08-21 11:00:00,1077.0,-161.61108
2200-08-21 12:00:00,1072.0,-233.84131
2200-08-21 13:00:00,1066.0,-301.05786
2200-08-21 14:00:00,1064.0,-311.88037
2200-08-21 15:00:00,1062.0,-455.34766
2200-08-21 16:00:00,1061.0,-137.5542
2200-08-21 17:00:00,1057.0,269.56763
2200-08-21 18:00:00,1053.0,224.65234
2200-08-21 19:00:00,1049.0,512.7894
2200-08-21 20:00:00,1045.0,535.77783
2200-08-21 21:00:00,1034.0,571.0846
2200-08-21 22:00:00,1037.0,539.817
2200-08-21 23:00:00,1038.0,523.1111
2200-08-22 00:00:00,1034.0,418.4568
2200-08-22 01:00:00,1028.0,299.53003
2200-08-22 02:00:00,1024.0,212.57788
2200-08-22 03:00:00,1022.0,127.21265
2200-08-22 04:00:00,1021.0,19.848389
2200-08-22 05:00:00,1021.0,-57.937744
2200-08-22 06:00:00,1017.0,-15.185791
2200-08-22 07:00:00,1017.0,-24.302002
2200-08-22 08:00:00,1010.0,87.29907
2200-08-22 09:00:00,1009.0,-47.178467
2200-08-22 10:00:00,1006.0,7.9680176
2200-08-22 11:00:00,1000.0,76.274414
2200-08-22 12:00:00,982.0,-311.2063
2200-08-22 13:00:00,968.0,-421.05176
2200-08-22 14:00:00,958.0,-461.948
2200-08-22 15:00:00,941.0,-86.372314
2200-08-22 16:00:00,923.0,-171.2478
2200-08-22 17:00:00,905.0,156.72021
2200-08-22 18:00:00,885.0,146.02393
2200-08-22 19:00:00,861.0,420.13794
2200-08-22 20:00:00,847.0,465.55908
2200-08-22 21:00:00,831.9999,465.94275
2200-08-22 22:00:00,824.0,578.3269
2200-08-22 23:00:00,810.0001,556.1167
2200-08-23 00:00:00,778.0,403.3059
2200-08-23 01:00:00,743.9999,278.3015
2200-08-23 02:00:00,758.0,161.61865
2200-08-23 03:00:00,833.0001,66.69336
2200-08-23 04:00:00,882.0,6.59375
2200-08-23 05:00:00,903.0,-40.837646
2200-08-23 06:00:00,914.0,-18.608398
2200-08-23 07:00:00,921.0,16.093262
2200-08-23 08:00:00,920.0,169.85278
2200-08-23 09:00:00,920.0,85.82861
2200-08-23 10:00:00,910.0,106.56494
2200-08-23 11:00:00,898.0,165.04688
2200-08-23 12:00:00,894.0,-151.08105
2200-08-23 13:00:00,889.0,-235.81152
2200-08-23 14:00:00,889.0,65.02539
2200-08-23 15:00:00,888.0,129.49194
2200-08-23 16:00:00,888.0,38.619385
2200-08-23 17:00:00,884.0,410.15112
2200-08-23 18:00:00,878.0,181.57568
2200-08-23 19:00:00,877.0,478.44128
2200-08-23 20:00:00,876.0,505.92822
2200-08-23 21:00:00,870.0,524.9834
2200-08-23 22:00:00,870.0,492.68237
2200-08-23 23:00:00,866.0,437.4807
2200-08-24 00:00:00,867.0,361.6272
2200-08-24 01:00:00,866.0,269.5149
2200-08-24 02:00:00,864.0,161.04224
2200-08-24 03:00:00,864.0,64.434326
2200-08-24 04:00:00,864.0,19.117188
2200-08-24 05:00:00,865.0,10.330322
2200-08-24 06:00:00,864.0,-18.512695
2200-08-24 07:00:00,859.0,43.897217
2200-08-24 08:00:00,858.0,253.948
2200-08-24 09:00:00,860.0,469.91968
2200-08-24 10:00:00,857.0,708.28357
2200-08-24 11:00:00,857.0,750.1632
2200-08-24 12:00:00,856.0,825.0552
2200-08-24 13:00:00,857.0,830.6576
2200-08-24 14:00:00,856.0,718.8949
2200-08-24 15:00:00,854.0,528.09937
2200-08-24 16:00:00,857.0,793.8718
2200-08-24 17:00:00,856.0,595.8955
2200-08-24 18:00:00,855.0,786.64294
2200-08-24 19:00:00,851.0,606.1542
2200-08-24 20:00:00,848.0,487.17322
2200-08-24 21:00:00,844.9999,391.77344
2200-08-24 22:00:00,846.0001,316.78955
2200-08-24 23:00:00,844.0,155.52686
2200-08-25 00:00:00,843.0,102.40991
2200-08-25 01:00:00,841.9999,-4.720215
2200-08-25 02:00:00,841.9999,-56.139893
2200-08-25 03:00:00,838.0,-144.02246
2200-08-25 04:00:00,838.9999,-100.22119
2200-08-25 05:00:00,838.9999,-103.26123
2200-08-25 06:00:00,836.0001,-51.6604
2200-08-25 07:00:00,836.0001,73.400635
2200-08-25 08:00:00,835.0,178.73682
2200-08-25 09:00:00,836.0001,230.77686
2200-08-25 10:00:00,833.0001,415.14966
2200-08-25 11:00:00,831.9999,550.4956
2200-08-25 12:00:00,831.9999,604.05383
2200-08-25 13:00:00,834.0,639.9713
2200-08-25 14:00:00,831.9999,632.68567
2200-08-25 15:00:00,831.9999,490.63635
2200-08-25 16:00:00,833.0001,661.3511
2200-08-25 17:00:00,830.0,568.86523
2200-08-25 18:00:00,830.0,681.90454
2200-08-25 19:00:00,830.0,650.9171
2200-08-25 20:00:00,831.9999,631.22485
2200-08-25 21:00:00,831.0,561.69666
2200-08-25 22:00:00,828.9999,470.37866
2200-08-25 23:00:00,826.0001,477.83252
2200-08-26 00:00:00,824.0,473.52502
2200-08-26 01:00:00,826.0001,485.07007
2200-08-26 02:00:00,824.0,460.76733
2200-08-26 03:00:00,822.0,488.59277
2200-08-26 04:00:00,822.0,529.3346
2200-08-26 05:00:00,823.0001,617.4652
2200-08-26 06:00:00,821.0,679.7467
2200-08-26 07:00:00,818.9999,808.6936
2200-08-26 08:00:00,818.0,922.00745
2200-08-26 09:00:00,818.9999,821.61487
2200-08-26 10:00:00,818.9999,743.05615
2200-08-26 11:00:00,815.9999,713.30884
2200-08-26 12:00:00,817.0,730.9568
2200-08-26 13:00:00,817.0,692.1356
2200-08-26 14:00:00,817.0,1026.0928
2200-08-26 15:00:00,818.0,759.3428
2200-08-26 16:00:00,817.0,570.9885
2200-08-26 17:00:00,814.0,873.2826
2200-08-26 18:00:00,814.0,870.2604
2200-08-26 19:00:00,814.0,1001.594
2200-08-26 20:00:00,812.0,967.693
2200-08-26 21:00:00,807.0,844.1008
2200-08-26 22:00:00,805.9999,842.31213
2200-08-26 23:00:00,804.0,799.75793
2200-08-27 00:00:00,802.9999,827.8701
2200-08-27 01:00:00,802.0,819.66455
2200-08-27 02:00:00,795.0,765.2991
2200-08-27 03:00:00,797.0001,844.7151
2200-08-27 04:00:00,797.0001,776.61206
2200-08-27 05:00:00,795.0,803.27625
2200-08-27 06:00:00,792.9999,891.75684
2200-08-27 07:00:00,791.0,997.66394
2200-08-27 08:00:00,790.0001,1061.7598
2200-08-27 09:00:00,792.0,899.9636
2200-08-27 10:00:00,789.0,879.3583
2200-08-27 11:00:00,776.0,540.04944
2200-08-27 12:00:00,684.9999,427.27344
2200-08-27 13:00:00,641.0,424.63208
2200-08-27 14:00:00,667.0,362.5901
2200-08-27 15:00:00,589.9999,324.45654
2200-08-27 16:00:00,537.0,549.82153
2200-08-27 17:00:00,604.0001,711.6443
2200-08-27 18:00:00,616.0,518.15906
2200-08-27 19:00:00,676.0001,779.563
2200-08-27 20:00:00,742.0,678.8823
2200-08-27 21:00:00,786.0,705.6052
2200-08-27 22:00:00,810.0001,761.4675
2200-08-27 23:00:00,824.0,751.87354
2200-08-28 00:00:00,828.9999,677.319
2200-08-28 01:00:00,831.9999,648.875
2200-08-28 02:00:00,834.0,638.53015
2200-08-28 03:00:00,836.0001,617.3174
2200-08-28 04:00:00,835.0,679.6521
2200-08-28 05:00:00,835.0,672.2649
2200-08-28 06:00:00,835.0,785.6217
2200-08-28 07:00:00,834.0,915.49756
2200-08-28 08:00:00,833.0001,937.3187
2200-08-28 09:00:00,830.0,776.7633
2200-08-28 10:00:00,827.0,851.88574
2200-08-28 11:00:00,823.0001,537.83923
2200-08-28 12:00:00,729.0,315.3828
2200-08-28 13:00:00,726.0,291.31787
2200-08-28 14:00:00,828.9999,426.96167
2200-08-28 15:00:00,828.9999,587.23254
2200-08-28 16:00:00,743.9999,590.6405
2200-08-28 17:00:00,722.0,981.755
2200-08-28 18:00:00,715.0001,714.36084
2200-08-28 19:00:00,725.0001,987.13196
2200-08-28 20:00:00,740.0,933.2388
2200-08-28 21:00:00,753.0,910.91077
2200-08-28 22:00:00,759.9999,885.51843
2200-08-28 23:00:00,763.0,899.2235
2200-08-29 00:00:00,761.0001,971.2334
2200-08-29 01:00:00,759.9999,873.3319
2200-08-29 02:00:00,755.0,934.8579
2200-08-29 03:00:00,750.0,1000.2362
2200-08-29 04:00:00,743.0,1074.8445
2200-08-29 05:00:00,737.0,1083.2272
2200-08-29 06:00:00,732.0,1198.474
2200-08-29 07:00:00,730.9999,1339.3306
2200-08-29 08:00:00,729.0,1294.4938
2200-08-29 09:00:00,720.9999,1146.9949
2200-08-29 10:00:00,709.0,1117.477
2200-08-29 11:00:00,624.0,1141.6803
2200-08-29 12:00:00,558.0001,1032.2389
2200-08-29 13:00:00,686.0001,1011.3668
2200-08-29 14:00:00,766.9999,944.80786
2200-08-29 15:00:00,792.0,896.8209
2200-08-29 16:00:00,808.9999,843.61426
2200-08-29 17:00:00,814.0,1058.0665
2200-08-29 18:00:00,815.0,980.15344
2200-08-29 19:00:00,828.9999,936.09485
2200-08-29 20:00:00,805.9999,832.28357
2200-08-29 21:00:00,778.0,703.2307
2200-08-29 22:00:00,756.0,601.6139
2200-08-29 23:00:00,741.0001,500.02783
2200-08-30 00:00:00,730.9999,383.29614
2200-08-30 01:00:00,722.0,363.19727
2200-08-30 02:00:00,717.0,332.47437
2200-08-30 03:00:00,713.0,326.66943
2200-08-30 04:00:00,712.0001,303.99658
2200-08-30 05:00:00,713.0,334.47388
2200-08-30 06:00:00,712.0001,439.05713
2200-08-30 07:00:00,713.0,490.0891
2200-08-30 08:00:00,710.0,541.9669
2200-08-30 09:00:00,707.0,573.3993
2200-08-30 10:00:00,704.0,471.04102
2200-08-30 11:00:00,701.0,445.26392
2200-08-30 12:00:00,696.0,646.59143
2200-08-30 13:00:00,691.0,586.6743
2200-08-30 14:00:00,680.0,468.57617
2200-08-30 15:00:00,666.0001,332.72266
2200-08-30 16:00:00,670.0,160.51953
2200-08-30 17:00:00,681.9999,354.04126
2200-08-30 18:00:00,693.0,492.96753
2200-08-30 19:00:00,704.0,355.05005
2200-08-30 20:00:00,715.0001,373.80933
2200-08-30 21:00:00,724.0,362.70166
2200-08-30 22:00:00,727.0,293.844
2200-08-30 23:00:00,722.0,249.46265
2200-08-31 00:00:00,717.9999,120.31543
2200-08-31 01:00:00,710.0,62.75122
2200-08-31 02:00:00,704.0,53.1792
2200-08-31 03:00:00,702.0001,43.325195
2200-08-31 04:00:00,700.0,130.50122
2200-08-31 05:00:00,697.0,197.67334
2200-08-31 06:00:00,694.0,295.60645
2200-08-31 07:00:00,693.0,408.53638
2200-08-31 08:00:00,690.0,467.18542
2200-08-31 09:00:00,689.0001,357.5288
2200-08-31 10:00:00,681.0,329.87256
2200-08-31 11:00:00,668.0,410.07666
2200-08-31 12:00:00,657.0,353.08276
2200-08-31 13:00:00,651.0,-19.343262
2200-08-31 14:00:00,652.0,-93.80054
2200-08-31 15:00:00,661.0,236.46338
2200-08-31 16:00:00,671.0,42.073486
2200-08-31 17:00:00,680.0,376.9829
2200-08-31 18:00:00,690.0,265.84106
2200-08-31 19:00:00,703.0,522.24243
2200-08-31 20:00:00,719.0,518.3541
2200-08-31 21:00:00,730.9999,618.5947
2200-08-31 22:00:00,733.9999,555.81726
2200-08-31 23:00:00,733.9999,572.40564
2200-09-01 00:00:00,727.0,460.20203
2200-09-01 01:00:00,717.9999,397.937
2200-09-01 02:00:00,710.9999,290.58057
2200-09-01 03:00:00,707.0,292.95996
2200-09-01 04:00:00,706.0,205.2041
2200-09-01 05:00:00,704.9999,258.38477
2200-09-01 06:00:00,703.0,352.90625
2200-09-01 07:00:00,701.0,311.13818
2200-09-01 08:00:00,701.0,565.8489
2200-09-01 09:00:00,699.0001,404.1858
2200-09-01 10:00:00,689.0001,442.46362
2200-09-01 11:00:00,676.0001,124.056885
2200-09-01 12:00:00,661.0,-27.11499
2200-09-01 13:00:00,656.0001,-63.32959
2200-09-01 14:00:00,656.0001,-101.00293
2200-09-01 15:00:00,660.0,-53.638184
2200-09-01 16:00:00,668.9999,128.91895
2200-09-01 17:00:00,676.0001,355.49194
2200-09-01 18:00:00,686.0001,216.54126
2200-09-01 19:00:00,694.0,404.67456
2200-09-01 20:00:00,704.9999,305.37012
2200-09-01 21:00:00,715.0001,379.5559
2200-09-01 22:00:00,720.0,294.54175
2200-09-01 23:00:00,717.0,297.94238
2200-09-02 00:00:00,707.9999,314.6526
2200-09-02 01:00:00,700.0,376.63135
2200-09-02 02:00:00,694.0,279.7705
2200-09-02 03:00:00,691.0,250.2915
2200-09-02 04:00:00,688.0,239.49536
2200-09-02 05:00:00,686.0001,228.63086
2200-09-02 06:00:00,688.0,292.29883
2200-09-02 07:00:00,686.0001,286.9519
2200-09-02 08:00:00,686.0001,520.70825
2200-09-02 09:00:00,681.9999,435.0459
2200-09-02 10:00:00,668.9999,445.52515
2200-09-02 11:00:00,624.0,133.55615
2200-09-02 12:00:00,560.0,70.4541
2200-09-02 13:00:00,547.9999,65.84253
2200-09-02 14:00:00,572.0,-32.45337
2200-09-02 15:00:00,596.0,-50.910645
2200-09-02 16:00:00,617.0001,179.2356
2200-09-02 17:00:00,635.9999,-50.19873
2200-09-02 18:00:00,650.0001,175.32764
2200-09-02 19:00:00,667.0,383.5786
2200-09-02 20:00:00,686.0001,248.35791
2200-09-02 21:00:00,699.0001,226.36108
2200-09-02 22:00:00,706.0,232.94775
2200-09-02 23:00:00,703.0,322.7744
2200-09-03 00:00:00,694.9999,304.66333
2200-09-03 01:00:00,684.0,354.59375
2200-09-03 02:00:00,678.0,346.69458
2200-09-03 03:00:00,674.9999,391.70093
2200-09-03 04:00:00,670.0,356.43042
2200-09-03 05:00:00,666.0001,407.42456
2200-09-03 06:00:00,664.0,542.37756
2200-09-03 07:00:00,665.0,580.21924
2200-09-03 08:00:00,666.0001,739.2388
2200-09-03 09:00:00,660.0,599.2594
2200-09-03 10:00:00,650.0001,651.7799
2200-09-03 11:00:00,635.0,659.5884
2200-09-03 12:00:00,619.0,354.01025
2200-09-03 13:00:00,612.0,545.0121
2200-09-03 14:00:00,612.0,471.90698
2200-09-03 15:00:00,616.0,345.48193
2200-09-03 16:00:00,622.9999,533.38745
2200-09-03 17:00:00,631.0,419.7068
2200-09-03 18:00:00,641.0,456.98743
2200-09-03 19:00:00,650.0001,355.61523
2200-09-03 20:00:00,658.9999,323.58545
2200-09-03 21:00:00,667.0,286.20728
2200-09-03 22:00:00,666.0001,273.50635
2200-09-03 23:00:00,658.9999,288.0752
2200-09-04 00:00:00,648.0,159.58057
2200-09-04 01:00:00,639.0,45.29834
2200-09-04 02:00:00,632.0,55.349854
2200-09-04 03:00:00,627.0001,9.116455
2200-09-04 04:00:00,625.0,-1.0144043
2200-09-04 05:00:00,621.0,-34.566895
2200-09-04 06:00:00,619.9999,-61.244385
2200-09-04 07:00:00,621.0,21.552246
2200-09-04 08:00:00,619.0,78.00049
2200-09-04 09:00:00,617.0001,320.49805
2200-09-04 10:00:00,614.0001,374.85693
2200-09-04 11:00:00,611.0,520.5609
2200-09-04 12:00:00,604.0001,559.90247
2200-09-04 13:00:00,599.0,748.9242
2200-09-04 14:00:00,585.0,737.22473
2200-09-04 15:00:00,569.0,669.3561
2200-09-04 16:00:00,569.0,731.82947
2200-09-04 17:00:00,578.0001,498.92786
2200-09-04 18:00:00,594.0001,400.11963
2200-09-04 19:00:00,609.0,435.7307
2200-09-04 20:00:00,619.9999,319.67627
2200-09-04 21:00:00,632.0,196.72583
2200-09-04 22:00:00,638.0,150.97046
2200-09-04 23:00:00,632.9999,76.545166
2200-09-05 00:00:00,624.0,-31.408203
2200-09-05 01:00:00,614.0001,-60.44507
2200-09-05 02:00:00,609.0,-96.30737
2200-09-05 03:00:00,605.0,-66.99243
2200-09-05 04:00:00,604.0001,-79.2063
2200-09-05 05:00:00,601.0001,-87.77515
2200-09-05 06:00:00,599.9999,-107.40552
2200-09-05 07:00:00,601.0001,-14.265137
2200-09-05 08:00:00,599.9999,83.19507
2200-09-05 09:00:00,596.9999,319.7085
2200-09-05 10:00:00,596.0,552.16223
2200-09-05 11:00:00,592.0,676.3071
2200-09-05 12:00:00,589.0,757.8507
2200-09-05 13:00:00,583.9999,1046.0544
2200-09-05 14:00:00,576.9999,888.6201
2200-09-05 15:00:00,558.0001,656.41516
2200-09-05 16:00:00,549.0,592.3871
2200-09-05 17:00:00,558.0001,412.104
2200-09-05 18:00:00,573.0,402.11084
2200-09-05 19:00:00,583.9999,426.45337
2200-09-05 20:00:00,596.0,340.46777
2200-09-05 21:00:00,604.0001,303.58423
2200-09-05 22:00:00,606.0,260.41455
2200-09-05 23:00:00,599.9999,213.35864
2200-09-06 00:00:00,593.0,42.957275
2200-09-06 01:00:00,586.0,-12.46167
2200-09-06 02:00:00,579.0,-10.954102
2200-09-06 03:00:00,573.0,-31.955078
2200-09-06 04:00:00,570.0,-100.92285
2200-09-06 05:00:00,569.0,-120.059814
2200-09-06 06:00:00,566.0,-180.23291
2200-09-06 07:00:00,565.0001,-195.47607
2200-09-06 08:00:00,563.9999,-151.79028
2200-09-06 09:00:00,560.9999,24.579346
2200-09-06 10:00:00,559.0,12.894043
2200-09-06 11:00:00,553.0,325.042
2200-09-06 12:00:00,552.0001,459.83594
2200-09-06 13:00:00,547.9999,590.68396
2200-09-06 14:00:00,543.0,602.2092
2200-09-06 15:00:00,536.0,527.83154
2200-09-06 16:00:00,526.0,605.13574
2200-09-06 17:00:00,518.0,390.4851
2200-09-06 18:00:00,522.0001,566.8508
2200-09-06 19:00:00,534.9999,557.2549
2200-09-06 20:00:00,554.0,518.4834
2200-09-06 21:00:00,568.0001,476.989
2200-09-06 22:00:00,573.9999,425.42627
2200-09-06 23:00:00,572.0,363.98047
2200-09-07 00:00:00,563.9999,227.8623
2200-09-07 01:00:00,555.0001,185.1582
2200-09-07 02:00:00,550.0,216.9563
2200-09-07 03:00:00,545.0001,222.521
2200-09-07 04:00:00,543.0,311.27808
2200-09-07 05:00:00,543.0,395.45728
2200-09-07 06:00:00,542.0001,484.86597
2200-09-07 07:00:00,540.0,605.5049
2200-09-07 08:00:00,540.9999,756.03174
2200-09-07 09:00:00,537.9999,987.0132
2200-09-07 10:00:00,534.0,1296.866
2200-09-07 11:00:00,527.9999,1307.5905
2200-09-07 12:00:00,521.0,1225.9806
2200-09-07 13:00:00,511.99988,1126.1775
2200-09-07 14:00:00,503.0,984.1211
2200-09-07 15:00:00,494.0,699.7577
2200-09-07 16:00:00,494.0,454.01367
2200-09-07 17:00:00,504.0,545.5342
2200-09-07 18:00:00,516.0001,669.5582
2200-09-07 19:00:00,530.0,925.6742
2200-09-07 20:00:00,545.0001,915.9203
2200-09-07 21:00:00,555.0001,993.50745
2200-09-07 22:00:00,563.9999,1011.89014
2200-09-07 23:00:00,560.0,1064.8107
2200-09-08 00:00:00,553.0,1085.9386
2200-09-08 01:00:00,543.0,1063.1295
2200-09-08 02:00:00,536.0,1168.1549
2200-09-08 03:00:00,532.0001,1204.5841
2200-09-08 04:00:00,527.9999,1242.9244
2200-09-08 05:00:00,524.9999,1267.7047
2200-09-08 06:00:00,526.0,1235.4839
2200-09-08 07:00:00,526.0,1223.403
2200-09-08 08:00:00,524.9999,1469.1659
2200-09-08 09:00:00,522.0001,1748.9307
2200-09-08 10:00:00,517.0,1773.8499
2200-09-08 11:00:00,511.99988,1695.0684
2200-09-08 12:00:00,505.0,1520.6355
2200-09-08 13:00:00,495.0,1259.7373
2200-09-08 14:00:00,484.0,974.8817
2200-09-08 15:00:00,472.0,824.4457
2200-09-08 16:00:00,473.00012,847.16846
2200-09-08 17:00:00,485.99988,832.5768
2200-09-08 18:00:00,503.0,834.33594
2200-09-08 19:00:00,517.0,1135.3087
2200-09-08 20:00:00,527.9999,1162.8735
2200-09-08 21:00:00,540.0,1173.6086
2200-09-08 22:00:00,545.0001,1205.1097
2200-09-08 23:00:00,543.0,1177.3525
2200-09-09 00:00:00,534.0,1191.5404
2200-09-09 01:00:00,526.0,1148.8282
2200-09-09 02:00:00,520.0,1145.0751
2200-09-09 03:00:00,518.0,1169.9215
2200-09-09 04:00:00,514.9999,1125.9203
2200-09-09 05:00:00,513.0,1144.8127
2200-09-09 06:00:00,511.99988,1125.2637
2200-09-09 07:00:00,509.00012,1122.1475
2200-09-09 08:00:00,510.0,1121.3959
2200-09-09 09:00:00,508.0,1244.4263
2200-09-09 10:00:00,506.00012,1333.9601
2200-09-09 11:00:00,501.99988,1307.7717
2200-09-09 12:00:00,498.0,1219.3147
2200-09-09 13:00:00,495.0,1196.2474
2200-09-09 14:00:00,494.0,1122.3501
2200-09-09 15:00:00,494.0,1003.72546
2200-09-09 16:00:00,491.99988,939.4761
2200-09-09 17:00:00,487.0,1018.5508
2200-09-09 18:00:00,493.00012,995.3468
2200-09-09 19:00:00,504.0,956.86426
2200-09-09 20:00:00,513.0,935.23145
2200-09-09 21:00:00,518.0,904.24255
2200-09-09 22:00:00,518.0,855.6653
2200-09-09 23:00:00,514.0,837.301
2200-09-10 00:00:00,511.0,1003.37195
2200-09-10 01:00:00,508.0,956.0183
2200-09-10 02:00:00,506.00012,1040.9242
2200-09-10 03:00:00,505.0,1055.6683
2200-09-10 04:00:00,503.0,1026.8932
2200-09-10 05:00:00,503.0,971.074
2200-09-10 06:00:00,501.0,984.1061
2200-09-10 07:00:00,500.0,942.0554
2200-09-10 08:00:00,500.0,927.57837
2200-09-10 09:00:00,496.00012,1204.1769
2200-09-10 10:00:00,491.99988,1385.2212
2200-09-10 11:00:00,488.0,1385.572
2200-09-10 12:00:00,487.0,1234.1747
2200-09-10 13:00:00,485.0,1113.4845
2200-09-10 14:00:00,484.0,979.2705
2200-09-10 15:00:00,484.0,789.1515
2200-09-10 16:00:00,478.99988,760.1256
2200-09-10 17:00:00,478.99988,722.8635
2200-09-10 18:00:00,487.0,784.52246
2200-09-10 19:00:00,491.0,836.5753
2200-09-10 20:00:00,496.00012,756.7007
2200-09-10 21:00:00,504.0,711.82275
2200-09-10 22:00:00,513.0,764.09106
2200-09-10 23:00:00,516.0001,774.8469
2200-09-11 00:00:00,511.99988,839.5211
2200-09-11 01:00:00,508.0,894.5951
2200-09-11 02:00:00,503.0,869.0874
2200-09-11 03:00:00,498.0,911.3489
2200-09-11 04:00:00,495.0,952.0663
2200-09-11 05:00:00,493.00012,965.57056
2200-09-11 06:00:00,493.00012,969.6135
2200-09-11 07:00:00,493.00012,956.58887
2200-09-11 08:00:00,493.00012,1008.3998
2200-09-11 09:00:00,491.99988,1313.3955
2200-09-11 10:00:00,488.99988,1563.2493
2200-09-11 11:00:00,487.0,1582.1023
2200-09-11 12:00:00,483.00012,1516.0004
2200-09-11 13:00:00,481.0,1348.8992
2200-09-11 14:00:00,478.0,1137.5902
2200-09-11 15:00:00,472.0,868.06104
2200-09-11 16:00:00,458.0,726.2782
2200-09-11 17:00:00,449.0,666.4945
2200-09-11 18:00:00,458.0,597.54126
2200-09-11 19:00:00,475.99988,671.58093
2200-09-11 20:00:00,496.00012,665.67114
2200-09-11 21:00:00,511.0,624.2024
2200-09-11 22:00:00,520.0,674.1537
2200-09-11 23:00:00,517.0,780.32263
2200-09-12 00:00:00,508.0,888.74426
2200-09-12 01:00:00,498.99988,980.6063
2200-09-12 02:00:00,491.0,1122.3379
2200-09-12 03:00:00,487.0,1147.2338
2200-09-12 04:00:00,485.0,1262.5582
2200-09-12 05:00:00,483.00012,1308.4927
2200-09-12 06:00:00,482.0,1325.3439
2200-09-12 07:00:00,482.0,1547.8967
2200-09-12 08:00:00,483.00012,1597.1016
2200-09-12 09:00:00,480.00012,1826.4702
2200-09-12 10:00:00,475.0,1488.6068
2200-09-12 11:00:00,464.0,1027.6102
2200-09-12 12:00:00,460.00012,709.8115
2200-09-12 13:00:00,464.0,388.4939
2200-09-12 14:00:00,469.0,230.56421
2200-09-12 15:00:00,475.0,163.37793
2200-09-12 16:00:00,480.00012,99.15723
2200-09-12 17:00:00,488.99988,420.38477
2200-09-12 18:00:00,498.99988,556.87585
2200-09-12 19:00:00,514.0,842.41455
2200-09-12 20:00:00,531.0,863.4794
2200-09-12 21:00:00,539.0,829.02734
2200-09-12 22:00:00,540.0,841.4083
2200-09-12 23:00:00,534.9999,803.72705
2200-09-13 00:00:00,526.0,872.83936
2200-09-13 01:00:00,513.0,823.2865
2200-09-13 02:00:00,503.0,903.8196
2200-09-13 03:00:00,498.99988,923.23157
2200-09-13 04:00:00,496.00012,986.953
2200-09-13 05:00:00,494.0,1034.63
2200-09-13 06:00:00,493.00012,1119.3318
2200-09-13 07:00:00,493.00012,1243.1844
2200-09-13 08:00:00,493.00012,1309.1348
2200-09-13 09:00:00,490.0,1190.1877
2200-09-13 10:00:00,482.0,1177.007
2200-09-13 11:00:00,472.0,1005.3511
2200-09-13 12:00:00,457.00012,792.4093
2200-09-13 13:00:00,446.0,769.1168
2200-09-13 14:00:00,443.0,913.5709
2200-09-13 15:00:00,446.0,873.9238
2200-09-13 16:00:00,454.0,984.68567
2200-09-13 17:00:00,464.0,1385.4229
2200-09-13 18:00:00,474.0,1427.2422
2200-09-13 19:00:00,485.0,1766.1833
2200-09-13 20:00:00,500.0,1741.2695
2200-09-13 21:00:00,511.0,1624.5396
2200-09-13 22:00:00,514.9999,1628.9214
2200-09-13 23:00:00,514.9999,1437.9153
2200-09-14 00:00:00,510.0,1322.0297
2200-09-14 01:00:00,501.99988,1254.1072
2200-09-14 02:00:00,496.00012,1074.743
2200-09-14 03:00:00,491.0,967.0139
2200-09-14 04:00:00,488.0,1007.8904
2200-09-14 05:00:00,487.0,905.2058
2200-09-14 06:00:00,485.0,905.4641
2200-09-14 07:00:00,485.99988,970.4828
2200-09-14 08:00:00,484.0,1103.6787
2200-09-14 09:00:00,480.00012,1213.2065
2200-09-14 10:00:00,472.0,1402.1322
2200-09-14 11:00:00,460.00012,1405.7391
2200-09-14 12:00:00,444.0,1117.7677
2200-09-14 13:00:00,433.0,1148.7759
2200-09-14 14:00:00,430.0,1081.3492
2200-09-14 15:00:00,434.0,1408.591
2200-09-14 16:00:00,441.0,1398.9486
2200-09-14 17:00:00,451.0,1626.2739
2200-09-14 18:00:00,460.00012,1689.1074
2200-09-14 19:00:00,473.00012,1846.7825
2200-09-14 20:00:00,485.99988,1689.5155
2200-09-14 21:00:00,500.0,1515.1323
2200-09-14 22:00:00,509.00012,1477.644
2200-09-14 23:00:00,510.0,1403.2037
2200-09-15 00:00:00,505.0,1390.0956
2200-09-15 01:00:00,495.0,1264.4827
2200-09-15 02:00:00,488.0,1205.3787
2200-09-15 03:00:00,483.00012,1058.3573
2200-09-15 04:00:00,478.0,962.0066
2200-09-15 05:00:00,475.99988,880.25696
2200-09-15 06:00:00,475.99988,837.76636
2200-09-15 07:00:00,475.0,793.9935
2200-09-15 08:00:00,475.0,971.9321
2200-09-15 09:00:00,471.0,927.74646
2200-09-15 10:00:00,462.99988,1064.8177
2200-09-15 11:00:00,449.0,1079.4402
2200-09-15 12:00:00,431.0,1001.7637
2200-09-15 13:00:00,421.0,1151.5917
2200-09-15 14:00:00,419.0,1155.524
2200-09-15 15:00:00,425.0,1244.0259
2200-09-15 16:00:00,431.0,1463.4423
2200-09-15 17:00:00,440.0,1305.2413
2200-09-15 18:00:00,448.0,1460.2625
2200-09-15 19:00:00,460.00012,1666.8268
2200-09-15 20:00:00,474.0,1352.9095
2200-09-15 21:00:00,490.0,1209.6766
2200-09-15 22:00:00,498.0,1145.0814
2200-09-15 23:00:00,498.0,806.03894
2200-09-16 00:00:00,491.0,734.9983
2200-09-16 01:00:00,483.00012,594.0182
2200-09-16 02:00:00,475.99988,729.6467
2200-09-16 03:00:00,470.00012,689.59753
2200-09-16 04:00:00,468.0,552.0298
2200-09-16 05:00:00,465.0,512.9857
2200-09-16 06:00:00,459.0,513.20703
2200-09-16 07:00:00,455.0,589.3782
2200-09-16 08:00:00,453.0,716.9863
2200-09-16 09:00:00,452.0,740.2667
2200-09-16 10:00:00,443.0,939.76086
2200-09-16 11:00:00,394.0,691.59265
2200-09-16 12:00:00,331.0,716.80005
2200-09-16 13:00:00,281.0,789.7081
2200-09-16 14:00:00,242.0,861.5536
2200-09-16 15:00:00,212.0,839.8623
2200-09-16 16:00:00,200.0,1059.6504
2200-09-16 17:00:00,200.0,1127.7877
2200-09-16 18:00:00,210.0,1262.3834
2200-09-16 19:00:00,241.0,1145.7821
2200-09-16 20:00:00,293.0,1022.3447
2200-09-16 21:00:00,339.0,872.0425
2200-09-16 22:00:00,368.0,660.0978
2200-09-16 23:00:00,387.0,524.381
2200-09-17 00:00:00,398.0,361.0227
2200-09-17 01:00:00,404.0,451.22217
2200-09-17 02:00:00,407.0,396.28418
2200-09-17 03:00:00,408.0,260.6006
2200-09-17 04:00:00,411.0,132.9624
2200-09-17 05:00:00,411.0,107.87329
2200-09-17 06:00:00,412.0,-92.22681
2200-09-17 07:00:00,413.0,-48.476074
2200-09-17 08:00:00,415.0,163.12817
2200-09-17 09:00:00,427.0,205.82324
2200-09-17 10:00:00,439.0,336.43408
2200-09-17 11:00:00,451.0,295.21582
2200-09-17 12:00:00,460.00012,266.67822
2200-09-17 13:00:00,470.00012,550.9581
2200-09-17 14:00:00,481.0,900.77075
2200-09-17 15:00:00,493.00012,1265.9022
2200-09-17 16:00:00,491.99988,1383.8258
2200-09-17 17:00:00,495.0,1434.0995
2200-09-17 18:00:00,517.0,1278.7454
2200-09-17 19:00:00,514.0,1061.6495
2200-09-17 20:00:00,501.99988,959.2959
2200-09-17 21:00:00,498.99988,729.64
2200-09-17 22:00:00,496.00012,564.24426
2200-09-17 23:00:00,491.0,488.23535
2200-09-18 00:00:00,480.00012,378.64282
2200-09-18 01:00:00,470.00012,410.75903
2200-09-18 02:00:00,460.00012,369.53247
2200-09-18 03:00:00,453.0,78.55908
2200-09-18 04:00:00,447.0,-41.80127
2200-09-18 05:00:00,442.0,-364.1399
2200-09-18 06:00:00,439.0,-445.55664
2200-09-18 07:00:00,434.0,-360.10352
2200-09-18 08:00:00,431.0,-325.312
2200-09-18 09:00:00,426.0,-24.301514
2200-09-18 10:00:00,422.0,450.9414
2200-09-18 11:00:00,422.0,835.34924
2200-09-18 12:00:00,416.0,1037.0974
2200-09-18 13:00:00,406.0,1266.2566
2200-09-18 14:00:00,397.0,1538.5062
2200-09-18 15:00:00,405.0,1881.6343
2200-09-18 16:00:00,422.0,1924.1545
2200-09-18 17:00:00,425.0,2109.9573
2200-09-18 18:00:00,429.0,1703.4182
2200-09-18 19:00:00,436.0,1831.25
2200-09-18 20:00:00,448.0,1522.617
2200-09-18 21:00:00,461.0,1332.6298
2200-09-18 22:00:00,470.00012,991.06335
2200-09-18 23:00:00,469.0,868.25635
2200-09-19 00:00:00,464.0,787.7544
2200-09-19 01:00:00,462.0,649.46716
2200-09-19 02:00:00,461.0,501.56592
2200-09-19 03:00:00,459.0,221.22437
2200-09-19 04:00:00,452.0,71.46265
2200-09-19 05:00:00,444.0,-214.24976
2200-09-19 06:00:00,439.0,-327.8025
2200-09-19 07:00:00,435.0,-150.57666
2200-09-19 08:00:00,432.0,110.361084
2200-09-19 09:00:00,427.0,478.1328
2200-09-19 10:00:00,391.0,937.2742
2200-09-19 11:00:00,362.0,1210.4266
2200-09-19 12:00:00,353.0,1459.8184
2200-09-19 13:00:00,350.0,1637.0735
2200-09-19 14:00:00,354.0,1787.0074
2200-09-19 15:00:00,360.0,1848.9086
2200-09-19 16:00:00,377.0,1756.5591
2200-09-19 17:00:00,396.0,2000.8059
2200-09-19 18:00:00,420.0,1807.4103
2200-09-19 19:00:00,437.0,1634.762
2200-09-19 20:00:00,447.0,1469.8967
2200-09-19 21:00:00,457.00012,1238.1139
2200-09-19 22:00:00,462.0,1188.5391
2200-09-19 23:00:00,461.0,915.17395
2200-09-20 00:00:00,453.0,789.51587
2200-09-20 01:00:00,448.0,770.307
2200-09-20 02:00:00,444.0,637.2666
2200-09-20 03:00:00,439.0,490.8877
2200-09-20 04:00:00,436.0,409.3816
2200-09-20 05:00:00,434.0,305.82373
2200-09-20 06:00:00,433.0,337.04907
2200-09-20 07:00:00,432.0,23.798096
2200-09-20 08:00:00,430.0,329.53857
2200-09-20 09:00:00,424.0,579.7787
2200-09-20 10:00:00,410.0,636.6366
2200-09-20 11:00:00,394.0,678.46545
2200-09-20 12:00:00,376.0,639.5477
2200-09-20 13:00:00,365.0,922.71265
2200-09-20 14:00:00,360.0,1272.691
2200-09-20 15:00:00,362.0,1677.3241
2200-09-20 16:00:00,368.0,1753.5657
2200-09-20 17:00:00,378.0,1793.0593
2200-09-20 18:00:00,393.0,1581.5385
2200-09-20 19:00:00,411.0,1493.0612
2200-09-20 20:00:00,432.0,1476.8861
2200-09-20 21:00:00,450.0,1263.1285
2200-09-20 22:00:00,462.99988,1014.1216
2200-09-20 23:00:00,462.0,808.244
2200-09-21 00:00:00,455.99988,737.9315
2200-09-21 01:00:00,449.0,569.5989
2200-09-21 02:00:00,442.0,508.63293
2200-09-21 03:00:00,433.0,499.70312
2200-09-21 04:00:00,426.0,355.5381
2200-09-21 05:00:00,422.0,182.64941
2200-09-21 06:00:00,419.0,125.53491
2200-09-21 07:00:00,419.0,70.63965
2200-09-21 08:00:00,419.0,390.3247
2200-09-21 09:00:00,414.0,582.7825
2200-09-21 10:00:00,405.0,748.37805
2200-09-21 11:00:00,391.0,905.5072
2200-09-21 12:00:00,376.0,993.0193
2200-09-21 13:00:00,367.0,1090.0989
2200-09-21 14:00:00,364.0,1327.8181
2200-09-21 15:00:00,366.0,1788.3098
2200-09-21 16:00:00,370.0,1653.5884
2200-09-21 17:00:00,380.0,1676.7942
2200-09-21 18:00:00,394.0,1654.746
2200-09-21 19:00:00,407.0,1369.9626
2200-09-21 20:00:00,418.0,1561.1108
2200-09-21 21:00:00,433.0,1169.1691
2200-09-21 22:00:00,443.0,1096.5475
2200-09-21 23:00:00,445.0,1025.5237
2200-09-22 00:00:00,442.0,795.6515
2200-09-22 01:00:00,436.0,681.81274
2200-09-22 02:00:00,431.0,680.7538
2200-09-22 03:00:00,429.0,426.64893
2200-09-22 04:00:00,427.0,409.3694
2200-09-22 05:00:00,424.0,225.31152
2200-09-22 06:00:00,423.0,158.30371
2200-09-22 07:00:00,422.0,-109.81055
2200-09-22 08:00:00,421.0,155.87158
2200-09-22 09:00:00,419.0,327.63745
2200-09-22 10:00:00,412.0,701.1737
2200-09-22 11:00:00,399.0,938.78186
2200-09-22 12:00:00,381.0,957.70325
2200-09-22 13:00:00,368.0,689.60864
2200-09-22 14:00:00,362.0,1075.4122
2200-09-22 15:00:00,362.0,1427.6073
2200-09-22 16:00:00,366.0,1545.3359
2200-09-22 17:00:00,373.0,1500.4031
2200-09-22 18:00:00,385.0,1551.6576
2200-09-22 19:00:00,402.0,1282.8556
2200-09-22 20:00:00,420.0,1357.065
2200-09-22 21:00:00,438.0,1227.7574
2200-09-22 22:00:00,450.0,888.94714
2200-09-22 23:00:00,454.0,818.2439
2200-09-23 00:00:00,449.0,593.94214
2200-09-23 01:00:00,443.0,535.02014
2200-09-23 02:00:00,435.0,504.47668
2200-09-23 03:00:00,430.0,571.9072
2200-09-23 04:00:00,425.0,523.4126
2200-09-23 05:00:00,419.0,381.00073
2200-09-23 06:00:00,414.0,475.9016
2200-09-23 07:00:00,411.0,335.26245
2200-09-23 08:00:00,409.0,409.26807
2200-09-23 09:00:00,405.0,367.09106
2200-09-23 10:00:00,393.0,608.56506
2200-09-23 11:00:00,352.0,659.48193
2200-09-23 12:00:00,318.0,788.94934
2200-09-23 13:00:00,313.0,1094.33
2200-09-23 14:00:00,329.0,1466.0762
2200-09-23 15:00:00,372.0,1562.0759
2200-09-23 16:00:00,413.0,1588.855
2200-09-23 17:00:00,432.0,1645.4316
2200-09-23 18:00:00,427.0,1695.6432
2200-09-23 19:00:00,406.0,1545.9664
2200-09-23 20:00:00,403.0,1353.8491
2200-09-23 21:00:00,409.0,1386.988
2200-09-23 22:00:00,414.0,1149.7115
2200-09-23 23:00:00,416.0,1241.1704
2200-09-24 00:00:00,413.0,875.57556
2200-09-24 01:00:00,409.0,1122.7275
2200-09-24 02:00:00,405.0,1149.2474
2200-09-24 03:00:00,401.0,1227.5631
2200-09-24 04:00:00,400.0,1093.3282
2200-09-24 05:00:00,399.0,1171.0826
2200-09-24 06:00:00,398.0,1191.371
2200-09-24 07:00:00,399.0,957.74243
2200-09-24 08:00:00,398.0,1123.4246
2200-09-24 09:00:00,393.0,708.53186
2200-09-24 10:00:00,361.0,801.20825
2200-09-24 11:00:00,286.0,308.2671
2200-09-24 12:00:00,314.0,528.02844
2200-09-24 13:00:00,416.0,642.3313
2200-09-24 14:00:00,432.0,785.0067
2200-09-24 15:00:00,416.0,1072.2324
2200-09-24 16:00:00,403.0,1386.3782
2200-09-24 17:00:00,387.0,1251.7019
2200-09-24 18:00:00,332.0,1337.4415
2200-09-24 19:00:00,293.0,1379.072
2200-09-24 20:00:00,296.0,1249.549
2200-09-24 21:00:00,317.0,1017.65356
2200-09-24 22:00:00,336.0,945.2997
2200-09-24 23:00:00,347.0,983.2799
2200-09-25 00:00:00,354.0,991.5095
2200-09-25 01:00:00,359.0,1239.725
2200-09-25 02:00:00,362.0,1372.3544
2200-09-25 03:00:00,364.0,1330.3297
2200-09-25 04:00:00,364.0,1368.7437
2200-09-25 05:00:00,364.0,1339.5297
2200-09-25 06:00:00,367.0,1232.8763
2200-09-25 07:00:00,370.0,1037.9396
2200-09-25 08:00:00,373.0,1223.8041
2200-09-25 09:00:00,376.0,935.6843
2200-09-25 10:00:00,375.0,893.7201
2200-09-25 11:00:00,355.0,668.17334
2200-09-25 12:00:00,342.0,797.1376
2200-09-25 13:00:00,343.0,898.0941
2200-09-25 14:00:00,337.0,1083.1271
2200-09-25 15:00:00,347.0,1087.1592
2200-09-25 16:00:00,360.0,1253.9414
2200-09-25 17:00:00,363.0,1244.965
2200-09-25 18:00:00,362.0,1394.2327
2200-09-25 19:00:00,362.0,1640.0648
2200-09-25 20:00:00,361.0,1294.49
2200-09-25 21:00:00,360.0,1261.4113
2200-09-25 22:00:00,360.0,1160.7058
2200-09-25 23:00:00,358.0,1338.8221
2200-09-26 00:00:00,356.0,1314.4377
2200-09-26 01:00:00,355.0,1435.7351
2200-09-26 02:00:00,354.0,1476.3197
2200-09-26 03:00:00,354.0,1470.3888
2200-09-26 04:00:00,353.0,1496.8516
2200-09-26 05:00:00,352.0,1392.9375
2200-09-26 06:00:00,352.0,1359.6405
2200-09-26 07:00:00,351.0,1171.6768
2200-09-26 08:00:00,351.0,1199.4706
2200-09-26 09:00:00,351.0,975.49646
2200-09-26 10:00:00,351.0,740.7595
2200-09-26 11:00:00,351.0,687.4247
2200-09-26 12:00:00,346.0,718.7566
2200-09-26 13:00:00,317.0,804.89636
2200-09-26 14:00:00,286.0,886.8594
2200-09-26 15:00:00,270.0,932.3988
2200-09-26 16:00:00,257.0,1032.3491
2200-09-26 17:00:00,229.0,1187.6246
2200-09-26 18:00:00,202.0,1364.9243
2200-09-26 19:00:00,193.0,1340.6575
2200-09-26 20:00:00,192.0,1331.437
2200-09-26 21:00:00,198.0,1185.465
2200-09-26 22:00:00,213.0,1286.9034
2200-09-26 23:00:00,231.0,1342.4778
2200-09-27 00:00:00,248.0,1394.9584
2200-09-27 01:00:00,265.0,1527.6653
2200-09-27 02:00:00,278.0,1649.6389
2200-09-27 03:00:00,287.0,1530.138
2200-09-27 04:00:00,294.0,1525.1342
2200-09-27 05:00:00,299.0,1397.9131
2200-09-27 06:00:00,303.0,1331.8469
2200-09-27 07:00:00,306.0,1197.2073
2200-09-27 08:00:00,309.0,1438.0283
2200-09-27 09:00:00,310.0,1285.0048
2200-09-27 10:00:00,312.0,1391.4872
2200-09-27 11:00:00,312.0,1126.8727
2200-09-27 12:00:00,312.0,1147.3185
2200-09-27 13:00:00,311.0,1173.8297
2200-09-27 14:00:00,309.0,1218.0846
2200-09-27 15:00:00,309.0,1200.581
2200-09-27 16:00:00,309.0,1231.0625
2200-09-27 17:00:00,305.0,1435.8665
2200-09-27 18:00:00,297.0,1613.362
2200-09-27 19:00:00,291.0,1285.4052
2200-09-27 20:00:00,288.0,1589.2509
2200-09-27 21:00:00,287.0,1431.3184
2200-09-27 22:00:00,287.0,1369.9154
2200-09-27 23:00:00,287.0,1482.5464
2200-09-28 00:00:00,289.0,1431.1216
2200-09-28 01:00:00,291.0,1468.9398
2200-09-28 02:00:00,301.0,1453.4192
2200-09-28 03:00:00,311.0,1428.7538
2200-09-28 04:00:00,314.0,1273.7781
2200-09-28 05:00:00,308.0,1183.7517
2200-09-28 06:00:00,303.0,1130.4949
2200-09-28 07:00:00,299.0,1094.2827
2200-09-28 08:00:00,296.0,1334.2571
2200-09-28 09:00:00,295.0,1388.4175
2200-09-28 10:00:00,293.0,1541.2346
2200-09-28 11:00:00,293.0,1428.6544
2200-09-28 12:00:00,292.0,1511.8723
2200-09-28 13:00:00,291.0,1544.6232
2200-09-28 14:00:00,291.0,1529.7854
2200-09-28 15:00:00,291.0,1510.5269
2200-09-28 16:00:00,291.0,1691.2295
2200-09-28 17:00:00,291.0,1676.3665
2200-09-28 18:00:00,291.0,1666.7646
2200-09-28 19:00:00,291.0,1567.4163
2200-09-28 20:00:00,291.0,1623.134
2200-09-28 21:00:00,291.0,1408.405
2200-09-28 22:00:00,289.0,1572.4158
2200-09-28 23:00:00,289.0,1557.3577
2200-09-29 00:00:00,288.0,1388.8762
2200-09-29 01:00:00,287.0,1436.5333
2200-09-29 02:00:00,285.0,1299.9663
2200-09-29 03:00:00,285.0,1399.6658
2200-09-29 04:00:00,285.0,1310.6017
2200-09-29 05:00:00,285.0,1268.5671
2200-09-29 06:00:00,285.0,1292.4222
2200-09-29 07:00:00,285.0,1399.0834
2200-09-29 08:00:00,287.0,1653.2026
2200-09-29 09:00:00,287.0,1835.1299
2200-09-29 10:00:00,287.0,2001.3284
2200-09-29 11:00:00,287.0,2145.4456
2200-09-29 12:00:00,287.0,2240.746
2200-09-29 13:00:00,287.0,2114.5935
2200-09-29 14:00:00,287.0,2042.9207
2200-09-29 15:00:00,287.0,1804.9624
2200-09-29 16:00:00,287.0,1587.2834
2200-09-29 17:00:00,287.0,1605.5667
2200-09-29 18:00:00,287.0,1614.385
2200-09-29 19:00:00,287.0,1727.5166
2200-09-29 20:00:00,287.0,1917.3083
2200-09-29 21:00:00,287.0,1945.4224
2200-09-29 22:00:00,287.0,1984.141
2200-09-29 23:00:00,287.0,1981.5696
2200-09-30 00:00:00,287.0,1743.5952
2200-09-30 01:00:00,287.0,1762.2
2200-09-30 02:00:00,286.0,1741.6584
2200-09-30 03:00:00,285.0,1718.6389
2200-09-30 04:00:00,285.0,1686.2739
2200-09-30 05:00:00,285.0,1708.3387
2200-09-30 06:00:00,285.0,1687.5713
2200-09-30 07:00:00,285.0,1862.2837
2200-09-30 08:00:00,285.0,1984.4928
2200-09-30 09:00:00,285.0,2055.28
2200-09-30 10:00:00,285.0,2361.5635
2200-09-30 11:00:00,285.0,2557.2344
2200-09-30 12:00:00,285.0,2394.6523
2200-09-30 13:00:00,291.0,2277.1438
2200-09-30 14:00:00,296.0,1978.1805
2200-09-30 15:00:00,300.0,1734.439
2200-09-30 16:00:00,303.0,1564.9602
2200-09-30 17:00:00,303.0,1616.137
2200-09-30 18:00:00,298.0,1504.9967
2200-09-30 19:00:00,294.0,1546.3662
2200-09-30 20:00:00,291.0,1636.0273
2200-09-30 21:00:00,288.0,1836.4263
2200-09-30 22:00:00,286.0,1826.1749
2200-09-30 23:00:00,285.0,1916.0093
2200-10-01 00:00:00,284.0,1648.4629
2200-10-01 01:00:00,282.0,1640.2166
2200-10-01 02:00:00,282.0,1492.413
2200-10-01 03:00:00,281.0,1535.386
2200-10-01 04:00:00,280.0,1523.3809
2200-10-01 05:00:00,280.0,1498.514
2200-10-01 06:00:00,280.0,1568.364
2200-10-01 07:00:00,280.0,1741.5709
2200-10-01 08:00:00,280.0,1806.0039
2200-10-01 09:00:00,280.0,1932.4719
2200-10-01 10:00:00,282.0,2092.4253
2200-10-01 11:00:00,283.0,2132.5278
2200-10-01 12:00:00,285.0,2258.5732
2200-10-01 13:00:00,284.0,2197.5317
2200-10-01 14:00:00,279.0,1968.2366
2200-10-01 15:00:00,277.0,1842.2488
2200-10-01 16:00:00,276.0,1590.366
2200-10-01 17:00:00,274.0,1332.3527
2200-10-01 18:00:00,275.0,1577.0192
2200-10-01 19:00:00,278.0,1606.1145
2200-10-01 20:00:00,281.0,1819.42
2200-10-01 21:00:00,282.0,1829.8385
2200-10-01 22:00:00,284.0,1837.8235
2200-10-01 23:00:00,285.0,1794.0747
2200-10-02 00:00:00,285.0,1380.0885
2200-10-02 01:00:00,284.0,1288.5746
2200-10-02 02:00:00,282.0,1231.369
2200-10-02 03:00:00,282.0,1240.2999
2200-10-02 04:00:00,284.0,1214.0419
2200-10-02 05:00:00,285.0,1253.7065
2200-10-02 06:00:00,286.0,1294.2686
2200-10-02 07:00:00,287.0,1354.2982
2200-10-02 08:00:00,289.0,1552.8383
2200-10-02 09:00:00,290.0,1893.0975
2200-10-02 10:00:00,291.0,1777.4336
2200-10-02 11:00:00,291.0,1973.7822
2200-10-02 12:00:00,291.0,1798.8722
2200-10-02 13:00:00,291.0,1652.871
2200-10-02 14:00:00,290.0,1634.9646
2200-10-02 15:00:00,293.0,1759.0071
2200-10-02 16:00:00,296.0,1641.5391
2200-10-02 17:00:00,299.0,1792.8062
2200-10-02 18:00:00,299.0,1816.7625
2200-10-02 19:00:00,296.0,1664.2009
2200-10-02 20:00:00,295.0,1542.4758
2200-10-02 21:00:00,294.0,1467.2235
2200-10-02 22:00:00,291.0,1366.9966
2200-10-02 23:00:00,289.0,1309.6476
2200-10-03 00:00:00,287.0,1353.1812
2200-10-03 01:00:00,285.0,1340.1213
2200-10-03 02:00:00,283.0,1385.9045
2200-10-03 03:00:00,282.0,1315.0011
2200-10-03 04:00:00,282.0,1373.7318
2200-10-03 05:00:00,280.0,1397.484
2200-10-03 06:00:00,280.0,1367.3632
2200-10-03 07:00:00,280.0,1345.9838
2200-10-03 08:00:00,280.0,1473.4022
2200-10-03 09:00:00,280.0,1896.4211
2200-10-03 10:00:00,281.0,1857.68
2200-10-03 11:00:00,280.0,2184.898
2200-10-03 12:00:00,274.0,1895.1709
2200-10-03 13:00:00,269.0,1662.8169
2200-10-03 14:00:00,267.0,1560.8306
2200-10-03 15:00:00,270.0,1643.185
2200-10-03 16:00:00,274.0,1414.7023
2200-10-03 17:00:00,276.0,1321.5303
2200-10-03 18:00:00,278.0,1334.6401
2200-10-03 19:00:00,280.0,1488.4075
2200-10-03 20:00:00,282.0,1490.8907
2200-10-03 21:00:00,282.0,1454.2026
2200-10-03 22:00:00,280.0,1476.2787
2200-10-03 23:00:00,278.0,1489.3398
2200-10-04 00:00:00,277.0,1492.733
2200-10-04 01:00:00,276.0,1463.4354
2200-10-04 02:00:00,274.0,1475.1622
2200-10-04 03:00:00,274.0,1439.7946
2200-10-04 04:00:00,274.0,1405.7407
2200-10-04 05:00:00,276.0,1364.2406
2200-10-04 06:00:00,277.0,1265.2041
2200-10-04 07:00:00,278.0,1364.4009
2200-10-04 08:00:00,278.0,1566.4856
2200-10-04 09:00:00,278.0,1776.1049
2200-10-04 10:00:00,278.0,1782.064
2200-10-04 11:00:00,278.0,1643.002
2200-10-04 12:00:00,277.0,1369.5143
2200-10-04 13:00:00,276.0,1131.0345
2200-10-04 14:00:00,276.0,1048.2349
2200-10-04 15:00:00,275.0,981.9403
2200-10-04 16:00:00,276.0,1015.01526
2200-10-04 17:00:00,276.0,1004.2483
2200-10-04 18:00:00,275.0,1165.2657
2200-10-04 19:00:00,274.0,1055.4719
2200-10-04 20:00:00,272.0,1209.1741
2200-10-04 21:00:00,272.0,1067.786
2200-10-04 22:00:00,272.0,1113.4303
2200-10-04 23:00:00,272.0,1109.5416
2200-10-05 00:00:00,272.0,1169.3298
2200-10-05 01:00:00,272.0,1097.5709
2200-10-05 02:00:00,272.0,1069.1968
2200-10-05 03:00:00,271.0,1028.9078
2200-10-05 04:00:00,270.0,939.4402
2200-10-05 05:00:00,270.0,892.2988
2200-10-05 06:00:00,270.0,849.69385
2200-10-05 07:00:00,269.0,967.05176
2200-10-05 08:00:00,268.0,1078.0607
2200-10-05 09:00:00,268.0,1197.1085
2200-10-05 10:00:00,269.0,1347.3722
2200-10-05 11:00:00,270.0,1446.5734
2200-10-05 12:00:00,270.0,1437.4209
2200-10-05 13:00:00,269.0,1177.8318
2200-10-05 14:00:00,269.0,868.67334
2200-10-05 15:00:00,269.0,1067.6335
2200-10-05 16:00:00,270.0,944.56323
2200-10-05 17:00:00,270.0,1033.3778
2200-10-05 18:00:00,272.0,1040.2588
2200-10-05 19:00:00,271.0,1242.7089
2200-10-05 20:00:00,272.0,1044.6042
2200-10-05 21:00:00,272.0,1108.0646
2200-10-05 22:00:00,272.0,1177.3417
2200-10-05 23:00:00,273.0,1097.9705
2200-10-06 00:00:00,274.0,1080.0635
2200-10-06 01:00:00,274.0,1007.0432
2200-10-06 02:00:00,274.0,954.105
2200-10-06 03:00:00,275.0,882.84705
2200-10-06 04:00:00,276.0,755.47144
2200-10-06 05:00:00,276.0,735.42615
2200-10-06 06:00:00,276.0,707.88135
2200-10-06 07:00:00,276.0,795.4939
2200-10-06 08:00:00,276.0,966.2366
2200-10-06 09:00:00,276.0,1362.8112
2200-10-06 10:00:00,276.0,1494.7898
2200-10-06 11:00:00,276.0,1531.8726
2200-10-06 12:00:00,276.0,1242.9348
2200-10-06 13:00:00,274.0,1000.04016
2200-10-06 14:00:00,274.0,906.2345
2200-10-06 15:00:00,274.0,1133.391
2200-10-06 16:00:00,274.0,1153.5719
2200-10-06 17:00:00,272.0,1375.944
2200-10-06 18:00:00,272.0,1306.259
2200-10-06 19:00:00,274.0,1316.5026
2200-10-06 20:00:00,273.0,1456.6421
2200-10-06 21:00:00,272.0,1418.7395
2200-10-06 22:00:00,272.0,1346.5634
2200-10-06 23:00:00,272.0,1430.7201
2200-10-07 00:00:00,272.0,1456.8438
2200-10-07 01:00:00,272.0,1418.3849
2200-10-07 02:00:00,271.0,1376.7588
2200-10-07 03:00:00,271.0,1408.9814
2200-10-07 04:00:00,272.0,1337.676
2200-10-07 05:00:00,272.0,1358.8556
2200-10-07 06:00:00,272.0,1303.0773
2200-10-07 07:00:00,272.0,1346.2521
2200-10-07 08:00:00,272.0,1416.7028
2200-10-07 09:00:00,274.0,1511.0222
2200-10-07 10:00:00,274.0,1574.3475
2200-10-07 11:00:00,275.0,1552.6365
2200-10-07 12:00:00,280.0,1497.3386
2200-10-07 13:00:00,282.0,1411.0356
2200-10-07 14:00:00,279.0,1385.8202
2200-10-07 15:00:00,277.0,1174.4861
2200-10-07 16:00:00,276.0,1227.924
2200-10-07 17:00:00,276.0,1157.4045
2200-10-07 18:00:00,277.0,1318.6177
2200-10-07 19:00:00,279.0,1594.4592
2200-10-07 20:00:00,280.0,1498.0149
2200-10-07 21:00:00,282.0,1463.6957
2200-10-07 22:00:00,282.0,1373.0474
2200-10-07 23:00:00,282.0,1347.6575
2200-10-08 00:00:00,282.0,1313.7805
2200-10-08 01:00:00,282.0,1483.6035
2200-10-08 02:00:00,282.0,1405.0836
2200-10-08 03:00:00,282.0,1566.1154
2200-10-08 04:00:00,280.0,1561.9072
2200-10-08 05:00:00,280.0,1647.5059
2200-10-08 06:00:00,281.0,1739.7142
2200-10-08 07:00:00,282.0,1720.2678
2200-10-08 08:00:00,282.0,1999.2793
2200-10-08 09:00:00,282.0,1775.2336
2200-10-08 10:00:00,282.0,1579.0134
2200-10-08 11:00:00,282.0,1491.6223
2200-10-08 12:00:00,276.0,1183.2915
2200-10-08 13:00:00,268.0,964.2125
2200-10-08 14:00:00,262.0,779.2103
2200-10-08 15:00:00,258.0,763.86145
2200-10-08 16:00:00,256.0,950.3721
2200-10-08 17:00:00,255.0,1029.3307
2200-10-08 18:00:00,254.0,1242.1881
2200-10-08 19:00:00,256.0,1355.4786
2200-10-08 20:00:00,262.0,1319.4929
2200-10-08 21:00:00,269.0,1328.0619
2200-10-08 22:00:00,273.0,1197.1752
2200-10-08 23:00:00,275.0,1183.451
2200-10-09 00:00:00,276.0,1179.6936
2200-10-09 01:00:00,277.0,1116.188
2200-10-09 02:00:00,278.0,1140.8586
2200-10-09 03:00:00,278.0,1252.9814
2200-10-09 04:00:00,278.0,1263.1826
2200-10-09 05:00:00,278.0,1373.3762
2200-10-09 06:00:00,280.0,1489.1229
2200-10-09 07:00:00,280.0,1539.0675
2200-10-09 08:00:00,280.0,1606.1077
2200-10-09 09:00:00,280.0,1573.825
2200-10-09 10:00:00,280.0,1606.3093
2200-10-09 11:00:00,280.0,1404.5972
2200-10-09 12:00:00,280.0,1068.9633
2200-10-09 13:00:00,280.0,846.3186
2200-10-09 14:00:00,280.0,676.9994
2200-10-09 15:00:00,280.0,622.3164
2200-10-09 16:00:00,284.0,936.8507
2200-10-09 17:00:00,316.0,1042.0074
2200-10-09 18:00:00,315.0,1358.965
2200-10-09 19:00:00,316.0,1514.0685
2200-10-09 20:00:00,316.0,1328.1145
2200-10-09 21:00:00,314.0,1276.516
2200-10-09 22:00:00,312.0,1298.9736
2200-10-09 23:00:00,311.0,1231.9006
2200-10-10 00:00:00,309.0,1115.3732
2200-10-10 01:00:00,309.0,907.66724
2200-10-10 02:00:00,309.0,782.4391
2200-10-10 03:00:00,309.0,750.2704
2200-10-10 04:00:00,310.0,678.891
2200-10-10 05:00:00,312.0,780.3644
2200-10-10 06:00:00,313.0,859.92053
2200-10-10 07:00:00,314.0,853.58655
2200-10-10 08:00:00,316.0,990.5502
2200-10-10 09:00:00,317.0,1055.8839
2200-10-10 10:00:00,318.0,1045.7668
2200-10-10 11:00:00,318.0,1157.4982
2200-10-10 12:00:00,318.0,923.5305
2200-10-10 13:00:00,318.0,729.53723
2200-10-10 14:00:00,317.0,680.9409
2200-10-10 15:00:00,315.0,690.921
2200-10-10 16:00:00,312.0,956.17285
2200-10-10 17:00:00,307.0,986.85205
2200-10-10 18:00:00,299.0,1234.8889
2200-10-10 19:00:00,293.0,1024.4883
2200-10-10 20:00:00,287.0,1306.4153
2200-10-10 21:00:00,283.0,1232.8834
2200-10-10 22:00:00,282.0,1147.7614
2200-10-10 23:00:00,281.0,1226.19
2200-10-11 00:00:00,282.0,1125.5771
2200-10-11 01:00:00,285.0,1020.40796
2200-10-11 02:00:00,287.0,984.62634
2200-10-11 03:00:00,289.0,1038.9791
2200-10-11 04:00:00,292.0,1038.5912
2200-10-11 05:00:00,294.0,1101.1099
2200-10-11 06:00:00,295.0,1176.9799
2200-10-11 07:00:00,297.0,1234.8804
2200-10-11 08:00:00,299.0,1248.0726
2200-10-11 09:00:00,299.0,1303.8555
2200-10-11 10:00:00,300.0,1457.9406
2200-10-11 11:00:00,301.0,1352.3242
2200-10-11 12:00:00,301.0,1138.9845
2200-10-11 13:00:00,301.0,899.7655
2200-10-11 14:00:00,301.0,766.05005
2200-10-11 15:00:00,300.0,758.1931
2200-10-11 16:00:00,299.0,1075.4199
2200-10-11 17:00:00,299.0,1174.1195
2200-10-11 18:00:00,299.0,1446.6903
2200-10-11 19:00:00,299.0,1676.3901
2200-10-11 20:00:00,299.0,1610.031
2200-10-11 21:00:00,298.0,1638.5674
2200-10-11 22:00:00,297.0,1662.2706
2200-10-11 23:00:00,297.0,1646.5503
2200-10-12 00:00:00,295.0,1464.7437
2200-10-12 01:00:00,295.0,1255.5477
2200-10-12 02:00:00,295.0,1132.6642
2200-10-12 03:00:00,294.0,1097.751
2200-10-12 04:00:00,293.0,1071.986
2200-10-12 05:00:00,293.0,1156.6322
2200-10-12 06:00:00,293.0,1184.0499
2200-10-12 07:00:00,293.0,1201.3895
2200-10-12 08:00:00,293.0,1314.5322
2200-10-12 09:00:00,293.0,1436.3129
2200-10-12 10:00:00,293.0,1320.2719
2200-10-12 11:00:00,293.0,1148.2543
2200-10-12 12:00:00,293.0,1071.8055
2200-10-12 13:00:00,295.0,924.3954
2200-10-12 14:00:00,295.0,950.0222
2200-10-12 15:00:00,295.0,961.17883
2200-10-12 16:00:00,294.0,1078.9636
2200-10-12 17:00:00,295.0,1293.316
2200-10-12 18:00:00,293.0,1662.3259
2200-10-12 19:00:00,293.0,1699.1658
2200-10-12 20:00:00,293.0,1848.3217
2200-10-12 21:00:00,293.0,1694.3539
2200-10-12 22:00:00,291.0,1646.7141
2200-10-12 23:00:00,291.0,1523.3778
2200-10-13 00:00:00,291.0,1218.125
2200-10-13 01:00:00,289.0,1095.114
2200-10-13 02:00:00,289.0,990.7822
2200-10-13 03:00:00,289.0,891.8113
2200-10-13 04:00:00,289.0,862.093
2200-10-13 05:00:00,289.0,989.17163
2200-10-13 06:00:00,289.0,948.2267
2200-10-13 07:00:00,291.0,964.47473
2200-10-13 08:00:00,291.0,1193.787
2200-10-13 09:00:00,291.0,1276.5345
2200-10-13 10:00:00,293.0,1273.8893
2200-10-13 11:00:00,293.0,1324.2079
2200-10-13 12:00:00,293.0,1230.5896
2200-10-13 13:00:00,294.0,1231.4094
2200-10-13 14:00:00,296.0,1148.8292
2200-10-13 15:00:00,297.0,1132.4376
2200-10-13 16:00:00,297.0,1412.2703
2200-10-13 17:00:00,297.0,1383.7875
2200-10-13 18:00:00,297.0,1451.1067
2200-10-13 19:00:00,297.0,1747.3477
2200-10-13 20:00:00,297.0,1559.1567
2200-10-13 21:00:00,297.0,1769.8357
2200-10-13 22:00:00,297.0,1914.5083
2200-10-13 23:00:00,296.0,1905.8652
2200-10-14 00:00:00,295.0,1801.408
2200-10-14 01:00:00,295.0,1658.052
2200-10-14 02:00:00,295.0,1649.6472
2200-10-14 03:00:00,295.0,1612.6968
2200-10-14 04:00:00,295.0,1625.8109
2200-10-14 05:00:00,294.0,1649.8964
2200-10-14 06:00:00,293.0,1637.0913
2200-10-14 07:00:00,293.0,1754.0333
2200-10-14 08:00:00,293.0,1808.3755
2200-10-14 09:00:00,293.0,1981.7361
2200-10-14 10:00:00,293.0,2079.514
2200-10-14 11:00:00,297.0,2024.9921
2200-10-14 12:00:00,309.0,1840.8173
2200-10-14 13:00:00,314.0,1602.4329
2200-10-14 14:00:00,309.0,1382.1097
2200-10-14 15:00:00,301.0,1199.198
2200-10-14 16:00:00,294.0,1174.0297
2200-10-14 17:00:00,290.0,1304.3086
2200-10-14 18:00:00,286.0,1682.905
2200-10-14 19:00:00,285.0,1636.3616
2200-10-14 20:00:00,283.0,1849.8809
2200-10-14 21:00:00,282.0,1918.8254
2200-10-14 22:00:00,280.0,1931.2827
2200-10-14 23:00:00,279.0,1869.8542
2200-10-15 00:00:00,278.0,1748.4553
2200-10-15 01:00:00,279.0,1624.9879
2200-10-15 02:00:00,286.0,1490.7943
2200-10-15 03:00:00,292.0,1542.2805
2200-10-15 04:00:00,296.0,1470.7494
2200-10-15 05:00:00,300.0,1456.2793
2200-10-15 06:00:00,302.0,1394.3876
2200-10-15 07:00:00,305.0,1447.2672
2200-10-15 08:00:00,306.0,1539.1372
2200-10-15 09:00:00,307.0,1619.0162
2200-10-15 10:00:00,303.0,1689.1516
2200-10-15 11:00:00,297.0,1609.06
2200-10-15 12:00:00,291.0,1474.6792
2200-10-15 13:00:00,287.0,1305.9152
2200-10-15 14:00:00,284.0,1126.8671
2200-10-15 15:00:00,282.0,1002.0802
2200-10-15 16:00:00,280.0,1149.0997
2200-10-15 17:00:00,280.0,1142.8812
2200-10-15 18:00:00,280.0,1510.4121
2200-10-15 19:00:00,280.0,1809.6277
2200-10-15 20:00:00,278.0,1782.7454
2200-10-15 21:00:00,278.0,1664.8645
2200-10-15 22:00:00,276.0,1648.1892
2200-10-15 23:00:00,275.0,1625.3722
2200-10-16 00:00:00,274.0,1437.0017
2200-10-16 01:00:00,272.0,1252.1536
2200-10-16 02:00:00,272.0,1171.0461
2200-10-16 03:00:00,275.0,1183.6921
2200-10-16 04:00:00,281.0,1160.7858
2200-10-16 05:00:00,287.0,1194.8262
2200-10-16 06:00:00,292.0,1232.0059
2200-10-16 07:00:00,295.0,1302.9977
2200-10-16 08:00:00,292.0,1366.5667
2200-10-16 09:00:00,285.0,1483.1182
2200-10-16 10:00:00,280.0,1572.3232
2200-10-16 11:00:00,277.0,1685.6123
2200-10-16 12:00:00,275.0,1598.5002
2200-10-16 13:00:00,272.0,1439.4393
2200-10-16 14:00:00,272.0,1209.1036
2200-10-16 15:00:00,272.0,1055.389
2200-10-16 16:00:00,274.0,1186.0502
2200-10-16 17:00:00,282.0,1099.7544
2200-10-16 18:00:00,289.0,1426.7072
2200-10-16 19:00:00,294.0,1703.1592
2200-10-16 20:00:00,298.0,1901.2053
2200-10-16 21:00:00,299.0,1869.888
2200-10-16 22:00:00,296.0,1740.4297
2200-10-16 23:00:00,288.0,1700.7816
2200-10-17 00:00:00,281.0,1643.3317
2200-10-17 01:00:00,276.0,1615.5367
2200-10-17 02:00:00,272.0,1495.0117
2200-10-17 03:00:00,269.0,1519.7588
2200-10-17 04:00:00,268.0,1425.2795
2200-10-17 05:00:00,266.0,1411.8396
2200-10-17 06:00:00,266.0,1481.6064
2200-10-17 07:00:00,266.0,1554.4926
2200-10-17 08:00:00,266.0,1714.3333
2200-10-17 09:00:00,270.0,1788.6763
2200-10-17 10:00:00,278.0,1870.3027
2200-10-17 11:00:00,284.0,1858.377
2200-10-17 12:00:00,289.0,1706.1134
2200-10-17 13:00:00,291.0,1386.287
2200-10-17 14:00:00,293.0,1114.2972
2200-10-17 15:00:00,293.0,825.6875
2200-10-17 16:00:00,293.0,835.7932
2200-10-17 17:00:00,291.0,891.04004
2200-10-17 18:00:00,289.0,1247.1825
2200-10-17 19:00:00,287.0,1374.4836
2200-10-17 20:00:00,287.0,1644.6455
2200-10-17 21:00:00,285.0,1635.9674
2200-10-17 22:00:00,285.0,1596.113
2200-10-17 23:00:00,283.0,1494.325
2200-10-18 00:00:00,282.0,1471.6199
2200-10-18 01:00:00,281.0,1450.3739
2200-10-18 02:00:00,280.0,1411.1859
2200-10-18 03:00:00,280.0,1382.6515
2200-10-18 04:00:00,279.0,1383.4569
2200-10-18 05:00:00,278.0,1401.2596
2200-10-18 06:00:00,278.0,1461.8303
2200-10-18 07:00:00,278.0,1506.1909
2200-10-18 08:00:00,278.0,1601.2751
2200-10-18 09:00:00,278.0,1662.283
2200-10-18 10:00:00,278.0,1720.5264
2200-10-18 11:00:00,278.0,1535.1923
2200-10-18 12:00:00,278.0,1338.504
2200-10-18 13:00:00,278.0,1041.54
2200-10-18 14:00:00,278.0,906.4934
2200-10-18 15:00:00,280.0,738.94763
2200-10-18 16:00:00,280.0,811.364
2200-10-18 17:00:00,280.0,845.6831
2200-10-18 18:00:00,280.0,1216.308
2200-10-18 19:00:00,280.0,1563.5977
2200-10-18 20:00:00,278.0,1647.02
2200-10-18 21:00:00,278.0,1676.3533
2200-10-18 22:00:00,277.0,1599.7518
2200-10-18 23:00:00,275.0,1527.137
2200-10-19 00:00:00,273.0,1494.0237
2200-10-19 01:00:00,272.0,1452.0839
2200-10-19 02:00:00,271.0,1399.5188
2200-10-19 03:00:00,270.0,1361.2887
2200-10-19 04:00:00,270.0,1362.7336
2200-10-19 05:00:00,270.0,1303.4867
2200-10-19 06:00:00,270.0,1307.6824
2200-10-19 07:00:00,271.0,1287.6372
2200-10-19 08:00:00,272.0,1394.2734
2200-10-19 09:00:00,272.0,1445.0901
2200-10-19 10:00:00,272.0,1433.3192
2200-10-19 11:00:00,272.0,1284.6824
2200-10-19 12:00:00,272.0,1138.7808
2200-10-19 13:00:00,272.0,1015.3611
2200-10-19 14:00:00,272.0,905.78577
2200-10-19 15:00:00,274.0,768.33044
2200-10-19 16:00:00,272.0,908.62756
2200-10-19 17:00:00,272.0,900.3119
2200-10-19 18:00:00,272.0,1238.6775
2200-10-19 19:00:00,272.0,1607.4703
2200-10-19 20:00:00,272.0,1743.8877
2200-10-19 21:00:00,272.0,1753.6726
2200-10-19 22:00:00,272.0,1717.4619
2200-10-19 23:00:00,272.0,1545.4025
2200-10-20 00:00:00,272.0,1589.142
2200-10-20 01:00:00,272.0,1562.373
2200-10-20 02:00:00,272.0,1444.3662
2200-10-20 03:00:00,270.0,1388.3585
2200-10-20 04:00:00,270.0,1330.6079
2200-10-20 05:00:00,270.0,1281.1056
2200-10-20 06:00:00,270.0,1247.6912
2200-10-20 07:00:00,270.0,1239.6171
2200-10-20 08:00:00,270.0,1310.8942
2200-10-20 09:00:00,268.0,1325.7037
2200-10-20 10:00:00,268.0,1493.013
2200-10-20 11:00:00,268.0,1298.0138
2200-10-20 12:00:00,268.0,1116.7134
2200-10-20 13:00:00,268.0,992.17554
2200-10-20 14:00:00,268.0,840.00305
2200-10-20 15:00:00,266.0,644.75037
2200-10-20 16:00:00,266.0,760.4321
2200-10-20 17:00:00,266.0,806.2883
2200-10-20 18:00:00,268.0,1310.4491
2200-10-20 19:00:00,266.0,1513.1301
2200-10-20 20:00:00,266.0,1774.2178
2200-10-20 21:00:00,266.0,1772.5364
2200-10-20 22:00:00,266.0,1745.794
2200-10-20 23:00:00,266.0,1627.7927
2200-10-21 00:00:00,266.0,1523.8845
2200-10-21 01:00:00,266.0,1382.5996
2200-10-21 02:00:00,266.0,1384.7416
2200-10-21 03:00:00,266.0,1202.5393
2200-10-21 04:00:00,266.0,1100.707
2200-10-21 05:00:00,268.0,1026.1907
2200-10-21 06:00:00,268.0,945.9104
2200-10-21 07:00:00,269.0,844.13
2200-10-21 08:00:00,270.0,910.7169
2200-10-21 09:00:00,270.0,880.32434
2200-10-21 10:00:00,270.0,935.50024
2200-10-21 11:00:00,270.0,756.3441
2200-10-21 12:00:00,270.0,713.4701
2200-10-21 13:00:00,270.0,629.9967
2200-10-21 14:00:00,270.0,543.1033
2200-10-21 15:00:00,270.0,672.8125
2200-10-21 16:00:00,270.0,726.5792
2200-10-21 17:00:00,270.0,861.8318
2200-10-21 18:00:00,270.0,1277.3174
2200-10-21 19:00:00,271.0,1802.5908
2200-10-21 20:00:00,272.0,1747.3115
2200-10-21 21:00:00,272.0,1666.131
2200-10-21 22:00:00,272.0,1566.8584
2200-10-21 23:00:00,272.0,1492.1494
2200-10-22 00:00:00,270.0,1456.3611
2200-10-22 01:00:00,270.0,1412.0427
2200-10-22 02:00:00,268.0,1344.0936
2200-10-22 03:00:00,268.0,1291.6772
2200-10-22 04:00:00,268.0,1255.3204
2200-10-22 05:00:00,268.0,1220.6577
2200-10-22 06:00:00,268.0,1219.6163
2200-10-22 07:00:00,268.0,1104.9722
2200-10-22 08:00:00,268.0,1266.5698
2200-10-22 09:00:00,270.0,1241.9928
2200-10-22 10:00:00,270.0,1354.7235
2200-10-22 11:00:00,270.0,1370.5374
2200-10-22 12:00:00,270.0,1161.2605
2200-10-22 13:00:00,270.0,1008.2969
2200-10-22 14:00:00,269.0,898.8285
2200-10-22 15:00:00,270.0,917.2445
2200-10-22 16:00:00,270.0,913.85596
2200-10-22 17:00:00,270.0,1111.048
2200-10-22 18:00:00,270.0,1161.556
2200-10-22 19:00:00,270.0,1775.713
2200-10-22 20:00:00,270.0,1671.0051
2200-10-22 21:00:00,270.0,1557.6707
2200-10-22 22:00:00,270.0,1421.8226
2200-10-22 23:00:00,269.0,1350.1873
2200-10-23 00:00:00,268.0,1389.602
2200-10-23 01:00:00,268.0,1339.2028
2200-10-23 02:00:00,267.0,1251.9783
2200-10-23 03:00:00,267.0,1192.22
2200-10-23 04:00:00,271.0,1087.6978
2200-10-23 05:00:00,275.0,981.1577
2200-10-23 06:00:00,279.0,980.2612
2200-10-23 07:00:00,282.0,809.75854
2200-10-23 08:00:00,284.0,941.3229
2200-10-23 09:00:00,285.0,946.5205
2200-10-23 10:00:00,287.0,1189.2096
2200-10-23 11:00:00,287.0,1133.4313
2200-10-23 12:00:00,287.0,957.6581
2200-10-23 13:00:00,287.0,799.0354
2200-10-23 14:00:00,287.0,713.0134
2200-10-23 15:00:00,289.0,778.30493
2200-10-23 16:00:00,291.0,884.4131
2200-10-23 17:00:00,291.0,1169.162
2200-10-23 18:00:00,291.0,1386.1963
2200-10-23 19:00:00,291.0,1713.9756
2200-10-23 20:00:00,290.0,1578.0476
2200-10-23 21:00:00,283.0,1488.9753
2200-10-23 22:00:00,275.0,1454.4454
2200-10-23 23:00:00,268.0,1279.0425
2200-10-24 00:00:00,262.0,1311.2539
2200-10-24 01:00:00,259.0,1250.964
2200-10-24 02:00:00,256.0,1063.6985
2200-10-24 03:00:00,254.0,895.5989
2200-10-24 04:00:00,254.0,771.14905
2200-10-24 05:00:00,258.0,672.6747
2200-10-24 06:00:00,265.0,646.75464
2200-10-24 07:00:00,271.0,629.2848
2200-10-24 08:00:00,276.0,809.75464
2200-10-24 09:00:00,280.0,828.03406
2200-10-24 10:00:00,282.0,1054.6774
2200-10-24 11:00:00,282.0,1132.3186
2200-10-24 12:00:00,281.0,986.34656
2200-10-24 13:00:00,278.0,953.72766
2200-10-24 14:00:00,276.0,972.2573
2200-10-24 15:00:00,274.0,1021.8992
2200-10-24 16:00:00,274.0,964.22754
2200-10-24 17:00:00,274.0,1346.4141
2200-10-24 18:00:00,274.0,1559.7863
2200-10-24 19:00:00,274.0,2043.5596
2200-10-24 20:00:00,274.0,1862.3228
2200-10-24 21:00:00,273.0,1752.0815
2200-10-24 22:00:00,271.0,1680.2793
2200-10-24 23:00:00,269.0,1658.6477
2200-10-25 00:00:00,267.0,1548.419
2200-10-25 01:00:00,265.0,1521.7278
2200-10-25 02:00:00,263.0,1362.1576
2200-10-25 03:00:00,261.0,1192.1761
2200-10-25 04:00:00,260.0,1051.5999
2200-10-25 05:00:00,258.0,997.32324
2200-10-25 06:00:00,258.0,1019.04395
2200-10-25 07:00:00,258.0,963.20337
2200-10-25 08:00:00,258.0,1119.6322
2200-10-25 09:00:00,258.0,1090.3126
2200-10-25 10:00:00,256.0,1209.8978
2200-10-25 11:00:00,256.0,1243.1567
2200-10-25 12:00:00,256.0,1108.8278
2200-10-25 13:00:00,256.0,1060.1096
2200-10-25 14:00:00,256.0,1150.3967
2200-10-25 15:00:00,263.0,1210.843
2200-10-25 16:00:00,272.0,1113.4407
2200-10-25 17:00:00,274.0,1419.7968
2200-10-25 18:00:00,273.0,1478.5188
2200-10-25 19:00:00,272.0,1836.4231
2200-10-25 20:00:00,274.0,1664.0027
2200-10-25 21:00:00,280.0,1556.4165
2200-10-25 22:00:00,286.0,1452.2402
2200-10-25 23:00:00,286.0,1351.0635
2200-10-26 00:00:00,282.0,1350.68
2200-10-26 01:00:00,277.0,1243.4047
2200-10-26 02:00:00,274.0,1082.2109
2200-10-26 03:00:00,272.0,891.3225
2200-10-26 04:00:00,270.0,799.12915
2200-10-26 05:00:00,270.0,788.7007
2200-10-26 06:00:00,268.0,825.9794
2200-10-26 07:00:00,268.0,778.1726
2200-10-26 08:00:00,267.0,824.119
2200-10-26 09:00:00,266.0,793.7068
2200-10-26 10:00:00,266.0,983.677
2200-10-26 11:00:00,265.0,1025.3611
2200-10-26 12:00:00,264.0,954.6102
2200-10-26 13:00:00,264.0,843.47437
2200-10-26 14:00:00,262.0,813.91003
2200-10-26 15:00:00,262.0,752.79236
2200-10-26 16:00:00,260.0,873.8423
2200-10-26 17:00:00,260.0,903.8292
2200-10-26 18:00:00,259.0,1378.171
2200-10-26 19:00:00,258.0,1734.8296
2200-10-26 20:00:00,258.0,1681.3447
2200-10-26 21:00:00,258.0,1614.0416
2200-10-26 22:00:00,258.0,1577.5039
2200-10-26 23:00:00,258.0,1591.2844
2200-10-27 00:00:00,259.0,1648.1433
2200-10-27 01:00:00,260.0,1554.7795
2200-10-27 02:00:00,260.0,1525.3856
2200-10-27 03:00:00,260.0,1452.9222
2200-10-27 04:00:00,260.0,1409.4872
2200-10-27 05:00:00,260.0,1366.9471
2200-10-27 06:00:00,260.0,1276.0261
2200-10-27 07:00:00,260.0,1270.0371
2200-10-27 08:00:00,260.0,1319.2477
2200-10-27 09:00:00,259.0,1322.1616
2200-10-27 10:00:00,258.0,1448.6897
2200-10-27 11:00:00,258.0,1514.3467
2200-10-27 12:00:00,258.0,1294.5046
2200-10-27 13:00:00,256.0,1166.2118
2200-10-27 14:00:00,257.0,1010.58545
2200-10-27 15:00:00,258.0,1060.1427
2200-10-27 16:00:00,257.0,1123.1158
2200-10-27 17:00:00,256.0,1510.3323
2200-10-27 18:00:00,256.0,1514.0405
2200-10-27 19:00:00,256.0,1861.0801
2200-10-27 20:00:00,256.0,1927.7024
2200-10-27 21:00:00,256.0,1841.604
2200-10-27 22:00:00,256.0,1770.4429
2200-10-27 23:00:00,256.0,1708.2941
2200-10-28 00:00:00,258.0,1634.2302
2200-10-28 01:00:00,258.0,1605.0135
2200-10-28 02:00:00,258.0,1555.9298
2200-10-28 03:00:00,258.0,1451.3529
2200-10-28 04:00:00,258.0,1319.4657
2200-10-28 05:00:00,258.0,1327.1185
2200-10-28 06:00:00,258.0,1201.484
2200-10-28 07:00:00,258.0,1077.2646
2200-10-28 08:00:00,259.0,1100.4663
2200-10-28 09:00:00,260.0,1210.5292
2200-10-28 10:00:00,260.0,1235.5376
2200-10-28 11:00:00,260.0,1403.8833
2200-10-28 12:00:00,260.0,1348.7849
2200-10-28 13:00:00,260.0,1388.2394
2200-10-28 14:00:00,258.0,1340.1335
2200-10-28 15:00:00,258.0,1237.7434
2200-10-28 16:00:00,258.0,1180.478
2200-10-28 17:00:00,260.0,1509.8589
2200-10-28 18:00:00,260.0,1639.2687
2200-10-28 19:00:00,262.0,1849.095
2200-10-28 20:00:00,262.0,1862.9719
2200-10-28 21:00:00,262.0,1695.3687
2200-10-28 22:00:00,262.0,1526.9989
2200-10-28 23:00:00,260.0,1450.5648
2200-10-29 00:00:00,259.0,1413.1543
2200-10-29 01:00:00,258.0,1385.9158
2200-10-29 02:00:00,256.0,1265.4662
2200-10-29 03:00:00,256.0,1155.1704
2200-10-29 04:00:00,254.0,1145.1023
2200-10-29 05:00:00,254.0,1103.6722
2200-10-29 06:00:00,252.0,1072.9597
2200-10-29 07:00:00,252.0,972.74744
2200-10-29 08:00:00,250.0,1054.1239
2200-10-29 09:00:00,250.0,917.31384
2200-10-29 10:00:00,212.0,1063.2211
2200-10-29 11:00:00,212.0,1235.983
2200-10-29 12:00:00,212.0,1337.752
2200-10-29 13:00:00,210.0,1317.0189
2200-10-29 14:00:00,248.0,1256.5367
2200-10-29 15:00:00,246.0,1322.4257
2200-10-29 16:00:00,246.0,1228.6016
2200-10-29 17:00:00,246.0,1549.2673
2200-10-29 18:00:00,247.0,1610.4199
2200-10-29 19:00:00,248.0,1928.5925
2200-10-29 20:00:00,248.0,1831.7026
2200-10-29 21:00:00,248.0,1567.246
2200-10-29 22:00:00,248.0,1342.4017
2200-10-29 23:00:00,247.0,1197.9723
2200-10-30 00:00:00,246.0,1037.7782
2200-10-30 01:00:00,246.0,835.9103
2200-10-30 02:00:00,246.0,722.1299
2200-10-30 03:00:00,246.0,743.32837
2200-10-30 04:00:00,245.0,771.4177
2200-10-30 05:00:00,244.0,634.78174
2200-10-30 06:00:00,244.0,844.6682
2200-10-30 07:00:00,244.0,574.43115
2200-10-30 08:00:00,244.0,651.3446
2200-10-30 09:00:00,244.0,578.69604
2200-10-30 10:00:00,243.0,443.7527
2200-10-30 11:00:00,242.0,534.027
2200-10-30 12:00:00,242.0,521.1333
2200-10-30 13:00:00,242.0,820.44116
2200-10-30 14:00:00,242.0,788.9241
2200-10-30 15:00:00,245.0,797.1443
2200-10-30 16:00:00,208.0,689.8616
2200-10-30 17:00:00,209.0,1050.7362
2200-10-30 18:00:00,213.0,1388.9703
2200-10-30 19:00:00,220.0,1468.3788
2200-10-30 20:00:00,228.0,1236.2501
2200-10-30 21:00:00,235.0,1051.5441
2200-10-30 22:00:00,238.0,949.49866
2200-10-30 23:00:00,240.0,833.6039
2200-10-31 00:00:00,242.0,800.4935
2200-10-31 01:00:00,240.0,712.0537
2200-10-31 02:00:00,233.0,611.69446
2200-10-31 03:00:00,225.0,601.24634
2200-10-31 04:00:00,219.0,582.70886
2200-10-31 05:00:00,216.0,557.67126
2200-10-31 06:00:00,212.0,612.79443
2200-10-31 07:00:00,210.0,507.86536
2200-10-31 08:00:00,209.0,604.78516
2200-10-31 09:00:00,208.0,466.7666
2200-10-31 10:00:00,206.0,598.73975
2200-10-31 11:00:00,206.0,723.9083
2200-10-31 12:00:00,206.0,557.83716
2200-10-31 13:00:00,206.0,550.67957
2200-10-31 14:00:00,206.0,581.8235
2200-10-31 15:00:00,206.0,567.48083
2200-10-31 16:00:00,206.0,581.541
2200-10-31 17:00:00,206.0,852.5311
2200-10-31 18:00:00,206.0,1319.9138
2200-10-31 19:00:00,207.0,1543.8988
2200-10-31 20:00:00,208.0,1506.1151
2200-10-31 21:00:00,210.0,1514.1261
2200-10-31 22:00:00,210.0,1477.0972
2200-10-31 23:00:00,210.0,1270.5183
2200-11-01 00:00:00,212.0,1273.156
2200-11-01 01:00:00,219.0,1267.111
2200-11-01 02:00:00,226.0,1172.2169
2200-11-01 03:00:00,231.0,1130.9869
2200-11-01 04:00:00,235.0,1109.4056
2200-11-01 05:00:00,237.0,1060.2623
2200-11-01 06:00:00,238.0,1092.9475
2200-11-01 07:00:00,240.0,1091.8218
2200-11-01 08:00:00,240.0,1197.6257
2200-11-01 09:00:00,242.0,1232.5839
2200-11-01 10:00:00,242.0,1342.4623
2200-11-01 11:00:00,243.0,1511.8958
2200-11-01 12:00:00,244.0,1395.8849
2200-11-01 13:00:00,244.0,1228.8147
2200-11-01 14:00:00,246.0,1298.4321
2200-11-01 15:00:00,246.0,1356.0095
2200-11-01 16:00:00,246.0,1301.2428
2200-11-01 17:00:00,246.0,1534.6233
2200-11-01 18:00:00,247.0,1732.5366
2200-11-01 19:00:00,248.0,1983.2312
2200-11-01 20:00:00,248.0,1872.1284
2200-11-01 21:00:00,286.0,1767.1189
2200-11-01 22:00:00,279.0,1791.5469
2200-11-01 23:00:00,272.0,1724.1935
2200-11-02 00:00:00,264.0,1714.2406
2200-11-02 01:00:00,259.0,1621.2083
2200-11-02 02:00:00,257.0,1454.3525
2200-11-02 03:00:00,254.0,1318.8568
2200-11-02 04:00:00,252.0,1204.4795
2200-11-02 05:00:00,252.0,1054.7583
2200-11-02 06:00:00,252.0,994.7925
2200-11-02 07:00:00,250.0,912.6356
2200-11-02 08:00:00,250.0,813.626
2200-11-02 09:00:00,250.0,844.7671
2200-11-02 10:00:00,250.0,686.68164
2200-11-02 11:00:00,250.0,503.92993
2200-11-02 12:00:00,250.0,409.96387
2200-11-02 13:00:00,250.0,649.21313
2200-11-02 14:00:00,250.0,787.7875
2200-11-02 15:00:00,249.0,939.93616
2200-11-02 16:00:00,248.0,1041.9882
2200-11-02 17:00:00,248.0,1313.0536
2200-11-02 18:00:00,248.0,1337.0295
2200-11-02 19:00:00,248.0,1515.7797
2200-11-02 20:00:00,248.0,1441.3468
2200-11-02 21:00:00,248.0,1212.694
2200-11-02 22:00:00,248.0,1016.64136
2200-11-02 23:00:00,248.0,860.06946
2200-11-03 00:00:00,248.0,777.2405
2200-11-03 01:00:00,248.0,649.7843
2200-11-03 02:00:00,248.0,578.6764
2200-11-03 03:00:00,248.0,471.96692
2200-11-03 04:00:00,248.0,446.9021
2200-11-03 05:00:00,248.0,356.6975
2200-11-03 06:00:00,248.0,311.63208
2200-11-03 07:00:00,248.0,252.02783
2200-11-03 08:00:00,250.0,427.11255
2200-11-03 09:00:00,256.0,308.55957
2200-11-03 10:00:00,263.0,360.89795
2200-11-03 11:00:00,267.0,272.82837
2200-11-03 12:00:00,268.0,278.58813
2200-11-03 13:00:00,265.0,511.26318
2200-11-03 14:00:00,261.0,789.2157
2200-11-03 15:00:00,258.0,946.41516
2200-11-03 16:00:00,256.0,1102.515
2200-11-03 17:00:00,253.0,1402.153
2200-11-03 18:00:00,251.0,1462.9098
2200-11-03 19:00:00,250.0,1662.9714
2200-11-03 20:00:00,250.0,1504.69
2200-11-03 21:00:00,250.0,1406.3972
2200-11-03 22:00:00,250.0,1378.2587
2200-11-03 23:00:00,251.0,1260.8857
2200-11-04 00:00:00,253.0,1196.3975
2200-11-04 01:00:00,254.0,1156.0466
2200-11-04 02:00:00,254.0,1029.2206
2200-11-04 03:00:00,255.0,1038.4192
2200-11-04 04:00:00,260.0,927.7959
2200-11-04 05:00:00,267.0,898.1929
2200-11-04 06:00:00,275.0,853.5233
2200-11-04 07:00:00,281.0,878.2272
2200-11-04 08:00:00,284.0,864.3551
2200-11-04 09:00:00,287.0,1052.223
2200-11-04 10:00:00,289.0,893.6719
2200-11-04 11:00:00,291.0,1061.002
2200-11-04 12:00:00,293.0,1061.0443
2200-11-04 13:00:00,293.0,1236.9099
2200-11-04 14:00:00,293.0,1286.5111
2200-11-04 15:00:00,293.0,1312.4025
2200-11-04 16:00:00,292.0,1251.7336
2200-11-04 17:00:00,290.0,1602.7522
2200-11-04 18:00:00,287.0,1681.9434
2200-11-04 19:00:00,280.0,2045.3944
2200-11-04 20:00:00,270.0,1994.9014
2200-11-04 21:00:00,261.0,1950.7003
2200-11-04 22:00:00,254.0,1803.146
2200-11-04 23:00:00,248.0,1684.7402
2200-11-05 00:00:00,244.0,1605.6829
2200-11-05 01:00:00,240.0,1472.9845
2200-11-05 02:00:00,238.0,1406.5358
2200-11-05 03:00:00,236.0,1280.6578
2200-11-05 04:00:00,236.0,1227.1821
2200-11-05 05:00:00,234.0,1238.6191
2200-11-05 06:00:00,234.0,1256.8539
2200-11-05 07:00:00,234.0,1222.4032
2200-11-05 08:00:00,234.0,1281.5529
2200-11-05 09:00:00,237.0,1195.2493
2200-11-05 10:00:00,244.0,1241.0239
2200-11-05 11:00:00,251.0,1303.9735
2200-11-05 12:00:00,257.0,1148.981
2200-11-05 13:00:00,262.0,1360.0109
2200-11-05 14:00:00,264.0,1398.3193
2200-11-05 15:00:00,267.0,1066.1953
2200-11-05 16:00:00,268.0,1309.6785
2200-11-05 17:00:00,268.0,1545.484
2200-11-05 18:00:00,268.0,1395.7142
2200-11-05 19:00:00,266.0,1501.3442
2200-11-05 20:00:00,263.0,1333.8606
2200-11-05 21:00:00,260.0,1041.2871
2200-11-05 22:00:00,258.0,975.95667
2200-11-05 23:00:00,256.0,861.17993
2200-11-06 00:00:00,254.0,880.61194
2200-11-06 01:00:00,254.0,817.53906
2200-11-06 02:00:00,254.0,851.86035
2200-11-06 03:00:00,254.0,828.28625
2200-11-06 04:00:00,254.0,850.02637
2200-11-06 05:00:00,255.0,818.699
2200-11-06 06:00:00,256.0,817.5237
2200-11-06 07:00:00,257.0,877.8264
2200-11-06 08:00:00,258.0,892.74207
2200-11-06 09:00:00,259.0,1016.9452
2200-11-06 10:00:00,260.0,812.3534
2200-11-06 11:00:00,260.0,668.0575
2200-11-06 12:00:00,261.0,661.94165
2200-11-06 13:00:00,262.0,587.4563
2200-11-06 14:00:00,264.0,874.0895
2200-11-06 15:00:00,264.0,930.96277
2200-11-06 16:00:00,264.0,1043.0281
2200-11-06 17:00:00,264.0,1480.5679
2200-11-06 18:00:00,263.0,1563.8722
2200-11-06 19:00:00,264.0,1943.7437
2200-11-06 20:00:00,264.0,1735.4836
2200-11-06 21:00:00,264.0,1611.4932
2200-11-06 22:00:00,264.0,1342.9761
2200-11-06 23:00:00,264.0,1264.5573
2200-11-07 00:00:00,262.0,1063.179
2200-11-07 01:00:00,261.0,990.5178
2200-11-07 02:00:00,260.0,984.032
2200-11-07 03:00:00,259.0,955.22485
2200-11-07 04:00:00,258.0,969.5857
2200-11-07 05:00:00,258.0,994.05237
2200-11-07 06:00:00,258.0,987.7335
2200-11-07 07:00:00,258.0,992.15344
2200-11-07 08:00:00,256.0,934.3164
2200-11-07 09:00:00,256.0,844.69934
2200-11-07 10:00:00,250.0,1007.2528
2200-11-07 11:00:00,240.0,1080.464
2200-11-07 12:00:00,238.0,1289.6078
2200-11-07 13:00:00,238.0,1103.6556
2200-11-07 14:00:00,238.0,1191.3086
2200-11-07 15:00:00,236.0,1208.0905
2200-11-07 16:00:00,234.0,1090.3627
2200-11-07 17:00:00,234.0,1472.4683
2200-11-07 18:00:00,234.0,1552.6327
2200-11-07 19:00:00,234.0,1914.8472
2200-11-07 20:00:00,234.0,1817.0374
2200-11-07 21:00:00,234.0,1716.2426
2200-11-07 22:00:00,236.0,1670.2092
2200-11-07 23:00:00,236.0,1546.8289
2200-11-08 00:00:00,236.0,1404.3237
2200-11-08 01:00:00,236.0,1333.1411
2200-11-08 02:00:00,236.0,1292.5203
2200-11-08 03:00:00,237.0,1266.9417
2200-11-08 04:00:00,238.0,1250.892
2200-11-08 05:00:00,239.0,1247.0085
2200-11-08 06:00:00,242.0,1309.9291
2200-11-08 07:00:00,253.0,1427.5884
2200-11-08 08:00:00,267.0,1383.6619
2200-11-08 09:00:00,273.0,1333.1456
2200-11-08 10:00:00,274.0,1472.5953
2200-11-08 11:00:00,274.0,1504.0991
2200-11-08 12:00:00,271.0,1231.7699
2200-11-08 13:00:00,270.0,1062.0377
2200-11-08 14:00:00,269.0,944.99536
2200-11-08 15:00:00,268.0,1080.5988
2200-11-08 16:00:00,268.0,950.3793
2200-11-08 17:00:00,266.0,1269.1027
2200-11-08 18:00:00,266.0,1354.3453
2200-11-08 19:00:00,266.0,1948.4546
2200-11-08 20:00:00,266.0,1885.8301
2200-11-08 21:00:00,266.0,1857.042
2200-11-08 22:00:00,266.0,1726.7048
2200-11-08 23:00:00,266.0,1598.8224
2200-11-09 00:00:00,266.0,1426.8298
2200-11-09 01:00:00,266.0,1322.2358
2200-11-09 02:00:00,266.0,1280.0599
2200-11-09 03:00:00,266.0,1212.1587
2200-11-09 04:00:00,266.0,1105.065
2200-11-09 05:00:00,266.0,1083.2031
2200-11-09 06:00:00,266.0,1026.0964
2200-11-09 07:00:00,266.0,1044.3391
2200-11-09 08:00:00,266.0,931.5896
2200-11-09 09:00:00,266.0,946.81006
2200-11-09 10:00:00,264.0,934.3711
2200-11-09 11:00:00,260.0,1063.4348
2200-11-09 12:00:00,256.0,854.65845
2200-11-09 13:00:00,254.0,856.9562
2200-11-09 14:00:00,252.0,734.42065
2200-11-09 15:00:00,250.0,946.08875
2200-11-09 16:00:00,247.0,850.49365
2200-11-09 17:00:00,245.0,1200.0563
2200-11-09 18:00:00,243.0,1271.2255
2200-11-09 19:00:00,242.0,1735.5521
2200-11-09 20:00:00,240.0,1733.28
2200-11-09 21:00:00,240.0,1636.7014
2200-11-09 22:00:00,240.0,1561.7422
2200-11-09 23:00:00,239.0,1522.6028
2200-11-10 00:00:00,238.0,1258.8127
2200-11-10 01:00:00,238.0,1197.7072
2200-11-10 02:00:00,238.0,1189.8185
2200-11-10 03:00:00,238.0,1137.0393
2200-11-10 04:00:00,240.0,1081.7771
2200-11-10 05:00:00,246.0,1060.3801
2200-11-10 06:00:00,254.0,1134.8962
2200-11-10 07:00:00,263.0,1219.0448
2200-11-10 08:00:00,269.0,1124.5677
2200-11-10 09:00:00,274.0,1049.5945
2200-11-10 10:00:00,277.0,1095.2598
2200-11-10 11:00:00,278.0,1127.036
2200-11-10 12:00:00,278.0,809.61633
2200-11-10 13:00:00,277.0,752.1631
2200-11-10 14:00:00,274.0,700.4133
2200-11-10 15:00:00,270.0,903.9795
2200-11-10 16:00:00,262.0,815.5065
2200-11-10 17:00:00,256.0,1180.6783
2200-11-10 18:00:00,249.0,1363.0306
2200-11-10 19:00:00,244.0,1872.7297
2200-11-10 20:00:00,240.0,1885.772
2200-11-10 21:00:00,239.0,1917.1543
2200-11-10 22:00:00,238.0,1841.2046
2200-11-10 23:00:00,236.0,1767.7361
2200-11-11 00:00:00,236.0,1295.9645
2200-11-11 01:00:00,234.0,1173.9335
2200-11-11 02:00:00,234.0,1042.9315
2200-11-11 03:00:00,234.0,1051.0398
2200-11-11 04:00:00,234.0,946.93396
2200-11-11 05:00:00,234.0,860.5619
2200-11-11 06:00:00,234.0,921.7219
2200-11-11 07:00:00,234.0,1010.3784
2200-11-11 08:00:00,234.0,982.6493
2200-11-11 09:00:00,236.0,904.4497
2200-11-11 10:00:00,236.0,1046.399
2200-11-11 11:00:00,237.0,898.72
2200-11-11 12:00:00,238.0,807.4845
2200-11-11 13:00:00,238.0,819.02356
2200-11-11 14:00:00,238.0,788.2157
2200-11-11 15:00:00,238.0,759.03394
2200-11-11 16:00:00,238.0,986.1178
2200-11-11 17:00:00,237.0,991.1847
2200-11-11 18:00:00,236.0,1337.7354
2200-11-11 19:00:00,236.0,1467.1842
2200-11-11 20:00:00,236.0,1747.4702
2200-11-11 21:00:00,236.0,1777.6221
2200-11-11 22:00:00,236.0,1825.7957
2200-11-11 23:00:00,236.0,1810.2153
2200-11-12 00:00:00,235.0,1705.1328
2200-11-12 01:00:00,234.0,1677.506
2200-11-12 02:00:00,234.0,1539.1685
2200-11-12 03:00:00,234.0,1486.178
2200-11-12 04:00:00,234.0,1444.4668
2200-11-12 05:00:00,234.0,1428.4799
2200-11-12 06:00:00,234.0,1418.3145
2200-11-12 07:00:00,234.0,1531.1558
2200-11-12 08:00:00,234.0,1496.3691
2200-11-12 09:00:00,234.0,1537.6143
2200-11-12 10:00:00,234.0,1704.9282
2200-11-12 11:00:00,235.0,1836.3748
2200-11-12 12:00:00,236.0,1643.5771
2200-11-12 13:00:00,237.0,1468.4476
2200-11-12 14:00:00,240.0,1404.6501
2200-11-12 15:00:00,242.0,1339.1787
2200-11-12 16:00:00,244.0,1410.8219
2200-11-12 17:00:00,246.0,1412.9437
2200-11-12 18:00:00,246.0,1679.7382
2200-11-12 19:00:00,246.0,2066.9932
2200-11-12 20:00:00,246.0,1950.8512
2200-11-12 21:00:00,246.0,2007.4979
2200-11-12 22:00:00,246.0,1975.6387
2200-11-12 23:00:00,244.0,1934.032
2200-11-13 00:00:00,243.0,1913.1053
2200-11-13 01:00:00,242.0,1886.2108
2200-11-13 02:00:00,241.0,1753.5605
2200-11-13 03:00:00,240.0,1639.8499
2200-11-13 04:00:00,240.0,1661.0432
2200-11-13 05:00:00,240.0,1579.2032
2200-11-13 06:00:00,240.0,1596.6742
2200-11-13 07:00:00,240.0,1643.4263
2200-11-13 08:00:00,241.0,1645.1029
2200-11-13 09:00:00,242.0,1656.9878
2200-11-13 10:00:00,242.0,1772.9084
2200-11-13 11:00:00,242.0,1890.3579
2200-11-13 12:00:00,239.0,1622.6792
2200-11-13 13:00:00,236.0,1490.3113
2200-11-13 14:00:00,234.0,1321.9858
2200-11-13 15:00:00,233.0,1386.9388
2200-11-13 16:00:00,231.0,1348.7571
2200-11-13 17:00:00,230.0,1772.4424
2200-11-13 18:00:00,229.0,1791.5522
2200-11-13 19:00:00,229.0,2079.396
2200-11-13 20:00:00,229.0,2000.5486
2200-11-13 21:00:00,229.0,1919.7708
2200-11-13 22:00:00,229.0,1810.1901
2200-11-13 23:00:00,229.0,1703.5671
2200-11-14 00:00:00,229.0,1682.2894
2200-11-14 01:00:00,227.0,1614.2542
2200-11-14 02:00:00,226.0,1534.1095
2200-11-14 03:00:00,225.0,1539.3303
2200-11-14 04:00:00,225.0,1476.7297
2200-11-14 05:00:00,225.0,1410.9501
2200-11-14 06:00:00,225.0,1397.3318
2200-11-14 07:00:00,223.0,1436.6117
2200-11-14 08:00:00,223.0,1403.0742
2200-11-14 09:00:00,223.0,1429.6617
2200-11-14 10:00:00,223.0,1261.4438
2200-11-14 11:00:00,223.0,1427.445
2200-11-14 12:00:00,223.0,1545.4343
2200-11-14 13:00:00,223.0,1551.2505
2200-11-14 14:00:00,223.0,1537.5891
2200-11-14 15:00:00,223.0,1482.5334
2200-11-14 16:00:00,223.0,1380.3348
2200-11-14 17:00:00,223.0,1689.6483
2200-11-14 18:00:00,224.0,1678.1587
2200-11-14 19:00:00,227.0,1946.6616
2200-11-14 20:00:00,229.0,1744.6636
2200-11-14 21:00:00,231.0,1600.779
2200-11-14 22:00:00,234.0,1458.7606
2200-11-14 23:00:00,236.0,1329.151
2200-11-15 00:00:00,238.0,1212.0378
2200-11-15 01:00:00,238.0,1117.3774
2200-11-15 02:00:00,238.0,1088.2996
2200-11-15 03:00:00,238.0,987.69006
2200-11-15 04:00:00,238.0,903.46387
2200-11-15 05:00:00,238.0,910.5924
2200-11-15 06:00:00,238.0,948.7213
2200-11-15 07:00:00,238.0,994.04834
2200-11-15 08:00:00,238.0,914.41907
2200-11-15 09:00:00,240.0,880.33594
2200-11-15 10:00:00,240.0,977.3595
2200-11-15 11:00:00,242.0,981.04834
2200-11-15 12:00:00,248.0,840.5381
2200-11-15 13:00:00,257.0,782.0558
2200-11-15 14:00:00,263.0,653.0852
2200-11-15 15:00:00,269.0,782.58484
2200-11-15 16:00:00,270.0,791.10913
2200-11-15 17:00:00,266.0,710.3883
2200-11-15 18:00:00,256.0,1080.3229
2200-11-15 19:00:00,246.0,1520.8174
2200-11-15 20:00:00,239.0,1584.0034
2200-11-15 21:00:00,234.0,1653.4739
2200-11-15 22:00:00,230.0,1651.2452
2200-11-15 23:00:00,227.0,1563.4438
2200-11-16 00:00:00,225.0,1524.8324
2200-11-16 01:00:00,222.0,1415.3706
2200-11-16 02:00:00,221.0,1358.9875
2200-11-16 03:00:00,220.0,1313.4945
2200-11-16 04:00:00,219.0,1322.1893
2200-11-16 05:00:00,217.0,1329.5598
2200-11-16 06:00:00,219.0,1337.2836
2200-11-16 07:00:00,226.0,1350.6248
2200-11-16 08:00:00,234.0,1297.5573
2200-11-16 09:00:00,241.0,1232.7072
2200-11-16 10:00:00,246.0,1396.6453
2200-11-16 11:00:00,249.0,1434.647
2200-11-16 12:00:00,249.0,1163.2694
2200-11-16 13:00:00,246.0,1027.2772
2200-11-16 14:00:00,242.0,891.3032
2200-11-16 15:00:00,236.0,695.022
2200-11-16 16:00:00,230.0,853.22705
2200-11-16 17:00:00,225.0,1138.4502
2200-11-16 18:00:00,221.0,1403.349
2200-11-16 19:00:00,219.0,1863.0542
2200-11-16 20:00:00,217.0,1833.0116
2200-11-16 21:00:00,216.0,1813.6615
2200-11-16 22:00:00,215.0,1730.6227
2200-11-16 23:00:00,214.0,1693.7029
2200-11-17 00:00:00,213.0,1590.9031
2200-11-17 01:00:00,211.0,1489.7109
2200-11-17 02:00:00,211.0,1459.9622
2200-11-17 03:00:00,211.0,1434.406
2200-11-17 04:00:00,211.0,1398.1954
2200-11-17 05:00:00,212.0,1392.4149
2200-11-17 06:00:00,213.0,1418.1731
2200-11-17 07:00:00,214.0,1446.3784
2200-11-17 08:00:00,215.0,1421.3551
2200-11-17 09:00:00,217.0,1484.4805
2200-11-17 10:00:00,217.0,1438.0243
2200-11-17 11:00:00,217.0,1453.5448
2200-11-17 12:00:00,217.0,1256.0068
2200-11-17 13:00:00,218.0,1124.3971
2200-11-17 14:00:00,223.0,1034.4592
2200-11-17 15:00:00,228.0,1136.2872
2200-11-17 16:00:00,231.0,1126.4758
2200-11-17 17:00:00,232.0,1467.8396
2200-11-17 18:00:00,234.0,1653.9836
2200-11-17 19:00:00,235.0,1971.7393
2200-11-17 20:00:00,236.0,1867.9323
2200-11-17 21:00:00,236.0,1861.2354
2200-11-17 22:00:00,237.0,1778.1237
2200-11-17 23:00:00,238.0,1706.7861
2200-11-18 00:00:00,238.0,1642.6785
2200-11-18 01:00:00,238.0,1586.7781
2200-11-18 02:00:00,238.0,1500.0205
2200-11-18 03:00:00,238.0,1431.3474
2200-11-18 04:00:00,238.0,1348.1332
2200-11-18 05:00:00,238.0,1329.6375
2200-11-18 06:00:00,239.0,1392.2941
2200-11-18 07:00:00,240.0,1353.1147
2200-11-18 08:00:00,242.0,1306.077
2200-11-18 09:00:00,242.0,1232.183
2200-11-18 10:00:00,242.0,1263.2295
2200-11-18 11:00:00,240.0,1406.5641
2200-11-18 12:00:00,237.0,1346.5353
2200-11-18 13:00:00,233.0,1741.861
2200-11-18 14:00:00,230.0,1405.9163
2200-11-18 15:00:00,228.0,1414.6791
2200-11-18 16:00:00,226.0,1429.9403
2200-11-18 17:00:00,224.0,1614.0438
2200-11-18 18:00:00,223.0,1789.9866
2200-11-18 19:00:00,223.0,1696.8448
2200-11-18 20:00:00,221.0,1406.443
2200-11-18 21:00:00,221.0,1257.6675
2200-11-18 22:00:00,221.0,1075.5232
2200-11-18 23:00:00,221.0,947.0658
2200-11-19 00:00:00,221.0,886.06213
2200-11-19 01:00:00,220.0,773.1902
2200-11-19 02:00:00,219.0,697.42334
2200-11-19 03:00:00,219.0,654.4855
2200-11-19 04:00:00,221.0,595.5962
2200-11-19 05:00:00,226.0,515.10376
2200-11-19 06:00:00,230.0,558.03845
2200-11-19 07:00:00,234.0,550.598
2200-11-19 08:00:00,236.0,670.8639
2200-11-19 09:00:00,238.0,851.61414
2200-11-19 10:00:00,239.0,684.1743
2200-11-19 11:00:00,240.0,763.9867
2200-11-19 12:00:00,240.0,525.4562
2200-11-19 13:00:00,240.0,627.3834
2200-11-19 14:00:00,240.0,730.2495
2200-11-19 15:00:00,240.0,866.584
2200-11-19 16:00:00,241.0,1205.6909
2200-11-19 17:00:00,242.0,1249.6063
2200-11-19 18:00:00,241.0,1360.513
2200-11-19 19:00:00,240.0,1296.9241
2200-11-19 20:00:00,240.0,1068.802
2200-11-19 21:00:00,240.0,955.9281
2200-11-19 22:00:00,239.0,839.18506
2200-11-19 23:00:00,238.0,707.1942
2200-11-20 00:00:00,238.0,776.5017
2200-11-20 01:00:00,238.0,754.26855
2200-11-20 02:00:00,238.0,799.208
2200-11-20 03:00:00,236.0,766.3235
2200-11-20 04:00:00,236.0,809.4966
2200-11-20 05:00:00,236.0,844.728
2200-11-20 06:00:00,234.0,896.8041
2200-11-20 07:00:00,233.0,906.0332
2200-11-20 08:00:00,231.0,928.0383
2200-11-20 09:00:00,229.0,898.78613
2200-11-20 10:00:00,240.0,968.9364
2200-11-20 11:00:00,238.0,1036.1259
2200-11-20 12:00:00,236.0,1029.2523
2200-11-20 13:00:00,236.0,1117.7908
2200-11-20 14:00:00,236.0,1039.1873
2200-11-20 15:00:00,234.0,1008.54016
2200-11-20 16:00:00,234.0,1166.8258
2200-11-20 17:00:00,234.0,1398.0095
2200-11-20 18:00:00,234.0,1539.8252
2200-11-20 19:00:00,234.0,1674.6011
2200-11-20 20:00:00,234.0,1460.2711
2200-11-20 21:00:00,236.0,1313.3364
2200-11-20 22:00:00,236.0,1271.6051
2200-11-20 23:00:00,236.0,1212.4591
2200-11-21 00:00:00,236.0,1117.9972
2200-11-21 01:00:00,236.0,1020.84875
2200-11-21 02:00:00,236.0,988.9529
2200-11-21 03:00:00,236.0,910.1787
2200-11-21 04:00:00,236.0,807.8678
2200-11-21 05:00:00,236.0,760.1422
2200-11-21 06:00:00,237.0,744.5293
2200-11-21 07:00:00,238.0,672.8634
2200-11-21 08:00:00,240.0,670.25037
2200-11-21 09:00:00,240.0,644.50134
2200-11-21 10:00:00,240.0,563.71387
2200-11-21 11:00:00,240.0,507.84143
2200-11-21 12:00:00,240.0,454.59473
2200-11-21 13:00:00,240.0,428.04004
2200-11-21 14:00:00,242.0,570.28796
2200-11-21 15:00:00,242.0,829.65967
2200-11-21 16:00:00,242.0,714.7001
2200-11-21 17:00:00,242.0,1019.11194
2200-11-21 18:00:00,240.0,1258.0807
2200-11-21 19:00:00,240.0,1322.2776
2200-11-21 20:00:00,240.0,1211.2053
2200-11-21 21:00:00,240.0,1143.9475
2200-11-21 22:00:00,240.0,1072.2681
2200-11-21 23:00:00,240.0,1034.8738
2200-11-22 00:00:00,240.0,974.57715
2200-11-22 01:00:00,239.0,869.23926
2200-11-22 02:00:00,238.0,804.1703
2200-11-22 03:00:00,238.0,746.6465
2200-11-22 04:00:00,238.0,774.2339
2200-11-22 05:00:00,238.0,667.9448
2200-11-22 06:00:00,238.0,681.6422
2200-11-22 07:00:00,239.0,702.0554
2200-11-22 08:00:00,240.0,715.4164
2200-11-22 09:00:00,242.0,628.9866
2200-11-22 10:00:00,242.0,673.73047
2200-11-22 11:00:00,242.0,778.7639
2200-11-22 12:00:00,242.0,791.58984
2200-11-22 13:00:00,243.0,938.3717
2200-11-22 14:00:00,244.0,931.1262
2200-11-22 15:00:00,243.0,792.38684
2200-11-22 16:00:00,242.0,1081.251
2200-11-22 17:00:00,242.0,1232.714
2200-11-22 18:00:00,242.0,1321.3439
2200-11-22 19:00:00,240.0,1239.6019
2200-11-22 20:00:00,240.0,1160.8827
2200-11-22 21:00:00,240.0,1120.3787
2200-11-22 22:00:00,240.0,969.0869
2200-11-22 23:00:00,242.0,944.0303
2200-11-23 00:00:00,242.0,913.73
2200-11-23 01:00:00,242.0,851.11804
2200-11-23 02:00:00,244.0,856.4247
2200-11-23 03:00:00,244.0,923.7191
2200-11-23 04:00:00,244.0,883.4104
2200-11-23 05:00:00,244.0,969.1791
2200-11-23 06:00:00,244.0,939.1655
2200-11-23 07:00:00,244.0,1031.0522
2200-11-23 08:00:00,244.0,1037.0651
2200-11-23 09:00:00,246.0,1296.2029
2200-11-23 10:00:00,246.0,1104.3027
2200-11-23 11:00:00,247.0,1016.31165
2200-11-23 12:00:00,248.0,798.4507
2200-11-23 13:00:00,248.0,794.7717
2200-11-23 14:00:00,250.0,1038.3976
2200-11-23 15:00:00,250.0,1053.2126
2200-11-23 16:00:00,248.0,1016.34216
2200-11-23 17:00:00,246.0,1274.4371
2200-11-23 18:00:00,246.0,1376.2712
2200-11-23 19:00:00,246.0,1736.9912
2200-11-23 20:00:00,245.0,1764.7681
2200-11-23 21:00:00,244.0,1704.1821
2200-11-23 22:00:00,244.0,1604.944
2200-11-23 23:00:00,244.0,1436.9412
2200-11-24 00:00:00,244.0,1359.4021
2200-11-24 01:00:00,244.0,1268.2101
2200-11-24 02:00:00,244.0,1197.1399
2200-11-24 03:00:00,244.0,1156.5065
2200-11-24 04:00:00,244.0,1184.5198
2200-11-24 05:00:00,244.0,1123.292
2200-11-24 06:00:00,244.0,1149.5963
2200-11-24 07:00:00,244.0,1196.7634
2200-11-24 08:00:00,244.0,1073.8623
2200-11-24 09:00:00,244.0,934.4546
2200-11-24 10:00:00,244.0,979.6146
2200-11-24 11:00:00,244.0,778.35425
2200-11-24 12:00:00,244.0,659.7522
2200-11-24 13:00:00,244.0,714.7178
2200-11-24 14:00:00,245.0,554.8208
2200-11-24 15:00:00,245.0,616.96875
2200-11-24 16:00:00,244.0,469.54187
2200-11-24 17:00:00,244.0,431.0
2200-11-24 18:00:00,244.0,859.53406
2200-11-24 19:00:00,242.0,1597.8667
2200-11-24 20:00:00,242.0,1635.8833
2200-11-24 21:00:00,242.0,1689.7972
2200-11-24 22:00:00,242.0,1486.4281
2200-11-24 23:00:00,242.0,1416.6942
2200-11-25 00:00:00,242.0,1282.7772
2200-11-25 01:00:00,242.0,1215.0892
2200-11-25 02:00:00,242.0,1148.6006
2200-11-25 03:00:00,242.0,1087.1302
2200-11-25 04:00:00,242.0,1043.4138
2200-11-25 05:00:00,242.0,1076.833
2200-11-25 06:00:00,242.0,1125.9153
2200-11-25 07:00:00,244.0,1266.9562
2200-11-25 08:00:00,244.0,1103.3964
2200-11-25 09:00:00,244.0,954.9219
2200-11-25 10:00:00,246.0,1032.4669
2200-11-25 11:00:00,246.0,842.53076
2200-11-25 12:00:00,246.0,866.15344
2200-11-25 13:00:00,246.0,713.5287
2200-11-25 14:00:00,244.0,574.1455
2200-11-25 15:00:00,242.0,396.46875
2200-11-25 16:00:00,240.0,501.88464
2200-11-25 17:00:00,240.0,895.54236
2200-11-25 18:00:00,240.0,1130.9402
2200-11-25 19:00:00,240.0,1498.9302
2200-11-25 20:00:00,240.0,1729.7461
2200-11-25 21:00:00,240.0,1724.2334
2200-11-25 22:00:00,239.0,1638.95
2200-11-25 23:00:00,238.0,1577.0781
2200-11-26 00:00:00,238.0,1463.629
2200-11-26 01:00:00,237.0,1364.085
2200-11-26 02:00:00,236.0,1362.2715
2200-11-26 03:00:00,236.0,1191.7855
2200-11-26 04:00:00,236.0,1151.0605
2200-11-26 05:00:00,236.0,1233.813
2200-11-26 06:00:00,236.0,1262.4038
2200-11-26 07:00:00,236.0,1361.0765
2200-11-26 08:00:00,236.0,1221.4829
2200-11-26 09:00:00,237.0,1289.298
2200-11-26 10:00:00,238.0,1270.0774
2200-11-26 11:00:00,238.0,1249.9979
2200-11-26 12:00:00,238.0,1178.38
2200-11-26 13:00:00,238.0,1091.2716
2200-11-26 14:00:00,238.0,972.58154
2200-11-26 15:00:00,238.0,1129.0798
2200-11-26 16:00:00,238.0,1041.103
2200-11-26 17:00:00,238.0,1407.9622
2200-11-26 18:00:00,238.0,1536.3624
2200-11-26 19:00:00,238.0,1765.3846
2200-11-26 20:00:00,238.0,1676.9065
2200-11-26 21:00:00,236.0,1632.4283
2200-11-26 22:00:00,235.0,1563.9834
2200-11-26 23:00:00,234.0,1425.6785
2200-11-27 00:00:00,232.0,1342.6676
2200-11-27 01:00:00,231.0,1322.5514
2200-11-27 02:00:00,229.0,1329.8508
2200-11-27 03:00:00,228.0,1310.5448
2200-11-27 04:00:00,227.0,1268.7521
2200-11-27 05:00:00,227.0,1300.8535
2200-11-27 06:00:00,225.0,1268.9329
2200-11-27 07:00:00,225.0,1327.7334
2200-11-27 08:00:00,225.0,1311.746
2200-11-27 09:00:00,225.0,1380.1628
2200-11-27 10:00:00,225.0,1217.727
2200-11-27 11:00:00,224.0,1175.9878
2200-11-27 12:00:00,223.0,1198.4764
2200-11-27 13:00:00,223.0,1377.2668
2200-11-27 14:00:00,223.0,1387.5217
2200-11-27 15:00:00,223.0,1490.2784
2200-11-27 16:00:00,223.0,1414.503
2200-11-27 17:00:00,222.0,1747.5098
2200-11-27 18:00:00,223.0,1874.1597
2200-11-27 19:00:00,225.0,1754.4446
2200-11-27 20:00:00,225.0,1590.4578
2200-11-27 21:00:00,225.0,1514.01
2200-11-27 22:00:00,223.0,1409.6624
2200-11-27 23:00:00,223.0,1332.3901
2200-11-28 00:00:00,221.0,1252.3955
2200-11-28 01:00:00,221.0,1134.7921
2200-11-28 02:00:00,220.0,1135.8917
2200-11-28 03:00:00,219.0,1078.7723
2200-11-28 04:00:00,219.0,1085.4524
2200-11-28 05:00:00,219.0,1121.3477
2200-11-28 06:00:00,219.0,1097.9578
2200-11-28 07:00:00,219.0,1193.6144
2200-11-28 08:00:00,220.0,1114.7957
2200-11-28 09:00:00,221.0,1280.537
2200-11-28 10:00:00,221.0,1100.3704
2200-11-28 11:00:00,221.0,1190.1769
2200-11-28 12:00:00,221.0,1168.2599
2200-11-28 13:00:00,221.0,1177.0271
2200-11-28 14:00:00,221.0,1201.4772
2200-11-28 15:00:00,221.0,1242.613
2200-11-28 16:00:00,221.0,1255.5105
2200-11-28 17:00:00,221.0,1448.9979
2200-11-28 18:00:00,221.0,1569.9707
2200-11-28 19:00:00,221.0,1481.8445
2200-11-28 20:00:00,221.0,1304.136
2200-11-28 21:00:00,221.0,1116.3119
2200-11-28 22:00:00,221.0,1062.808
2200-11-28 23:00:00,221.0,1019.2427
2200-11-29 00:00:00,221.0,1066.756
2200-11-29 01:00:00,221.0,1066.9081
2200-11-29 02:00:00,221.0,1009.4497
2200-11-29 03:00:00,221.0,1046.6208
2200-11-29 04:00:00,222.0,1062.116
2200-11-29 05:00:00,223.0,1085.6279
2200-11-29 06:00:00,223.0,1120.1066
2200-11-29 07:00:00,224.0,1162.5398
2200-11-29 08:00:00,225.0,1144.5287
2200-11-29 09:00:00,226.0,1256.344
2200-11-29 10:00:00,227.0,1198.145
2200-11-29 11:00:00,228.0,1323.226
2200-11-29 12:00:00,229.0,1266.2341
2200-11-29 13:00:00,229.0,1451.4324
2200-11-29 14:00:00,229.0,1327.8055
2200-11-29 15:00:00,231.0,1287.7476
2200-11-29 16:00:00,232.0,1314.3121
2200-11-29 17:00:00,234.0,1579.7117
2200-11-29 18:00:00,234.0,1745.5175
2200-11-29 19:00:00,234.0,1771.1573
2200-11-29 20:00:00,234.0,1708.5049
2200-11-29 21:00:00,236.0,1580.7769
2200-11-29 22:00:00,236.0,1572.1213
2200-11-29 23:00:00,238.0,1531.112
2200-11-30 00:00:00,246.0,1503.8226
2200-11-30 01:00:00,254.0,1450.9246
2200-11-30 02:00:00,260.0,1419.7676
2200-11-30 03:00:00,264.0,1437.4933
2200-11-30 04:00:00,264.0,1389.1504
2200-11-30 05:00:00,261.0,1365.9377
2200-11-30 06:00:00,259.0,1366.5029
2200-11-30 07:00:00,256.0,1418.6586
2200-11-30 08:00:00,254.0,1469.765
2200-11-30 09:00:00,254.0,1552.787
2200-11-30 10:00:00,252.0,1478.7659
2200-11-30 11:00:00,252.0,1406.6016
2200-11-30 12:00:00,252.0,1370.559
2200-11-30 13:00:00,251.0,1391.869
2200-11-30 14:00:00,250.0,1385.081
2200-11-30 15:00:00,250.0,1350.2231
2200-11-30 16:00:00,250.0,1491.0714
2200-11-30 17:00:00,250.0,1718.9802
2200-11-30 18:00:00,250.0,1981.3359
2200-11-30 19:00:00,249.0,1781.4552
2200-11-30 20:00:00,248.0,1695.3894
2200-11-30 21:00:00,248.0,1569.875
2200-11-30 22:00:00,246.0,1464.7858
2200-11-30 23:00:00,246.0,1344.6821
2200-12-01 00:00:00,246.0,1323.6545
2200-12-01 01:00:00,246.0,1259.7778
2200-12-01 02:00:00,244.0,1242.9656
2200-12-01 03:00:00,244.0,1183.5931
2200-12-01 04:00:00,244.0,1101.4257
2200-12-01 05:00:00,244.0,1123.8235
2200-12-01 06:00:00,244.0,1074.7834
2200-12-01 07:00:00,244.0,1126.0905
2200-12-01 08:00:00,244.0,1065.2202
2200-12-01 09:00:00,244.0,1170.4642
2200-12-01 10:00:00,244.0,1050.2557
2200-12-01 11:00:00,244.0,944.65344
2200-12-01 12:00:00,244.0,1071.9692
2200-12-01 13:00:00,244.0,1091.9978
2200-12-01 14:00:00,246.0,1041.1793
2200-12-01 15:00:00,246.0,1101.4529
2200-12-01 16:00:00,247.0,1241.7675
2200-12-01 17:00:00,246.0,1580.043
2200-12-01 18:00:00,246.0,1748.739
2200-12-01 19:00:00,244.0,1753.5695
2200-12-01 20:00:00,244.0,1546.0989
2200-12-01 21:00:00,244.0,1484.047
2200-12-01 22:00:00,244.0,1332.9862
2200-12-01 23:00:00,244.0,1263.405
2200-12-02 00:00:00,245.0,1215.9902
2200-12-02 01:00:00,246.0,1141.4825
2200-12-02 02:00:00,246.0,1121.4856
2200-12-02 03:00:00,246.0,1108.6478
2200-12-02 04:00:00,246.0,1106.5719
2200-12-02 05:00:00,247.0,1075.2324
2200-12-02 06:00:00,248.0,1085.9863
2200-12-02 07:00:00,249.0,1106.164
2200-12-02 08:00:00,250.0,1049.4113
2200-12-02 09:00:00,252.0,1163.4708
2200-12-02 10:00:00,252.0,1068.9641
2200-12-02 11:00:00,252.0,1055.1089
2200-12-02 12:00:00,252.0,879.17957
2200-12-02 13:00:00,252.0,738.17505
2200-12-02 14:00:00,252.0,876.7024
2200-12-02 15:00:00,252.0,842.556
2200-12-02 16:00:00,252.0,906.80566
2200-12-02 17:00:00,252.0,1215.3125
2200-12-02 18:00:00,250.0,1575.7539
2200-12-02 19:00:00,250.0,1683.4395
2200-12-02 20:00:00,250.0,1531.7185
2200-12-02 21:00:00,250.0,1481.0923
2200-12-02 22:00:00,250.0,1404.1207
2200-12-02 23:00:00,249.0,1282.7482
2200-12-03 00:00:00,248.0,1201.3215
2200-12-03 01:00:00,248.0,1159.3568
2200-12-03 02:00:00,248.0,1128.9495
2200-12-03 03:00:00,248.0,1057.9523
2200-12-03 04:00:00,248.0,1040.6776
2200-12-03 05:00:00,248.0,1080.4534
2200-12-03 06:00:00,248.0,1075.8615
2200-12-03 07:00:00,248.0,1059.8561
2200-12-03 08:00:00,249.0,962.8126
2200-12-03 09:00:00,249.0,1128.9424
2200-12-03 10:00:00,247.0,929.2993
2200-12-03 11:00:00,245.0,1013.1339
2200-12-03 12:00:00,243.0,790.05444
2200-12-03 13:00:00,240.0,784.8385
2200-12-03 14:00:00,240.0,845.6859
2200-12-03 15:00:00,238.0,1264.509
2200-12-03 16:00:00,238.0,1420.292
2200-12-03 17:00:00,238.0,1333.1815
2200-12-03 18:00:00,238.0,1526.1007
2200-12-03 19:00:00,238.0,1381.9565
2200-12-03 20:00:00,238.0,1389.5498
2200-12-03 21:00:00,238.0,1286.7202
2200-12-03 22:00:00,238.0,1191.5013
2200-12-03 23:00:00,238.0,1123.7982
2200-12-04 00:00:00,238.0,1069.2084
2200-12-04 01:00:00,238.0,945.7997
2200-12-04 02:00:00,238.0,902.60986
2200-12-04 03:00:00,238.0,913.8794
2200-12-04 04:00:00,238.0,797.65845
2200-12-04 05:00:00,238.0,759.35144
2200-12-04 06:00:00,238.0,758.9027
2200-12-04 07:00:00,236.0,767.68823
2200-12-04 08:00:00,236.0,809.8728
2200-12-04 09:00:00,240.0,613.23926
2200-12-04 10:00:00,249.0,635.79626
2200-12-04 11:00:00,258.0,752.63
2200-12-04 12:00:00,260.0,696.1019
2200-12-04 13:00:00,257.0,735.02783
2200-12-04 14:00:00,253.0,880.2136
2200-12-04 15:00:00,250.0,868.1188
2200-12-04 16:00:00,247.0,1150.2399
2200-12-04 17:00:00,244.0,1306.1263
2200-12-04 18:00:00,242.0,1474.1033
2200-12-04 19:00:00,241.0,1249.718
2200-12-04 20:00:00,240.0,1078.5886
2200-12-04 21:00:00,240.0,886.7206
2200-12-04 22:00:00,239.0,755.7003
2200-12-04 23:00:00,238.0,641.1079
2200-12-05 00:00:00,236.0,598.7914
2200-12-05 01:00:00,235.0,538.60425
2200-12-05 02:00:00,234.0,561.64624
2200-12-05 03:00:00,232.0,520.7334
2200-12-05 04:00:00,231.0,489.2334
2200-12-05 05:00:00,231.0,504.49756
2200-12-05 06:00:00,230.0,478.08032
2200-12-05 07:00:00,229.0,514.34656
2200-12-05 08:00:00,229.0,445.49536
2200-12-05 09:00:00,229.0,560.3169
2200-12-05 10:00:00,229.0,557.5121
2200-12-05 11:00:00,229.0,637.2256
2200-12-05 12:00:00,229.0,353.39453
2200-12-05 13:00:00,229.0,434.6953
2200-12-05 14:00:00,227.0,439.84155
2200-12-05 15:00:00,227.0,579.8197
2200-12-05 16:00:00,227.0,919.088
2200-12-05 17:00:00,227.0,1031.9287
2200-12-05 18:00:00,227.0,1203.514
2200-12-05 19:00:00,225.0,1180.356
2200-12-05 20:00:00,225.0,1135.9974
2200-12-05 21:00:00,225.0,975.7384
2200-12-05 22:00:00,225.0,853.46423
2200-12-05 23:00:00,225.0,662.9833
2200-12-06 00:00:00,225.0,598.2981
2200-12-06 01:00:00,226.0,636.1299
2200-12-06 02:00:00,227.0,574.2649
2200-12-06 03:00:00,227.0,559.9946
2200-12-06 04:00:00,227.0,588.68713
2200-12-06 05:00:00,227.0,652.88074
2200-12-06 06:00:00,227.0,645.8264
2200-12-06 07:00:00,227.0,606.5951
2200-12-06 08:00:00,229.0,605.31775
2200-12-06 09:00:00,229.0,700.9668
2200-12-06 10:00:00,229.0,872.9844
2200-12-06 11:00:00,229.0,928.2167
2200-12-06 12:00:00,229.0,745.18054
2200-12-06 13:00:00,229.0,602.4448
2200-12-06 14:00:00,229.0,588.2361
2200-12-06 15:00:00,227.0,724.6467
2200-12-06 16:00:00,229.0,998.29956
2200-12-06 17:00:00,229.0,1253.4867
2200-12-06 18:00:00,227.0,1460.3291
2200-12-06 19:00:00,227.0,1330.7937
2200-12-06 20:00:00,227.0,1250.9574
2200-12-06 21:00:00,227.0,1218.2299
2200-12-06 22:00:00,227.0,1170.6804
2200-12-06 23:00:00,227.0,1137.8589
2200-12-07 00:00:00,227.0,1116.2637
2200-12-07 01:00:00,227.0,1062.3059
2200-12-07 02:00:00,227.0,1085.9678
2200-12-07 03:00:00,227.0,1019.3187
2200-12-07 04:00:00,227.0,990.09644
2200-12-07 05:00:00,227.0,975.62244
2200-12-07 06:00:00,227.0,968.8816
2200-12-07 07:00:00,227.0,917.53015
2200-12-07 08:00:00,226.0,902.3605
2200-12-07 09:00:00,225.0,837.99243
2200-12-07 10:00:00,225.0,1057.0154
2200-12-07 11:00:00,225.0,1086.6669
2200-12-07 12:00:00,225.0,1026.8916
2200-12-07 13:00:00,225.0,974.5039
2200-12-07 14:00:00,225.0,927.3967
2200-12-07 15:00:00,224.0,1001.5403
2200-12-07 16:00:00,223.0,1344.6438
2200-12-07 17:00:00,221.0,1366.3143
2200-12-07 18:00:00,220.0,1671.5132
2200-12-07 19:00:00,219.0,1685.6519
2200-12-07 20:00:00,219.0,1518.4609
2200-12-07 21:00:00,217.0,1374.8854
2200-12-07 22:00:00,218.0,1368.7896
2200-12-07 23:00:00,219.0,1322.3823
2200-12-08 00:00:00,219.0,1389.5464
2200-12-08 01:00:00,221.0,1357.3618
2200-12-08 02:00:00,221.0,1345.5707
2200-12-08 03:00:00,221.0,1308.9882
2200-12-08 04:00:00,221.0,1294.7313
2200-12-08 05:00:00,221.0,1259.7643
2200-12-08 06:00:00,221.0,1250.463
2200-12-08 07:00:00,223.0,1346.3307
2200-12-08 08:00:00,223.0,1491.5392
2200-12-08 09:00:00,223.0,1649.5366
2200-12-08 10:00:00,223.0,1569.937
2200-12-08 11:00:00,223.0,1577.2312
2200-12-08 12:00:00,223.0,1404.8331
2200-12-08 13:00:00,223.0,1209.3253
2200-12-08 14:00:00,223.0,1063.3279
2200-12-08 15:00:00,223.0,1533.218
2200-12-08 16:00:00,223.0,1510.4645
2200-12-08 17:00:00,223.0,1341.2598
2200-12-08 18:00:00,222.0,1628.821
2200-12-08 19:00:00,221.0,1549.4663
2200-12-08 20:00:00,221.0,1350.8726
2200-12-08 21:00:00,221.0,1168.9563
2200-12-08 22:00:00,223.0,1091.0071
2200-12-08 23:00:00,223.0,1071.3109
2200-12-09 00:00:00,223.0,1061.095
2200-12-09 01:00:00,223.0,1007.1146
2200-12-09 02:00:00,223.0,902.97705
2200-12-09 03:00:00,223.0,1019.0841
2200-12-09 04:00:00,223.0,936.9563
2200-12-09 05:00:00,225.0,876.69617
2200-12-09 06:00:00,225.0,876.99634
2200-12-09 07:00:00,225.0,937.76416
2200-12-09 08:00:00,225.0,949.1029
2200-12-09 09:00:00,225.0,1218.9281
2200-12-09 10:00:00,225.0,1217.2626
2200-12-09 11:00:00,225.0,1217.0576
2200-12-09 12:00:00,226.0,1203.2543
2200-12-09 13:00:00,238.0,1163.0027
2200-12-09 14:00:00,272.0,1070.4443
2200-12-09 15:00:00,315.0,1024.0005
2200-12-09 16:00:00,349.0,956.5936
2200-12-09 17:00:00,372.0,1409.31
2200-12-09 18:00:00,383.0,1657.4199
2200-12-09 19:00:00,377.0,1516.3271
2200-12-09 20:00:00,361.0,1541.1694
2200-12-09 21:00:00,341.0,1540.3075
2200-12-09 22:00:00,322.0,1498.6635
2200-12-09 23:00:00,305.0,1452.8633
2200-12-10 00:00:00,291.0,1232.457
2200-12-10 01:00:00,279.0,1222.9828
2200-12-10 02:00:00,270.0,1148.3417
2200-12-10 03:00:00,262.0,1158.2808
2200-12-10 04:00:00,255.0,1186.4064
2200-12-10 05:00:00,249.0,1214.8721
2200-12-10 06:00:00,244.0,1253.6118
2200-12-10 07:00:00,240.0,1278.507
2200-12-10 08:00:00,236.0,1261.7505
2200-12-10 09:00:00,234.0,1354.841
2200-12-10 10:00:00,231.0,1413.5183
2200-12-10 11:00:00,229.0,1436.6927
2200-12-10 12:00:00,229.0,1641.599
2200-12-10 13:00:00,229.0,1578.7666
2200-12-10 14:00:00,235.0,1645.5625
2200-12-10 15:00:00,248.0,1596.612
2200-12-10 16:00:00,256.0,1728.6951
2200-12-10 17:00:00,257.0,1695.4407
2200-12-10 18:00:00,255.0,1556.1455
2200-12-10 19:00:00,253.0,1402.4702
2200-12-10 20:00:00,248.0,1401.9918
2200-12-10 21:00:00,244.0,1336.4113
2200-12-10 22:00:00,240.0,1287.4121
2200-12-10 23:00:00,237.0,1147.0684
2200-12-11 00:00:00,234.0,1161.1622
2200-12-11 01:00:00,233.0,1111.2206
2200-12-11 02:00:00,231.0,1079.153
2200-12-11 03:00:00,229.0,1042.7917
2200-12-11 04:00:00,229.0,1000.2219
2200-12-11 05:00:00,229.0,981.6019
2200-12-11 06:00:00,229.0,976.87463
2200-12-11 07:00:00,229.0,1147.5098
2200-12-11 08:00:00,227.0,1246.6172
2200-12-11 09:00:00,227.0,1459.9355
2200-12-11 10:00:00,225.0,1247.0795
2200-12-11 11:00:00,225.0,1220.8463
2200-12-11 12:00:00,225.0,1067.3796
2200-12-11 13:00:00,227.0,1023.91797
2200-12-11 14:00:00,229.0,1095.3936
2200-12-11 15:00:00,229.0,1222.4823
2200-12-11 16:00:00,229.0,1240.4321
2200-12-11 17:00:00,229.0,1620.9597
2200-12-11 18:00:00,229.0,1999.6643
2200-12-11 19:00:00,229.0,1775.105
2200-12-11 20:00:00,231.0,1678.6313
2200-12-11 21:00:00,233.0,1452.7708
2200-12-11 22:00:00,234.0,1356.1792
2200-12-11 23:00:00,234.0,1289.9968
2200-12-12 00:00:00,234.0,1284.6326
2200-12-12 01:00:00,234.0,1255.035
2200-12-12 02:00:00,234.0,1240.3395
2200-12-12 03:00:00,233.0,1202.6962
2200-12-12 04:00:00,231.0,1192.5165
2200-12-12 05:00:00,231.0,1171.9045
2200-12-12 06:00:00,231.0,1152.3513
2200-12-12 07:00:00,231.0,1257.1877
2200-12-12 08:00:00,231.0,1307.8871
2200-12-12 09:00:00,230.0,1481.7256
2200-12-12 10:00:00,229.0,1311.5114
2200-12-12 11:00:00,229.0,1220.6669
2200-12-12 12:00:00,229.0,1133.4807
2200-12-12 13:00:00,229.0,1208.9246
2200-12-12 14:00:00,227.0,1138.3976
2200-12-12 15:00:00,227.0,986.8235
2200-12-12 16:00:00,227.0,898.14246
2200-12-12 17:00:00,226.0,1345.1935
2200-12-12 18:00:00,225.0,1997.0571
2200-12-12 19:00:00,225.0,1850.6284
2200-12-12 20:00:00,225.0,1784.395
2200-12-12 21:00:00,225.0,1670.023
2200-12-12 22:00:00,225.0,1569.1794
2200-12-12 23:00:00,225.0,1482.9604
2200-12-13 00:00:00,225.0,1507.3174
2200-12-13 01:00:00,223.0,1471.2837
2200-12-13 02:00:00,221.0,1395.3843
2200-12-13 03:00:00,220.0,1332.3436
2200-12-13 04:00:00,219.0,1386.7888
2200-12-13 05:00:00,217.0,1367.4828
2200-12-13 06:00:00,217.0,1334.8021
2200-12-13 07:00:00,217.0,1317.15
2200-12-13 08:00:00,217.0,1367.9502
2200-12-13 09:00:00,217.0,1409.0797
2200-12-13 10:00:00,215.0,1192.8573
2200-12-13 11:00:00,215.0,1176.9895
2200-12-13 12:00:00,215.0,991.8375
2200-12-13 13:00:00,215.0,890.90784
2200-12-13 14:00:00,214.0,771.42004
2200-12-13 15:00:00,213.0,597.43726
2200-12-13 16:00:00,215.0,662.1682
2200-12-13 17:00:00,215.0,1157.0411
2200-12-13 18:00:00,213.0,1854.5276
2200-12-13 19:00:00,213.0,1849.5532
2200-12-13 20:00:00,214.0,1799.1089
2200-12-13 21:00:00,215.0,1623.1724
2200-12-13 22:00:00,214.0,1531.3579
2200-12-13 23:00:00,213.0,1358.231
2200-12-14 00:00:00,212.0,1175.1781
2200-12-14 01:00:00,211.0,1068.771
2200-12-14 02:00:00,209.0,967.43726
2200-12-14 03:00:00,209.0,980.3762
2200-12-14 04:00:00,207.0,954.5171
2200-12-14 05:00:00,207.0,967.34436
2200-12-14 06:00:00,207.0,968.63855
2200-12-14 07:00:00,207.0,1114.4801
2200-12-14 08:00:00,207.0,1011.81067
2200-12-14 09:00:00,205.0,1058.5366
2200-12-14 10:00:00,205.0,883.9021
2200-12-14 11:00:00,205.0,651.4343
2200-12-14 12:00:00,205.0,690.681
2200-12-14 13:00:00,205.0,641.0016
2200-12-14 14:00:00,207.0,469.65186
2200-12-14 15:00:00,207.0,608.61
2200-12-14 16:00:00,206.0,576.02795
2200-12-14 17:00:00,205.0,888.776
2200-12-14 18:00:00,203.0,1446.4745
2200-12-14 19:00:00,202.0,1488.1106
2200-12-14 20:00:00,201.0,1433.4437
2200-12-14 21:00:00,201.0,1299.2998
2200-12-14 22:00:00,200.0,1268.1418
2200-12-14 23:00:00,200.0,1164.7688
2200-12-15 00:00:00,200.0,1067.0474
2200-12-15 01:00:00,198.0,940.423
2200-12-15 02:00:00,198.0,932.9092
2200-12-15 03:00:00,198.0,921.15564
2200-12-15 04:00:00,198.0,929.01013
2200-12-15 05:00:00,198.0,940.04114
2200-12-15 06:00:00,198.0,1033.2292
2200-12-15 07:00:00,198.0,1166.6018
2200-12-15 08:00:00,198.0,1075.5319
2200-12-15 09:00:00,200.0,1072.4022
2200-12-15 10:00:00,200.0,1010.489
2200-12-15 11:00:00,201.0,1412.6971
2200-12-15 12:00:00,201.0,929.01624
2200-12-15 13:00:00,203.0,841.43555
2200-12-15 14:00:00,204.0,1037.5087
2200-12-15 15:00:00,205.0,1005.432
2200-12-15 16:00:00,203.0,1317.2234
2200-12-15 17:00:00,203.0,1319.1688
2200-12-15 18:00:00,203.0,1397.5121
2200-12-15 19:00:00,203.0,1351.0128
2200-12-15 20:00:00,202.0,1110.7174
2200-12-15 21:00:00,201.0,998.17065
2200-12-15 22:00:00,201.0,945.6633
2200-12-15 23:00:00,201.0,911.9408
2200-12-16 00:00:00,201.0,941.96716
2200-12-16 01:00:00,201.0,869.76624
2200-12-16 02:00:00,201.0,998.33813
2200-12-16 03:00:00,201.0,1014.4049
2200-12-16 04:00:00,201.0,1028.5999
2200-12-16 05:00:00,203.0,1082.2781
2200-12-16 06:00:00,203.0,1102.1979
2200-12-16 07:00:00,203.0,1225.6656
2200-12-16 08:00:00,203.0,1307.164
2200-12-16 09:00:00,203.0,1390.7185
2200-12-16 10:00:00,203.0,1233.202
2200-12-16 11:00:00,203.0,1191.2511
2200-12-16 12:00:00,205.0,1053.9092
2200-12-16 13:00:00,205.0,1075.9174
2200-12-16 14:00:00,205.0,1120.8296
2200-12-16 15:00:00,205.0,1190.415
2200-12-16 16:00:00,206.0,1277.2363
2200-12-16 17:00:00,207.0,1235.8552
2200-12-16 18:00:00,209.0,1089.746
2200-12-16 19:00:00,211.0,1075.733
2200-12-16 20:00:00,213.0,940.0221
2200-12-16 21:00:00,214.0,901.66956
2200-12-16 22:00:00,215.0,876.9868
2200-12-16 23:00:00,215.0,884.3667
2200-12-17 00:00:00,215.0,904.5242
2200-12-17 01:00:00,217.0,952.0945
2200-12-17 02:00:00,217.0,1025.6268
2200-12-17 03:00:00,217.0,1030.8291
2200-12-17 04:00:00,217.0,1095.2087
2200-12-17 05:00:00,217.0,1181.2297
2200-12-17 06:00:00,216.0,1227.3751
2200-12-17 07:00:00,215.0,1294.431
2200-12-17 08:00:00,215.0,1349.3948
2200-12-17 09:00:00,215.0,1611.9968
2200-12-17 10:00:00,215.0,1506.7786
2200-12-17 11:00:00,215.0,1528.5742
2200-12-17 12:00:00,215.0,1358.3855
2200-12-17 13:00:00,215.0,1320.5471
2200-12-17 14:00:00,213.0,1435.2579
2200-12-17 15:00:00,211.0,1310.6605
2200-12-17 16:00:00,211.0,1516.7507
2200-12-17 17:00:00,211.0,1559.9441
2200-12-17 18:00:00,211.0,1592.3754
2200-12-17 19:00:00,213.0,1417.956
2200-12-17 20:00:00,213.0,1650.8074
2200-12-17 21:00:00,214.0,1700.422
2200-12-17 22:00:00,215.0,1599.2574
2200-12-17 23:00:00,215.0,1535.2859
2200-12-18 00:00:00,215.0,1472.4058
2200-12-18 01:00:00,215.0,1438.6945
2200-12-18 02:00:00,214.0,1405.511
2200-12-18 03:00:00,213.0,1310.3619
2200-12-18 04:00:00,213.0,1243.9698
2200-12-18 05:00:00,213.0,1275.7672
2200-12-18 06:00:00,212.0,1341.296
2200-12-18 07:00:00,211.0,1391.7916
2200-12-18 08:00:00,211.0,1379.6407
2200-12-18 09:00:00,213.0,1580.0989
2200-12-18 10:00:00,213.0,1487.7156
2200-12-18 11:00:00,213.0,1636.4342
2200-12-18 12:00:00,215.0,1651.1586
2200-12-18 13:00:00,215.0,1423.7517
2200-12-18 14:00:00,215.0,1433.5365
2200-12-18 15:00:00,217.0,1380.0681
2200-12-18 16:00:00,218.0,1163.4054
2200-12-18 17:00:00,219.0,1427.9967
2200-12-18 18:00:00,219.0,1966.3694
2200-12-18 19:00:00,219.0,1954.1531
2200-12-18 20:00:00,220.0,1771.3823
2200-12-18 21:00:00,221.0,1691.6357
2200-12-18 22:00:00,222.0,1533.474
2200-12-18 23:00:00,223.0,1500.5344
2200-12-19 00:00:00,222.0,1375.8512
2200-12-19 01:00:00,221.0,1446.8375
2200-12-19 02:00:00,220.0,1274.0209
2200-12-19 03:00:00,219.0,1277.3608
2200-12-19 04:00:00,217.0,1288.6626
2200-12-19 05:00:00,217.0,1218.4858
2200-12-19 06:00:00,217.0,1196.959
2200-12-19 07:00:00,217.0,1254.5768
2200-12-19 08:00:00,217.0,1347.4214
2200-12-19 09:00:00,217.0,1555.8208
2200-12-19 10:00:00,219.0,1432.3539
2200-12-19 11:00:00,219.0,1444.5878
2200-12-19 12:00:00,219.0,1487.3079
2200-12-19 13:00:00,219.0,1139.6653
2200-12-19 14:00:00,219.0,942.8944
2200-12-19 15:00:00,219.0,1144.634
2200-12-19 16:00:00,219.0,575.7699
2200-12-19 17:00:00,219.0,1129.3019
2200-12-19 18:00:00,219.0,1687.707
2200-12-19 19:00:00,218.0,1545.3427
2200-12-19 20:00:00,217.0,1373.3647
2200-12-19 21:00:00,217.0,1369.0046
2200-12-19 22:00:00,215.0,1187.6317
2200-12-19 23:00:00,213.0,1126.5703
2200-12-20 00:00:00,210.0,1047.1741
2200-12-20 01:00:00,207.0,1055.2552
2200-12-20 02:00:00,205.0,1023.355
2200-12-20 03:00:00,203.0,1023.55444
2200-12-20 04:00:00,201.0,1043.6658
2200-12-20 05:00:00,200.0,1059.8876
2200-12-20 06:00:00,200.0,1058.3932
2200-12-20 07:00:00,200.0,1204.992
2200-12-20 08:00:00,200.0,1162.3905
2200-12-20 09:00:00,201.0,1307.5236
2200-12-20 10:00:00,201.0,1136.5569
2200-12-20 11:00:00,201.0,1024.7477
2200-12-20 12:00:00,201.0,1046.8699
2200-12-20 13:00:00,201.0,712.91724
2200-12-20 14:00:00,202.0,919.926
2200-12-20 15:00:00,204.0,809.8063
2200-12-20 16:00:00,205.0,641.1643
2200-12-20 17:00:00,207.0,1087.8251
2200-12-20 18:00:00,208.0,1480.2156
2200-12-20 19:00:00,209.0,1442.98
2200-12-20 20:00:00,210.0,1337.7499
2200-12-20 21:00:00,211.0,1214.8057
2200-12-20 22:00:00,211.0,1055.1971
2200-12-20 23:00:00,211.0,1024.465
2200-12-21 00:00:00,211.0,945.90906
2200-12-21 01:00:00,211.0,952.4807
2200-12-21 02:00:00,209.0,972.7927
2200-12-21 03:00:00,209.0,954.3268
2200-12-21 04:00:00,209.0,1005.42236
2200-12-21 05:00:00,207.0,1018.328
2200-12-21 06:00:00,207.0,1018.7064
2200-12-21 07:00:00,207.0,1105.1146
2200-12-21 08:00:00,207.0,1066.9634
2200-12-21 09:00:00,207.0,1100.5619
2200-12-21 10:00:00,209.0,923.88
2200-12-21 11:00:00,209.0,895.29944
2200-12-21 12:00:00,209.0,772.81555
2200-12-21 13:00:00,209.0,700.6753
2200-12-21 14:00:00,209.0,678.11475
2200-12-21 15:00:00,209.0,459.51172
2200-12-21 16:00:00,207.0,504.25256
2200-12-21 17:00:00,207.0,882.43274
2200-12-21 18:00:00,205.0,1425.073
2200-12-21 19:00:00,203.0,1294.0555
2200-12-21 20:00:00,203.0,1152.0253
2200-12-21 21:00:00,203.0,1186.7096
2200-12-21 22:00:00,203.0,1017.1648
2200-12-21 23:00:00,204.0,1023.0005
2200-12-22 00:00:00,205.0,1019.6394
2200-12-22 01:00:00,205.0,989.83154
2200-12-22 02:00:00,205.0,961.8384
2200-12-22 03:00:00,205.0,948.2356
2200-12-22 04:00:00,205.0,979.4448
2200-12-22 05:00:00,205.0,992.4779
2200-12-22 06:00:00,205.0,1050.7025
2200-12-22 07:00:00,205.0,1098.2129
2200-12-22 08:00:00,205.0,1062.3461
2200-12-22 09:00:00,205.0,1102.772
2200-12-22 10:00:00,207.0,934.82654
2200-12-22 11:00:00,207.0,908.8634
2200-12-22 12:00:00,207.0,654.39124
2200-12-22 13:00:00,207.0,555.2506
2200-12-22 14:00:00,207.0,458.32312
2200-12-22 15:00:00,207.0,433.80713
2200-12-22 16:00:00,205.0,293.60522
2200-12-22 17:00:00,204.0,722.0708
2200-12-22 18:00:00,201.0,1287.9182
2200-12-22 19:00:00,200.0,1295.0099
2200-12-22 20:00:00,199.0,1087.422
2200-12-22 21:00:00,198.0,1090.7567
2200-12-22 22:00:00,197.0,1002.8071
2200-12-22 23:00:00,196.0,1002.8209
2200-12-23 00:00:00,196.0,945.3214
2200-12-23 01:00:00,196.0,908.2185
2200-12-23 02:00:00,196.0,837.4885
2200-12-23 03:00:00,196.0,822.0309
2200-12-23 04:00:00,196.0,884.7676
2200-12-23 05:00:00,196.0,898.37683
2200-12-23 06:00:00,196.0,927.32935
2200-12-23 07:00:00,198.0,1096.5865
2200-12-23 08:00:00,198.0,908.5941
2200-12-23 09:00:00,198.0,1002.14526
2200-12-23 10:00:00,200.0,665.1455
2200-12-23 11:00:00,201.0,565.4387
2200-12-23 12:00:00,202.0,351.42285
2200-12-23 13:00:00,203.0,311.5337
2200-12-23 14:00:00,205.0,75.10181
2200-12-23 15:00:00,205.0,71.76514
2200-12-23 16:00:00,206.0,121.31592
2200-12-23 17:00:00,207.0,703.8052
2200-12-23 18:00:00,207.0,1202.2567
2200-12-23 19:00:00,207.0,1121.8533
2200-12-23 20:00:00,207.0,1124.9536
2200-12-23 21:00:00,207.0,1094.3615
2200-12-23 22:00:00,207.0,1075.1984
2200-12-23 23:00:00,207.0,995.4961
2200-12-24 00:00:00,207.0,939.07336
2200-12-24 01:00:00,207.0,909.13464
2200-12-24 02:00:00,207.0,899.84937
2200-12-24 03:00:00,207.0,995.58765
2200-12-24 04:00:00,207.0,980.4304
2200-12-24 05:00:00,205.0,980.1229
2200-12-24 06:00:00,205.0,1051.0607
2200-12-24 07:00:00,205.0,1183.5116
2200-12-24 08:00:00,205.0,1037.1941
2200-12-24 09:00:00,205.0,1010.75146
2200-12-24 10:00:00,205.0,859.0559
2200-12-24 11:00:00,205.0,793.1737
2200-12-24 12:00:00,205.0,808.6471
2200-12-24 13:00:00,205.0,908.114
2200-12-24 14:00:00,205.0,902.80896
2200-12-24 15:00:00,205.0,855.3152
2200-12-24 16:00:00,205.0,1191.1617
2200-12-24 17:00:00,205.0,1233.6097
2200-12-24 18:00:00,205.0,1548.0555
2200-12-24 19:00:00,205.0,1414.1272
2200-12-24 20:00:00,205.0,1302.0186
2200-12-24 21:00:00,205.0,1265.8804
2200-12-24 22:00:00,205.0,1217.203
2200-12-24 23:00:00,205.0,1198.0117
2200-12-25 00:00:00,205.0,1077.5115
2200-12-25 01:00:00,205.0,1052.1414
2200-12-25 02:00:00,205.0,984.9197
2200-12-25 03:00:00,205.0,951.0687
2200-12-25 04:00:00,203.0,989.7709
2200-12-25 05:00:00,203.0,974.10474
2200-12-25 06:00:00,203.0,950.5337
2200-12-25 07:00:00,203.0,980.03894
2200-12-25 08:00:00,201.0,1033.5468
2200-12-25 09:00:00,201.0,1096.3907
2200-12-25 10:00:00,200.0,998.13525
2200-12-25 11:00:00,259.0,794.05664
2200-12-25 12:00:00,196.0,779.927
2200-12-25 13:00:00,196.0,779.1769
2200-12-25 14:00:00,196.0,832.0945
2200-12-25 15:00:00,196.0,1136.2494
2200-12-25 16:00:00,196.0,1187.9149
2200-12-25 17:00:00,196.0,1035.1299
2200-12-25 18:00:00,197.0,1022.40625
2200-12-25 19:00:00,199.0,843.7888
2200-12-25 20:00:00,200.0,897.2134
2200-12-25 21:00:00,202.0,814.05066
2200-12-25 22:00:00,205.0,798.21155
2200-12-25 23:00:00,206.0,787.53723
2200-12-26 00:00:00,207.0,741.8336
2200-12-26 01:00:00,207.0,728.82605
2200-12-26 02:00:00,204.0,713.42163
2200-12-26 03:00:00,201.0,690.1594
2200-12-26 04:00:00,198.0,731.51184
2200-12-26 05:00:00,194.0,784.318
2200-12-26 06:00:00,191.0,756.4785
2200-12-26 07:00:00,186.0,756.34094
2200-12-26 08:00:00,182.0,844.67053
2200-12-26 09:00:00,178.0,1081.1936
2200-12-26 10:00:00,175.0,1041.4165
2200-12-26 11:00:00,172.0,1135.2766
2200-12-26 12:00:00,170.0,1010.5249
2200-12-26 13:00:00,168.0,1061.6753
2200-12-26 14:00:00,165.0,1135.8097
2200-12-26 15:00:00,163.0,1353.6232
2200-12-26 16:00:00,163.0,1527.4707
2200-12-26 17:00:00,163.0,1518.7397
2200-12-26 18:00:00,163.0,1554.3342
2200-12-26 19:00:00,163.0,1372.931
2200-12-26 20:00:00,163.0,1293.2584
2200-12-26 21:00:00,163.0,1191.6969
2200-12-26 22:00:00,162.0,1045.2103
2200-12-26 23:00:00,163.0,992.37964
2200-12-27 00:00:00,163.0,1006.407
2200-12-27 01:00:00,163.0,909.3468
2200-12-27 02:00:00,163.0,884.89026
2200-12-27 03:00:00,163.0,875.09814
2200-12-27 04:00:00,164.0,811.7584
2200-12-27 05:00:00,165.0,790.5139
2200-12-27 06:00:00,167.0,755.3379
2200-12-27 07:00:00,169.0,756.70703
2200-12-27 08:00:00,172.0,812.1852
2200-12-27 09:00:00,175.0,848.80273
2200-12-27 10:00:00,178.0,751.37195
2200-12-27 11:00:00,181.0,844.0327
2200-12-27 12:00:00,183.0,897.4402
2200-12-27 13:00:00,184.0,917.6146
2200-12-27 14:00:00,187.0,924.6522
2200-12-27 15:00:00,190.0,1194.3995
2200-12-27 16:00:00,192.0,1142.29
2200-12-27 17:00:00,194.0,1532.1393
2200-12-27 18:00:00,196.0,1309.5245
2200-12-27 19:00:00,198.0,1278.5234
2200-12-27 20:00:00,200.0,1187.453
2200-12-27 21:00:00,201.0,1077.0822
2200-12-27 22:00:00,203.0,978.3098
2200-12-27 23:00:00,205.0,888.10205
2200-12-28 00:00:00,205.0,926.84985
2200-12-28 01:00:00,206.0,841.74634
2200-12-28 02:00:00,207.0,792.2809
2200-12-28 03:00:00,207.0,739.63794
2200-12-28 04:00:00,207.0,699.3452
2200-12-28 05:00:00,207.0,681.34033
2200-12-28 06:00:00,207.0,654.69543
2200-12-28 07:00:00,208.0,655.7947
2200-12-28 08:00:00,209.0,705.062
2200-12-28 09:00:00,209.0,767.9293
2200-12-28 10:00:00,209.0,608.5311
2200-12-28 11:00:00,209.0,713.78015
2200-12-28 12:00:00,210.0,810.4973
2200-12-28 13:00:00,211.0,928.1847
2200-12-28 14:00:00,211.0,960.8262
2200-12-28 15:00:00,211.0,1327.8445
2200-12-28 16:00:00,211.0,1286.3735
2200-12-28 17:00:00,211.0,1565.1624
2200-12-28 18:00:00,211.0,1424.156
2200-12-28 19:00:00,211.0,1294.4509
2200-12-28 20:00:00,211.0,1172.7083
2200-12-28 21:00:00,211.0,1079.8491
2200-12-28 22:00:00,211.0,1000.87756
2200-12-28 23:00:00,211.0,961.3884
2200-12-29 00:00:00,211.0,966.2711
2200-12-29 01:00:00,211.0,972.4928
2200-12-29 02:00:00,211.0,962.71985
2200-12-29 03:00:00,212.0,967.1521
2200-12-29 04:00:00,213.0,974.1698
2200-12-29 05:00:00,213.0,997.97253
2200-12-29 06:00:00,213.0,1006.4358
2200-12-29 07:00:00,213.0,1069.3082
2200-12-29 08:00:00,213.0,1150.867
2200-12-29 09:00:00,215.0,1198.2085
2200-12-29 10:00:00,215.0,972.03784
2200-12-29 11:00:00,215.0,1015.7864
2200-12-29 12:00:00,215.0,1005.1764
2200-12-29 13:00:00,215.0,858.0698
2200-12-29 14:00:00,215.0,796.46814
2200-12-29 15:00:00,215.0,1069.0305
2200-12-29 16:00:00,215.0,981.8683
2200-12-29 17:00:00,215.0,951.8048
2200-12-29 18:00:00,215.0,1223.3833
2200-12-29 19:00:00,215.0,1127.2847
2200-12-29 20:00:00,214.0,1034.935
2200-12-29 21:00:00,213.0,980.43726
2200-12-29 22:00:00,213.0,956.3058
2200-12-29 23:00:00,215.0,957.6609
2200-12-30 00:00:00,215.0,1035.571
2200-12-30 01:00:00,217.0,1089.9774
2200-12-30 02:00:00,218.0,1122.5599
2200-12-30 03:00:00,219.0,1119.8286
2200-12-30 04:00:00,219.0,1185.3241
2200-12-30 05:00:00,220.0,1213.3453
2200-12-30 06:00:00,221.0,1255.8573
2200-12-30 07:00:00,221.0,1316.4545
2200-12-30 08:00:00,221.0,1445.6006
2200-12-30 09:00:00,221.0,1281.3833
2200-12-30 10:00:00,221.0,1350.1525
2200-12-30 11:00:00,221.0,929.7942
2200-12-30 12:00:00,221.0,799.0504
2200-12-30 13:00:00,221.0,700.8861
2200-12-30 14:00:00,220.0,673.1312
2200-12-30 15:00:00,221.0,717.7058
2200-12-30 16:00:00,221.0,1138.7126
2200-12-30 17:00:00,221.0,1212.433
2200-12-30 18:00:00,221.0,1440.5963
2200-12-30 19:00:00,223.0,1290.1388
2200-12-30 20:00:00,224.0,1202.851
2200-12-30 21:00:00,225.0,1155.2441
2200-12-30 22:00:00,225.0,1124.3698
2200-12-30 23:00:00,225.0,1127.6156
2200-12-31 00:00:00,225.0,1146.8829
2200-12-31 01:00:00,,
2200-12-31 02:00:00,,
2200-12-31 03:00:00,,
2200-12-31 04:00:00,,
2200-12-31 05:00:00,,
2200-12-31 06:00:00,,
2200-12-31 07:00:00,,
2200-12-31 08:00:00,,
2200-12-31 09:00:00,,
2200-12-31 10:00:00,,
2200-12-31 11:00:00,,
2200-12-31 12:00:00,,
2200-12-31 13:00:00,,
2200-12-31 14:00:00,,
2200-12-31 15:00:00,,
2200-12-31 16:00:00,,
2200-12-31 17:00:00,,
2200-12-31 18:00:00,,
2200-12-31 19:00:00,,
2200-12-31 20:00:00,,
2200-12-31 21:00:00,,
2200-12-31 22:00:00,,
2200-12-31 23:00:00,,
2201-01-01 00:00:00,148.0,
2201-01-01 01:00:00,146.0,
2201-01-01 02:00:00,145.0,
2201-01-01 03:00:00,144.0,
2201-01-01 04:00:00,143.0,
2201-01-01 05:00:00,143.0,
2201-01-01 06:00:00,142.0,
2201-01-01 07:00:00,142.0,
2201-01-01 08:00:00,142.0,
2201-01-01 09:00:00,140.0,
2201-01-01 10:00:00,140.0,
2201-01-01 11:00:00,140.0,
2201-01-01 12:00:00,139.0,
2201-01-01 13:00:00,138.0,
2201-01-01 14:00:00,138.0,
2201-01-01 15:00:00,138.0,
2201-01-01 16:00:00,137.0,
2201-01-01 17:00:00,137.0,
2201-01-01 18:00:00,135.0,
2201-01-01 19:00:00,135.0,
2201-01-01 20:00:00,134.0,
2201-01-01 21:00:00,134.0,
2201-01-01 22:00:00,134.0,
2201-01-01 23:00:00,134.0,
2201-01-02 00:00:00,133.0,
2201-01-02 01:00:00,132.0,
2201-01-02 02:00:00,132.0,
2201-01-02 03:00:00,133.0,
2201-01-02 04:00:00,136.0,
2201-01-02 05:00:00,138.0,
2201-01-02 06:00:00,141.0,
2201-01-02 07:00:00,143.0,
2201-01-02 08:00:00,145.0,
2201-01-02 09:00:00,147.0,
2201-01-02 10:00:00,148.0,
2201-01-02 11:00:00,149.0,
2201-01-02 12:00:00,149.0,
2201-01-02 13:00:00,150.0,
2201-01-02 14:00:00,151.0,
2201-01-02 15:00:00,151.0,
2201-01-02 16:00:00,151.0,
2201-01-02 17:00:00,150.0,
2201-01-02 18:00:00,148.0,
2201-01-02 19:00:00,145.0,
2201-01-02 20:00:00,143.0,
2201-01-02 21:00:00,141.0,
2201-01-02 22:00:00,138.0,
2201-01-02 23:00:00,137.0,
2201-01-03 00:00:00,135.0,
2201-01-03 01:00:00,133.0,
2201-01-03 02:00:00,131.0,
2201-01-03 03:00:00,130.0,
2201-01-03 04:00:00,130.0,
2201-01-03 05:00:00,129.0,
2201-01-03 06:00:00,129.0,
2201-01-03 07:00:00,129.0,
2201-01-03 08:00:00,129.0,
2201-01-03 09:00:00,129.0,
2201-01-03 10:00:00,129.0,
2201-01-03 11:00:00,129.0,
2201-01-03 12:00:00,129.0,
2201-01-03 13:00:00,129.0,
2201-01-03 14:00:00,130.0,
2201-01-03 15:00:00,130.0,
2201-01-03 16:00:00,130.0,
2201-01-03 17:00:00,130.0,
2201-01-03 18:00:00,130.0,
2201-01-03 19:00:00,130.0,
2201-01-03 20:00:00,131.0,
2201-01-03 21:00:00,132.0,
2201-01-03 22:00:00,132.0,
2201-01-03 23:00:00,134.0,
2201-01-04 00:00:00,134.0,
2201-01-04 01:00:00,135.0,
2201-01-04 02:00:00,135.0,
2201-01-04 03:00:00,136.0,
2201-01-04 04:00:00,137.0,
2201-01-04 05:00:00,137.0,
2201-01-04 06:00:00,138.0,
2201-01-04 07:00:00,138.0,
2201-01-04 08:00:00,139.0,
2201-01-04 09:00:00,140.0,
2201-01-04 10:00:00,140.0,
2201-01-04 11:00:00,140.0,
2201-01-04 12:00:00,140.0,
2201-01-04 13:00:00,141.0,
2201-01-04 14:00:00,145.0,
2201-01-04 15:00:00,150.0,
2201-01-04 16:00:00,155.0,
2201-01-04 17:00:00,160.0,
2201-01-04 18:00:00,164.0,
2201-01-04 19:00:00,167.0,
2201-01-04 20:00:00,170.0,
2201-01-04 21:00:00,171.0,
2201-01-04 22:00:00,168.0,
2201-01-04 23:00:00,164.0,
2201-01-05 00:00:00,160.0,
2201-01-05 01:00:00,156.0,
2201-01-05 02:00:00,153.0,
2201-01-05 03:00:00,150.0,
2201-01-05 04:00:00,149.0,
2201-01-05 05:00:00,148.0,
2201-01-05 06:00:00,147.0,
2201-01-05 07:00:00,146.0,
2201-01-05 08:00:00,146.0,
2201-01-05 09:00:00,146.0,
2201-01-05 10:00:00,146.0,
2201-01-05 11:00:00,145.0,
2201-01-05 12:00:00,145.0,
2201-01-05 13:00:00,145.0,
2201-01-05 14:00:00,145.0,
2201-01-05 15:00:00,145.0,
2201-01-05 16:00:00,145.0,
2201-01-05 17:00:00,145.0,
2201-01-05 18:00:00,146.0,
2201-01-05 19:00:00,146.0,
2201-01-05 20:00:00,147.0,
2201-01-05 21:00:00,149.0,
2201-01-05 22:00:00,154.0,
2201-01-05 23:00:00,159.0,
2201-01-06 00:00:00,164.0,
2201-01-06 01:00:00,168.0,
2201-01-06 02:00:00,170.0,
2201-01-06 03:00:00,172.0,
2201-01-06 04:00:00,174.0,
2201-01-06 05:00:00,175.0,
2201-01-06 06:00:00,175.0,
2201-01-06 07:00:00,172.0,
2201-01-06 08:00:00,167.0,
2201-01-06 09:00:00,160.0,
2201-01-06 10:00:00,155.0,
2201-01-06 11:00:00,151.0,
2201-01-06 12:00:00,147.0,
2201-01-06 13:00:00,144.0,
2201-01-06 14:00:00,140.0,
2201-01-06 15:00:00,137.0,
2201-01-06 16:00:00,135.0,
2201-01-06 17:00:00,134.0,
2201-01-06 18:00:00,134.0,
2201-01-06 19:00:00,134.0,
2201-01-06 20:00:00,135.0,
2201-01-06 21:00:00,137.0,
2201-01-06 22:00:00,139.0,
2201-01-06 23:00:00,140.0,
2201-01-07 00:00:00,142.0,708.83167
2201-01-07 01:00:00,142.0,765.3656
2201-01-07 02:00:00,143.0,807.15393
2201-01-07 03:00:00,143.0,874.40845
2201-01-07 04:00:00,145.0,884.3367
2201-01-07 05:00:00,145.0,891.8954
2201-01-07 06:00:00,146.0,941.93274
2201-01-07 07:00:00,146.0,1008.0917
2201-01-07 08:00:00,148.0,1103.6116
2201-01-07 09:00:00,148.0,1163.6024
2201-01-07 10:00:00,148.0,1261.3595
2201-01-07 11:00:00,148.0,1031.3854
2201-01-07 12:00:00,148.0,877.1699
2201-01-07 13:00:00,148.0,668.6295
2201-01-07 14:00:00,147.0,892.7427
2201-01-07 15:00:00,146.0,766.7855
2201-01-07 16:00:00,145.0,980.5178
2201-01-07 17:00:00,145.0,1173.8268
2201-01-07 18:00:00,145.0,1088.4652
2201-01-07 19:00:00,145.0,1057.2916
2201-01-07 20:00:00,145.0,990.4911
2201-01-07 21:00:00,144.0,963.73975
2201-01-07 22:00:00,143.0,1015.16565
2201-01-07 23:00:00,143.0,1022.9458
2201-01-08 00:00:00,143.0,1096.3182
2201-01-08 01:00:00,143.0,1101.8685
2201-01-08 02:00:00,143.0,1218.4844
2201-01-08 03:00:00,143.0,1214.7642
2201-01-08 04:00:00,143.0,1314.1417
2201-01-08 05:00:00,145.0,1286.2186
2201-01-08 06:00:00,145.0,1214.7523
2201-01-08 07:00:00,145.0,1220.0651
2201-01-08 08:00:00,145.0,1268.5483
2201-01-08 09:00:00,145.0,1244.3671
2201-01-08 10:00:00,145.0,1317.4535
2201-01-08 11:00:00,145.0,1129.3188
2201-01-08 12:00:00,143.0,1035.0055
2201-01-08 13:00:00,142.0,873.2229
2201-01-08 14:00:00,142.0,987.35803
2201-01-08 15:00:00,141.0,1245.1921
2201-01-08 16:00:00,140.0,1179.0388
2201-01-08 17:00:00,138.0,1406.1453
2201-01-08 18:00:00,138.0,1206.5852
2201-01-08 19:00:00,137.0,1109.3679
2201-01-08 20:00:00,135.0,967.22217
2201-01-08 21:00:00,135.0,976.838
2201-01-08 22:00:00,135.0,1051.0138
2201-01-08 23:00:00,134.0,1076.3699
2201-01-09 00:00:00,134.0,1086.9489
2201-01-09 01:00:00,133.0,1345.4539
2201-01-09 02:00:00,132.0,1301.5405
2201-01-09 03:00:00,131.0,1340.124
2201-01-09 04:00:00,130.0,1458.4098
2201-01-09 05:00:00,129.0,1392.0334
2201-01-09 06:00:00,129.0,1356.736
2201-01-09 07:00:00,129.0,1398.918
2201-01-09 08:00:00,129.0,1698.1311
2201-01-09 09:00:00,129.0,1734.4602
2201-01-09 10:00:00,129.0,1604.0076
2201-01-09 11:00:00,128.0,1299.8289
2201-01-09 12:00:00,127.0,967.4397
2201-01-09 13:00:00,127.0,804.81396
2201-01-09 14:00:00,127.0,820.36035
2201-01-09 15:00:00,127.0,730.88745
2201-01-09 16:00:00,127.0,1086.0741
2201-01-09 17:00:00,127.0,1285.3917
2201-01-09 18:00:00,127.0,1235.5471
2201-01-09 19:00:00,127.0,1131.8859
2201-01-09 20:00:00,127.0,1276.0898
2201-01-09 21:00:00,127.0,1209.3177
2201-01-09 22:00:00,127.0,1260.4625
2201-01-09 23:00:00,127.0,1384.5139
2201-01-10 00:00:00,127.0,1388.956
2201-01-10 01:00:00,127.0,1472.5536
2201-01-10 02:00:00,126.0,1579.4629
2201-01-10 03:00:00,126.0,1656.7448
2201-01-10 04:00:00,124.0,1728.1792
2201-01-10 05:00:00,124.0,1812.3413
2201-01-10 06:00:00,124.0,1700.0967
2201-01-10 07:00:00,124.0,1846.8499
2201-01-10 08:00:00,124.0,1918.0098
2201-01-10 09:00:00,124.0,2152.057
2201-01-10 10:00:00,124.0,2137.4268
2201-01-10 11:00:00,124.0,1987.7765
2201-01-10 12:00:00,124.0,1821.2806
2201-01-10 13:00:00,123.0,1395.6075
2201-01-10 14:00:00,122.0,1345.4752
2201-01-10 15:00:00,122.0,1169.7155
2201-01-10 16:00:00,121.0,1437.9313
2201-01-10 17:00:00,121.0,1313.8766
2201-01-10 18:00:00,121.0,1336.6895
2201-01-10 19:00:00,121.0,1369.9694
2201-01-10 20:00:00,119.0,1414.8762
2201-01-10 21:00:00,119.0,1426.6606
2201-01-10 22:00:00,119.0,1608.5731
2201-01-10 23:00:00,119.0,1683.5414
2201-01-11 00:00:00,119.0,1603.2139
2201-01-11 01:00:00,119.0,1522.5565
2201-01-11 02:00:00,119.0,1451.6062
2201-01-11 03:00:00,121.0,1402.256
2201-01-11 04:00:00,121.0,1371.2014
2201-01-11 05:00:00,121.0,1296.9292
2201-01-11 06:00:00,121.0,1288.6589
2201-01-11 07:00:00,121.0,1285.2745
2201-01-11 08:00:00,121.0,1531.8906
2201-01-11 09:00:00,121.0,1259.2556
2201-01-11 10:00:00,121.0,1157.336
2201-01-11 11:00:00,120.0,662.5968
2201-01-11 12:00:00,118.0,373.58667
2201-01-11 13:00:00,116.0,125.656006
2201-01-11 14:00:00,113.0,-50.645752
2201-01-11 15:00:00,112.0,187.08716
2201-01-11 16:00:00,111.0,167.5503
2201-01-11 17:00:00,109.0,661.8014
2201-01-11 18:00:00,108.0,1026.1847
2201-01-11 19:00:00,107.0,987.3037
2201-01-11 20:00:00,108.0,1058.9877
2201-01-11 21:00:00,111.0,1110.0468
2201-01-11 22:00:00,115.0,1351.2587
2201-01-11 23:00:00,118.0,1370.2299
2201-01-12 00:00:00,120.0,1351.9948
2201-01-12 01:00:00,122.0,1303.8044
2201-01-12 02:00:00,122.0,1305.4095
2201-01-12 03:00:00,122.0,1284.1448
2201-01-12 04:00:00,122.0,1188.4943
2201-01-12 05:00:00,122.0,1186.1146
2201-01-12 06:00:00,122.0,1023.7219
2201-01-12 07:00:00,122.0,1034.3561
2201-01-12 08:00:00,122.0,982.7019
2201-01-12 09:00:00,122.0,975.2073
2201-01-12 10:00:00,122.0,890.50916
2201-01-12 11:00:00,122.0,841.58606
2201-01-12 12:00:00,122.0,555.4386
2201-01-12 13:00:00,122.0,331.02417
2201-01-12 14:00:00,122.0,468.19836
2201-01-12 15:00:00,122.0,891.1575
2201-01-12 16:00:00,121.0,1184.0022
2201-01-12 17:00:00,121.0,1095.5334
2201-01-12 18:00:00,120.0,1397.1948
2201-01-12 19:00:00,119.0,1431.7322
2201-01-12 20:00:00,119.0,1415.3116
2201-01-12 21:00:00,119.0,1288.1581
2201-01-12 22:00:00,119.0,1162.3617
2201-01-12 23:00:00,119.0,1135.1183
2201-01-13 00:00:00,119.0,1087.0981
2201-01-13 01:00:00,117.0,900.0416
2201-01-13 02:00:00,117.0,846.94666
2201-01-13 03:00:00,117.0,820.1902
2201-01-13 04:00:00,116.0,687.4917
2201-01-13 05:00:00,116.0,657.3489
2201-01-13 06:00:00,116.0,601.6312
2201-01-13 07:00:00,115.0,619.80347
2201-01-13 08:00:00,114.0,722.74646
2201-01-13 09:00:00,114.0,740.598
2201-01-13 10:00:00,114.0,920.3718
2201-01-13 11:00:00,114.0,943.7506
2201-01-13 12:00:00,113.0,1008.28174
2201-01-13 13:00:00,112.0,1011.7185
2201-01-13 14:00:00,109.0,858.5558
2201-01-13 15:00:00,107.0,751.72266
2201-01-13 16:00:00,105.0,804.44324
2201-01-13 17:00:00,104.0,1171.6287
2201-01-13 18:00:00,103.0,1450.2716
2201-01-13 19:00:00,102.0,1507.2976
2201-01-13 20:00:00,102.0,1397.6527
2201-01-13 21:00:00,101.0,1334.9843
2201-01-13 22:00:00,101.0,1250.8938
2201-01-13 23:00:00,101.0,1167.9655
2201-01-14 00:00:00,101.0,1043.333
2201-01-14 01:00:00,101.0,962.51733
2201-01-14 02:00:00,101.0,884.07275
2201-01-14 03:00:00,101.0,972.71277
2201-01-14 04:00:00,101.0,803.3031
2201-01-14 05:00:00,101.0,832.9553
2201-01-14 06:00:00,101.0,750.1515
2201-01-14 07:00:00,101.0,784.7085
2201-01-14 08:00:00,101.0,890.9994
2201-01-14 09:00:00,103.0,899.6455
2201-01-14 10:00:00,105.0,1050.7341
2201-01-14 11:00:00,110.0,983.7677
2201-01-14 12:00:00,114.0,1197.7263
2201-01-14 13:00:00,118.0,1168.1709
2201-01-14 14:00:00,121.0,1172.164
2201-01-14 15:00:00,124.0,1153.497
2201-01-14 16:00:00,127.0,1272.0974
2201-01-14 17:00:00,129.0,1587.5568
2201-01-14 18:00:00,131.0,1652.7123
2201-01-14 19:00:00,133.0,1618.072
2201-01-14 20:00:00,134.0,1474.2863
2201-01-14 21:00:00,136.0,1401.2797
2201-01-14 22:00:00,137.0,1284.9
2201-01-14 23:00:00,139.0,1249.7579
2201-01-15 00:00:00,141.0,1111.7739
2201-01-15 01:00:00,142.0,1100.662
2201-01-15 02:00:00,144.0,1050.8568
2201-01-15 03:00:00,145.0,1043.6327
2201-01-15 04:00:00,146.0,994.5669
2201-01-15 05:00:00,147.0,985.6937
2201-01-15 06:00:00,148.0,960.2634
2201-01-15 07:00:00,149.0,999.80005
2201-01-15 08:00:00,149.0,1089.7107
2201-01-15 09:00:00,150.0,1086.3271
2201-01-15 10:00:00,151.0,1184.678
2201-01-15 11:00:00,151.0,1098.9799
2201-01-15 12:00:00,151.0,1165.9089
2201-01-15 13:00:00,151.0,1152.5548
2201-01-15 14:00:00,151.0,1104.7229
2201-01-15 15:00:00,150.0,1275.4447
2201-01-15 16:00:00,149.0,1362.8602
2201-01-15 17:00:00,149.0,1562.6304
2201-01-15 18:00:00,148.0,1483.0442
2201-01-15 19:00:00,148.0,1511.155
2201-01-15 20:00:00,148.0,1517.8511
2201-01-15 21:00:00,148.0,1501.0273
2201-01-15 22:00:00,148.0,1408.6824
2201-01-15 23:00:00,148.0,1375.137
2201-01-16 00:00:00,148.0,1202.6483
2201-01-16 01:00:00,148.0,1275.2819
2201-01-16 02:00:00,148.0,1245.7035
2201-01-16 03:00:00,149.0,1151.8683
2201-01-16 04:00:00,150.0,1126.5745
2201-01-16 05:00:00,151.0,1005.8197
2201-01-16 06:00:00,152.0,937.5104
2201-01-16 07:00:00,153.0,922.3008
2201-01-16 08:00:00,154.0,871.37634
2201-01-16 09:00:00,154.0,870.47546
2201-01-16 10:00:00,156.0,865.5443
2201-01-16 11:00:00,156.0,693.1876
2201-01-16 12:00:00,157.0,761.7217
2201-01-16 13:00:00,157.0,848.6199
2201-01-16 14:00:00,159.0,822.2838
2201-01-16 15:00:00,159.0,852.77893
2201-01-16 16:00:00,160.0,772.03394
2201-01-16 17:00:00,160.0,629.0559
2201-01-16 18:00:00,162.0,527.6688
2201-01-16 19:00:00,162.0,485.63904
2201-01-16 20:00:00,163.0,508.89062
2201-01-16 21:00:00,164.0,478.57446
2201-01-16 22:00:00,165.0,465.4137
2201-01-16 23:00:00,166.0,489.76758
2201-01-17 00:00:00,168.0,291.73218
2201-01-17 01:00:00,169.0,328.58276
2201-01-17 02:00:00,170.0,345.06958
2201-01-17 03:00:00,172.0,293.09497
2201-01-17 04:00:00,174.0,699.19946
2201-01-17 05:00:00,176.0,1195.973
2201-01-17 06:00:00,178.0,1044.898
2201-01-17 07:00:00,180.0,1098.769
2201-01-17 08:00:00,182.0,962.9409
2201-01-17 09:00:00,184.0,1254.6346
2201-01-17 10:00:00,188.0,1243.4614
2201-01-17 11:00:00,191.0,754.76025
2201-01-17 12:00:00,194.0,751.7483
2201-01-17 13:00:00,195.0,806.38916
2201-01-17 14:00:00,197.0,1427.0612
2201-01-17 15:00:00,200.0,1248.6221
2201-01-17 16:00:00,206.0,1257.7494
2201-01-17 17:00:00,211.0,1192.8708
2201-01-17 18:00:00,214.0,956.6631
2201-01-17 19:00:00,217.0,1068.9362
2201-01-17 20:00:00,218.0,994.96045
2201-01-17 21:00:00,218.0,1095.7499
2201-01-17 22:00:00,218.0,1135.896
2201-01-17 23:00:00,218.0,1180.4365
2201-01-18 00:00:00,218.0,1052.4637
2201-01-18 01:00:00,218.0,1081.3707
2201-01-18 02:00:00,218.0,1120.6229
2201-01-18 03:00:00,222.0,1175.2861
2201-01-18 04:00:00,227.0,1205.2905
2201-01-18 05:00:00,236.0,1203.8318
2201-01-18 06:00:00,240.0,1223.4271
2201-01-18 07:00:00,243.0,1199.4493
2201-01-18 08:00:00,244.0,1182.9744
2201-01-18 09:00:00,244.0,1304.3883
2201-01-18 10:00:00,247.0,1334.0444
2201-01-18 11:00:00,249.0,1379.4336
2201-01-18 12:00:00,252.0,1355.9779
2201-01-18 13:00:00,254.0,1580.2932
2201-01-18 14:00:00,257.0,1568.8159
2201-01-18 15:00:00,258.0,1757.0435
2201-01-18 16:00:00,259.0,1630.0574
2201-01-18 17:00:00,261.0,1500.8658
2201-01-18 18:00:00,263.0,1422.7373
2201-01-18 19:00:00,265.0,1320.9299
2201-01-18 20:00:00,267.0,1270.4396
2201-01-18 21:00:00,268.0,1169.113
2201-01-18 22:00:00,268.0,1209.6188
2201-01-18 23:00:00,268.0,1189.656
2201-01-19 00:00:00,268.0,932.1808
2201-01-19 01:00:00,268.0,952.06287
2201-01-19 02:00:00,268.0,1269.9271
2201-01-19 03:00:00,268.0,870.974
2201-01-19 04:00:00,269.0,941.4723
2201-01-19 05:00:00,276.0,842.82275
2201-01-19 06:00:00,288.0,10.273193
2201-01-19 07:00:00,300.0,1088.4504
2201-01-19 08:00:00,315.0,1506.5571
2201-01-19 09:00:00,324.0,1547.9946
2201-01-19 10:00:00,341.0,1431.7856
2201-01-19 11:00:00,370.0,1372.3691
2201-01-19 12:00:00,424.0,1463.6492
2201-01-19 13:00:00,501.0,1842.1472
2201-01-19 14:00:00,596.9999,1948.1265
2201-01-19 15:00:00,671.0,1533.7223
2201-01-19 16:00:00,710.0,1568.042
2201-01-19 17:00:00,723.0,1215.8124
2201-01-19 18:00:00,707.0,1277.967
2201-01-19 19:00:00,674.0,1422.1141
2201-01-19 20:00:00,635.0,1523.3262
2201-01-19 21:00:00,596.9999,1627.4247
2201-01-19 22:00:00,566.0,1868.9751
2201-01-19 23:00:00,544.0,1781.547
2201-01-20 00:00:00,533.0,2312.497
2201-01-20 01:00:00,529.0001,2524.3884
2201-01-20 02:00:00,527.0,2278.6868
2201-01-20 03:00:00,527.9999,1949.1895
2201-01-20 04:00:00,524.9999,1788.366
2201-01-20 05:00:00,519.0001,1697.4622
2201-01-20 06:00:00,513.0,1698.7996
2201-01-20 07:00:00,509.00012,1742.4752
2201-01-20 08:00:00,510.0,1815.6155
2201-01-20 09:00:00,514.0,2117.566
2201-01-20 10:00:00,519.0001,2086.6897
2201-01-20 11:00:00,523.0,1916.2903
2201-01-20 12:00:00,524.9999,1896.0153
2201-01-20 13:00:00,529.0001,2022.4214
2201-01-20 14:00:00,531.0,1684.8972
2201-01-20 15:00:00,536.0,1525.7568
2201-01-20 16:00:00,537.0,2040.6837
2201-01-20 17:00:00,539.0,1616.8557
2201-01-20 18:00:00,536.0,1655.3782
2201-01-20 19:00:00,530.0,1600.2627
2201-01-20 20:00:00,524.9999,1471.4939
2201-01-20 21:00:00,520.0,1426.5867
2201-01-20 22:00:00,514.9999,1239.1285
2201-01-20 23:00:00,511.0,978.28064
2201-01-21 00:00:00,505.0,922.07275
2201-01-21 01:00:00,500.0,760.39197
2201-01-21 02:00:00,494.0,627.911
2201-01-21 03:00:00,488.0,461.76062
2201-01-21 04:00:00,482.0,421.63843
2201-01-21 05:00:00,475.0,292.83545
2201-01-21 06:00:00,469.0,288.16675
2201-01-21 07:00:00,465.0,225.23047
2201-01-21 08:00:00,459.0,226.75024
2201-01-21 09:00:00,453.0,251.03687
2201-01-21 10:00:00,449.0,224.73901
2201-01-21 11:00:00,445.0,285.84644
2201-01-21 12:00:00,440.0,146.59668
2201-01-21 13:00:00,436.0,-8.925293
2201-01-21 14:00:00,433.0,-337.0686
2201-01-21 15:00:00,430.0,-614.8821
2201-01-21 16:00:00,425.0,-804.61816
2201-01-21 17:00:00,421.0,-576.51294
2201-01-21 18:00:00,419.0,-806.4282
2201-01-21 19:00:00,415.0,-1024.346
2201-01-21 20:00:00,413.0,-928.05444
2201-01-21 21:00:00,409.0,-1094.6177
2201-01-21 22:00:00,407.0,-1172.9001
2201-01-21 23:00:00,405.0,-1324.7893
2201-01-22 00:00:00,402.0,-1337.9285
2201-01-22 01:00:00,399.0,-1281.9148
2201-01-22 02:00:00,397.0,-1264.8516
2201-01-22 03:00:00,394.0,-1214.9629
2201-01-22 04:00:00,392.0,-1136.6658
2201-01-22 05:00:00,390.0,-1095.3799
2201-01-22 06:00:00,387.0,-1003.93896
2201-01-22 07:00:00,385.0,-917.958
2201-01-22 08:00:00,382.0,-820.4048
2201-01-22 09:00:00,381.0,-671.4978
2201-01-22 10:00:00,379.0,-527.13086
2201-01-22 11:00:00,377.0,-356.06274
2201-01-22 12:00:00,374.0,-397.85303
2201-01-22 13:00:00,373.0,-408.17627
2201-01-22 14:00:00,370.0,-738.01733
2201-01-22 15:00:00,368.0,-669.3616
2201-01-22 16:00:00,366.0,-660.0398
2201-01-22 17:00:00,364.0,-615.0337
2201-01-22 18:00:00,362.0,-634.4558
2201-01-22 19:00:00,361.0,-588.7134
2201-01-22 20:00:00,360.0,-562.604
2201-01-22 21:00:00,359.0,-622.65796
2201-01-22 22:00:00,359.0,-487.2859
2201-01-22 23:00:00,358.0,-572.6245
2201-01-23 00:00:00,356.0,-531.4282
2201-01-23 01:00:00,356.0,-396.59277
2201-01-23 02:00:00,354.0,-319.2041
2201-01-23 03:00:00,353.0,-301.3694
2201-01-23 04:00:00,353.0,-256.32373
2201-01-23 05:00:00,352.0,-124.1709
2201-01-23 06:00:00,351.0,-60.7417
2201-01-23 07:00:00,351.0,108.92651
2201-01-23 08:00:00,351.0,120.49707
2201-01-23 09:00:00,351.0,217.15039
2201-01-23 10:00:00,351.0,334.71387
2201-01-23 11:00:00,351.0,522.07214
2201-01-23 12:00:00,351.0,534.05774
2201-01-23 13:00:00,351.0,570.3092
2201-01-23 14:00:00,351.0,646.1443
2201-01-23 15:00:00,349.0,715.8793
2201-01-23 16:00:00,348.0,504.8766
2201-01-23 17:00:00,348.0,410.01514
2201-01-23 18:00:00,348.0,325.86694
2201-01-23 19:00:00,350.0,235.55444
2201-01-23 20:00:00,351.0,130.27905
2201-01-23 21:00:00,351.0,88.50806
2201-01-23 22:00:00,349.0,60.711914
2201-01-23 23:00:00,348.0,45.271484
2201-01-24 00:00:00,348.0,-16.634521
2201-01-24 01:00:00,348.0,-29.038086
2201-01-24 02:00:00,348.0,63.767334
2201-01-24 03:00:00,348.0,44.959473
2201-01-24 04:00:00,348.0,45.429443
2201-01-24 05:00:00,348.0,51.73462
2201-01-24 06:00:00,348.0,37.217773
2201-01-24 07:00:00,348.0,27.83789
2201-01-24 08:00:00,349.0,81.72217
2201-01-24 09:00:00,351.0,295.2561
2201-01-24 10:00:00,351.0,622.0221
2201-01-24 11:00:00,351.0,700.22266
2201-01-24 12:00:00,351.0,780.20483
2201-01-24 13:00:00,351.0,1002.2112
2201-01-24 14:00:00,351.0,1097.768
2201-01-24 15:00:00,351.0,1042.0486
2201-01-24 16:00:00,351.0,1026.9437
2201-01-24 17:00:00,351.0,716.74207
2201-01-24 18:00:00,351.0,552.6649
2201-01-24 19:00:00,351.0,520.8489
2201-01-24 20:00:00,351.0,375.89307
2201-01-24 21:00:00,353.0,312.29004
2201-01-24 22:00:00,353.0,327.53027
2201-01-24 23:00:00,353.0,233.30835
2201-01-25 00:00:00,353.0,-478.17676
2201-01-25 01:00:00,353.0,-442.22754
2201-01-25 02:00:00,353.0,-434.37598
2201-01-25 03:00:00,353.0,-550.10913
2201-01-25 04:00:00,353.0,-535.6738
2201-01-25 05:00:00,352.0,-520.4746
2201-01-25 06:00:00,351.0,-413.92114
2201-01-25 07:00:00,351.0,-454.3606
2201-01-25 08:00:00,351.0,-395.81934
2201-01-25 09:00:00,351.0,0.16381836
2201-01-25 10:00:00,352.0,180.72437
2201-01-25 11:00:00,353.0,450.55835
2201-01-25 12:00:00,353.0,680.8762
2201-01-25 13:00:00,353.0,661.3026
2201-01-25 14:00:00,353.0,713.4933
2201-01-25 15:00:00,353.0,654.353
2201-01-25 16:00:00,351.0,292.43604
2201-01-25 17:00:00,351.0,-105.66968
2201-01-25 18:00:00,351.0,-166.72754
2201-01-25 19:00:00,351.0,-369.51855
2201-01-25 20:00:00,351.0,-1115.8838
2201-01-25 21:00:00,353.0,-423.93945
2201-01-25 22:00:00,357.0,-1649.8538
2201-01-25 23:00:00,362.0,-1620.6448
2201-01-26 00:00:00,368.0,-2585.5808
2201-01-26 01:00:00,378.0,-1377.7778
2201-01-26 02:00:00,392.0,-163.97583
2201-01-26 03:00:00,398.0,144.98413
2201-01-26 04:00:00,410.0,280.37207
2201-01-26 05:00:00,433.0,526.51917
2201-01-26 06:00:00,462.99988,363.8662
2201-01-26 07:00:00,519.0001,278.21582
2201-01-26 08:00:00,601.0001,261.2251
2201-01-26 09:00:00,651.0,517.0442
2201-01-26 10:00:00,664.0,338.29248
2201-01-26 11:00:00,650.0001,301.06177
2201-01-26 12:00:00,622.9999,401.26343
2201-01-26 13:00:00,594.0001,259.9458
2201-01-26 14:00:00,566.0,202.9646
2201-01-26 15:00:00,547.9999,93.50708
2201-01-26 16:00:00,540.9999,-116.07324
2201-01-26 17:00:00,543.0,-324.60693
2201-01-26 18:00:00,549.0,-488.83838
2201-01-26 19:00:00,557.0,-439.16895
2201-01-26 20:00:00,562.0,-406.8816
2201-01-26 21:00:00,567.0,-433.17163
2201-01-26 22:00:00,565.0001,-377.85742
2201-01-26 23:00:00,560.9999,-369.01465
2201-01-27 00:00:00,558.0001,-209.20728
2201-01-27 01:00:00,554.0,-143.17505
2201-01-27 02:00:00,555.0001,-93.15088
2201-01-27 03:00:00,560.9999,-22.475342
2201-01-27 04:00:00,569.0,11.818115
2201-01-27 05:00:00,575.0,115.44629
2201-01-27 06:00:00,583.0,116.48169
2201-01-27 07:00:00,586.9999,155.42358
2201-01-27 08:00:00,591.0001,159.94507
2201-01-27 09:00:00,593.0,333.87036
2201-01-27 10:00:00,593.0,328.30737
2201-01-27 11:00:00,591.0001,432.06738
2201-01-27 12:00:00,588.0,348.26514
2201-01-27 13:00:00,582.0,510.59766
2201-01-27 14:00:00,578.0001,428.89062
2201-01-27 15:00:00,570.9999,225.66284
2201-01-27 16:00:00,565.0001,322.21265
2201-01-27 17:00:00,560.0,245.68579
2201-01-27 18:00:00,554.0,267.8601
2201-01-27 19:00:00,547.9999,159.49951
2201-01-27 20:00:00,543.0,252.06055
2201-01-27 21:00:00,537.9999,411.18994
2201-01-27 22:00:00,534.0,488.802
2201-01-27 23:00:00,530.0,548.81604
2201-01-28 00:00:00,524.9999,475.198
2201-01-28 01:00:00,521.0,515.1455
2201-01-28 02:00:00,516.0001,592.27246
2201-01-28 03:00:00,511.99988,685.744
2201-01-28 04:00:00,508.0,812.0322
2201-01-28 05:00:00,504.0,818.43933
2201-01-28 06:00:00,500.0,902.338
2201-01-28 07:00:00,497.0,876.3695
2201-01-28 08:00:00,495.0,848.50806
2201-01-28 09:00:00,491.0,948.0393
2201-01-28 10:00:00,488.99988,1092.2257
2201-01-28 11:00:00,487.0,1124.6162
2201-01-28 12:00:00,484.0,951.1321
2201-01-28 13:00:00,481.0,736.848
2201-01-28 14:00:00,478.0,363.03955
2201-01-28 15:00:00,475.0,187.17505
2201-01-28 16:00:00,473.00012,-212.11597
2201-01-28 17:00:00,471.0,-346.14258
2201-01-28 18:00:00,469.0,-225.24756
2201-01-28 19:00:00,465.99988,-138.0122
2201-01-28 20:00:00,465.0,-145.46924
2201-01-28 21:00:00,464.0,-61.740967
2201-01-28 22:00:00,461.0,49.642334
2201-01-28 23:00:00,460.00012,49.92334
2201-01-29 00:00:00,457.00012,133.17212
2201-01-29 01:00:00,455.0,193.87842
2201-01-29 02:00:00,454.0,287.3933
2201-01-29 03:00:00,452.0,429.3025
2201-01-29 04:00:00,450.0,474.52222
2201-01-29 05:00:00,448.0,451.49805
2201-01-29 06:00:00,446.0,554.2921
2201-01-29 07:00:00,445.0,534.5438
2201-01-29 08:00:00,445.0,576.0619
2201-01-29 09:00:00,442.0,934.0032
2201-01-29 10:00:00,440.0,853.2334
2201-01-29 11:00:00,440.0,825.505
2201-01-29 12:00:00,439.0,510.33606
2201-01-29 13:00:00,438.0,307.4375
2201-01-29 14:00:00,436.0,-91.57471
2201-01-29 15:00:00,435.0,-419.9375
2201-01-29 16:00:00,435.0,-714.18384
2201-01-29 17:00:00,433.0,-660.29785
2201-01-29 18:00:00,432.0,-630.16675
2201-01-29 19:00:00,430.0,-512.15674
2201-01-29 20:00:00,430.0,-403.58838
2201-01-29 21:00:00,430.0,-334.2683
2201-01-29 22:00:00,430.0,-142.62451
2201-01-29 23:00:00,430.0,-7.80249
2201-01-30 00:00:00,427.0,136.0481
2201-01-30 01:00:00,427.0,225.66211
2201-01-30 02:00:00,425.0,350.91357
2201-01-30 03:00:00,423.0,442.2981
2201-01-30 04:00:00,422.0,510.13123
2201-01-30 05:00:00,421.0,597.3777
2201-01-30 06:00:00,419.0,666.45715
2201-01-30 07:00:00,419.0,750.23535
2201-01-30 08:00:00,417.0,772.318
2201-01-30 09:00:00,416.0,802.952
2201-01-30 10:00:00,415.0,1233.2991
2201-01-30 11:00:00,416.0,1063.9326
2201-01-30 12:00:00,414.0,1006.99426
2201-01-30 13:00:00,414.0,808.74915
2201-01-30 14:00:00,414.0,408.5559
2201-01-30 15:00:00,414.0,135.62866
2201-01-30 16:00:00,414.0,-443.604
2201-01-30 17:00:00,414.0,-514.4326
2201-01-30 18:00:00,414.0,-597.62695
2201-01-30 19:00:00,414.0,-594.20215
2201-01-30 20:00:00,413.0,-430.91016
2201-01-30 21:00:00,411.0,-312.22656
2201-01-30 22:00:00,411.0,-311.3777
2201-01-30 23:00:00,411.0,-169.85645
2201-01-31 00:00:00,408.0,-395.83496
2201-01-31 01:00:00,408.0,-262.65918
2201-01-31 02:00:00,407.0,-171.01318
2201-01-31 03:00:00,406.0,-50.50171
2201-01-31 04:00:00,405.0,-49.43506
2201-01-31 05:00:00,403.0,123.34375
2201-01-31 06:00:00,403.0,238.52466
2201-01-31 07:00:00,403.0,191.81909
2201-01-31 08:00:00,400.0,248.74316
2201-01-31 09:00:00,400.0,647.4275
2201-01-31 10:00:00,398.0,491.57764
2201-01-31 11:00:00,398.0,425.29834
2201-01-31 12:00:00,398.0,245.9541
2201-01-31 13:00:00,398.0,-247.66284
2201-01-31 14:00:00,398.0,-496.15015
2201-01-31 15:00:00,396.0,-669.79956
2201-01-31 16:00:00,397.0,-1081.4954
2201-01-31 17:00:00,398.0,-1200.2461
2201-01-31 18:00:00,395.0,-1064.529
2201-01-31 19:00:00,395.0,-987.0381
2201-01-31 20:00:00,395.0,-908.7666
2201-01-31 21:00:00,395.0,-760.70776
2201-01-31 22:00:00,395.0,-681.6255
2201-01-31 23:00:00,394.0,-583.6201
2201-02-01 00:00:00,393.0,-425.0791
2201-02-01 01:00:00,393.0,-360.615
2201-02-01 02:00:00,393.0,-303.50806
2201-02-01 03:00:00,392.0,-244.98169
2201-02-01 04:00:00,390.0,-185.34106
2201-02-01 05:00:00,390.0,-95.2124
2201-02-01 06:00:00,390.0,-32.18213
2201-02-01 07:00:00,388.0,34.595703
2201-02-01 08:00:00,387.0,22.75879
2201-02-01 09:00:00,387.0,469.14514
2201-02-01 10:00:00,387.0,228.76099
2201-02-01 11:00:00,386.0,330.52734
2201-02-01 12:00:00,380.0,-59.438477
2201-02-01 13:00:00,371.0,-93.97412
2201-02-01 14:00:00,362.0,-286.00317
2201-02-01 15:00:00,354.0,-395.49268
2201-02-01 16:00:00,350.0,-682.38916
2201-02-01 17:00:00,346.0,-601.1809
2201-02-01 18:00:00,345.0,-608.26514
2201-02-01 19:00:00,340.0,-634.9995
2201-02-01 20:00:00,331.0,-655.5906
2201-02-01 21:00:00,324.0,-844.7788
2201-02-01 22:00:00,318.0,-781.81934
2201-02-01 23:00:00,314.0,-793.17944
2201-02-02 00:00:00,312.0,-469.32275
2201-02-02 01:00:00,310.0,-546.1455
2201-02-02 02:00:00,308.0,-602.5925
2201-02-02 03:00:00,307.0,-539.7578
2201-02-02 04:00:00,305.0,-662.4739
2201-02-02 05:00:00,304.0,-639.9866
2201-02-02 06:00:00,302.0,-633.385
2201-02-02 07:00:00,301.0,-623.00024
2201-02-02 08:00:00,307.0,-613.85425
2201-02-02 09:00:00,314.0,-94.72168
2201-02-02 10:00:00,321.0,-12.633057
2201-02-02 11:00:00,329.0,137.22388
2201-02-02 12:00:00,341.0,134.75366
2201-02-02 13:00:00,352.0,265.16577
2201-02-02 14:00:00,360.0,237.63867
2201-02-02 15:00:00,365.0,290.99707
2201-02-02 16:00:00,369.0,282.4287
2201-02-02 17:00:00,372.0,128.6145
2201-02-02 18:00:00,373.0,125.32886
2201-02-02 19:00:00,373.0,-15.171143
2201-02-02 20:00:00,366.0,-81.43994
2201-02-02 21:00:00,358.0,-117.92749
2201-02-02 22:00:00,349.0,-353.52637
2201-02-02 23:00:00,343.0,-477.19824
2201-02-03 00:00:00,341.0,-569.4346
2201-02-03 01:00:00,343.0,-611.3103
2201-02-03 02:00:00,351.0,-794.5227
2201-02-03 03:00:00,360.0,-937.1394
2201-02-03 04:00:00,366.0,-1021.7871
2201-02-03 05:00:00,371.0,-1011.1006
2201-02-03 06:00:00,373.0,-1030.8479
2201-02-03 07:00:00,376.0,-936.87646
2201-02-03 08:00:00,377.0,-942.71533
2201-02-03 09:00:00,376.0,-728.9221
2201-02-03 10:00:00,371.0,-813.30347
2201-02-03 11:00:00,362.0,-417.02368
2201-02-03 12:00:00,354.0,-333.9839
2201-02-03 13:00:00,359.0,-483.24634
2201-02-03 14:00:00,365.0,-321.12207
2201-02-03 15:00:00,372.0,-1152.752
2201-02-03 16:00:00,381.0,-470.9287
2201-02-03 17:00:00,383.0,-331.3296
2201-02-03 18:00:00,385.0,-576.3274
2201-02-03 19:00:00,387.0,-490.511
2201-02-03 20:00:00,390.0,-611.0183
2201-02-03 21:00:00,393.0,-631.54663
2201-02-03 22:00:00,394.0,-572.79834
2201-02-03 23:00:00,397.0,-617.7339
2201-02-04 00:00:00,398.0,-381.43555
2201-02-04 01:00:00,395.0,-367.0144
2201-02-04 02:00:00,395.0,-496.9463
2201-02-04 03:00:00,395.0,-502.41577
2201-02-04 04:00:00,396.0,-516.87573
2201-02-04 05:00:00,398.0,-408.39697
2201-02-04 06:00:00,398.0,-390.08447
2201-02-04 07:00:00,398.0,-157.44922
2201-02-04 08:00:00,397.0,-52.91211
2201-02-04 09:00:00,395.0,-127.30078
2201-02-04 10:00:00,395.0,309.52563
2201-02-04 11:00:00,394.0,569.50903
2201-02-04 12:00:00,393.0,551.1371
2201-02-04 13:00:00,391.0,782.4182
2201-02-04 14:00:00,390.0,602.7446
2201-02-04 15:00:00,390.0,810.3716
2201-02-04 16:00:00,390.0,346.78052
2201-02-04 17:00:00,390.0,269.37476
2201-02-04 18:00:00,388.0,135.61719
2201-02-04 19:00:00,387.0,49.80005
2201-02-04 20:00:00,387.0,31.082764
2201-02-04 21:00:00,385.0,27.679932
2201-02-04 22:00:00,385.0,102.87793
2201-02-04 23:00:00,385.0,112.84668
2201-02-05 00:00:00,385.0,96.434814
2201-02-05 01:00:00,385.0,215.80225
2201-02-05 02:00:00,385.0,269.583
2201-02-05 03:00:00,385.0,401.91797
2201-02-05 04:00:00,385.0,537.59094
2201-02-05 05:00:00,385.0,647.1998
2201-02-05 06:00:00,382.0,689.4175
2201-02-05 07:00:00,382.0,760.297
2201-02-05 08:00:00,382.0,790.43823
2201-02-05 09:00:00,382.0,1189.3624
2201-02-05 10:00:00,382.0,1165.9872
2201-02-05 11:00:00,382.0,1009.83936
2201-02-05 12:00:00,382.0,770.69434
2201-02-05 13:00:00,380.0,510.5067
2201-02-05 14:00:00,373.0,371.10742
2201-02-05 15:00:00,363.0,217.68701
2201-02-05 16:00:00,355.0,-330.18066
2201-02-05 17:00:00,349.0,-377.77075
2201-02-05 18:00:00,345.0,-418.3506
2201-02-05 19:00:00,342.0,-623.07104
2201-02-05 20:00:00,341.0,-610.73315
2201-02-05 21:00:00,340.0,-469.34766
2201-02-05 22:00:00,338.0,-625.12695
2201-02-05 23:00:00,338.0,-475.9646
2201-02-06 00:00:00,338.0,-412.25122
2201-02-06 01:00:00,335.0,-289.1223
2201-02-06 02:00:00,335.0,-52.927002
2201-02-06 03:00:00,335.0,14.924316
2201-02-06 04:00:00,333.0,134.94312
2201-02-06 05:00:00,333.0,204.30298
2201-02-06 06:00:00,333.0,379.6355
2201-02-06 07:00:00,334.0,440.9873
2201-02-06 08:00:00,339.0,439.68286
2201-02-06 09:00:00,342.0,533.32605
2201-02-06 10:00:00,345.0,932.4441
2201-02-06 11:00:00,348.0,798.19775
2201-02-06 12:00:00,351.0,750.2582
2201-02-06 13:00:00,351.0,499.4088
2201-02-06 14:00:00,351.0,343.2666
2201-02-06 15:00:00,351.0,260.00928
2201-02-06 16:00:00,351.0,-380.7898
2201-02-06 17:00:00,351.0,-364.13037
2201-02-06 18:00:00,352.0,-379.21387
2201-02-06 19:00:00,353.0,-549.4321
2201-02-06 20:00:00,353.0,-532.76465
2201-02-06 21:00:00,353.0,-481.5808
2201-02-06 22:00:00,353.0,-544.9592
2201-02-06 23:00:00,353.0,-418.6543
2201-02-07 00:00:00,351.0,-105.93286
2201-02-07 01:00:00,351.0,9.924072
2201-02-07 02:00:00,351.0,226.4624
2201-02-07 03:00:00,351.0,233.08057
2201-02-07 04:00:00,351.0,342.45386
2201-02-07 05:00:00,351.0,519.8198
2201-02-07 06:00:00,351.0,558.5211
2201-02-07 07:00:00,354.0,764.0856
2201-02-07 08:00:00,358.0,738.0217
2201-02-07 09:00:00,361.0,800.2717
2201-02-07 10:00:00,364.0,767.3009
2201-02-07 11:00:00,365.0,1079.8984
2201-02-07 12:00:00,366.0,1155.3042
2201-02-07 13:00:00,363.0,1206.788
2201-02-07 14:00:00,358.0,1282.3903
2201-02-07 15:00:00,355.0,1339.1318
2201-02-07 16:00:00,352.0,847.5758
2201-02-07 17:00:00,350.0,962.98047
2201-02-07 18:00:00,348.0,903.96265
2201-02-07 19:00:00,348.0,790.7278
2201-02-07 20:00:00,348.0,837.07764
2201-02-07 21:00:00,348.0,893.0962
2201-02-07 22:00:00,348.0,928.7178
2201-02-07 23:00:00,348.0,1031.8485
2201-02-08 00:00:00,348.0,1166.2828
2201-02-08 01:00:00,348.0,1220.0681
2201-02-08 02:00:00,348.0,1230.4434
2201-02-08 03:00:00,348.0,1216.7145
2201-02-08 04:00:00,348.0,1250.7792
2201-02-08 05:00:00,348.0,1284.3821
2201-02-08 06:00:00,348.0,1331.3411
2201-02-08 07:00:00,348.0,1254.9135
2201-02-08 08:00:00,348.0,1321.2639
2201-02-08 09:00:00,348.0,1174.7214
2201-02-08 10:00:00,348.0,1310.3907
2201-02-08 11:00:00,349.0,1232.7472
2201-02-08 12:00:00,353.0,1226.8596
2201-02-08 13:00:00,357.0,1093.0948
2201-02-08 14:00:00,361.0,988.2335
2201-02-08 15:00:00,363.0,985.224
2201-02-08 16:00:00,364.0,1076.5879
2201-02-08 17:00:00,364.0,1132.7833
2201-02-08 18:00:00,363.0,1088.7261
2201-02-08 19:00:00,356.0,993.9298
2201-02-08 20:00:00,346.0,995.0404
2201-02-08 21:00:00,337.0,994.87317
2201-02-08 22:00:00,332.0,979.2908
2201-02-08 23:00:00,328.0,1025.6134
2201-02-09 00:00:00,325.0,-116.24707
2201-02-09 01:00:00,324.0,-151.14453
2201-02-09 02:00:00,323.0,-21.638184
2201-02-09 03:00:00,323.0,-88.46387
2201-02-09 04:00:00,323.0,-27.345947
2201-02-09 05:00:00,326.0,-59.552002
2201-02-09 06:00:00,335.0,-119.29663
2201-02-09 07:00:00,342.0,-109.03125
2201-02-09 08:00:00,341.0,-98.5625
2201-02-09 09:00:00,336.0,68.052246
2201-02-09 10:00:00,333.0,-40.473877
2201-02-09 11:00:00,336.0,8.390869
2201-02-09 12:00:00,344.0,-59.605957
2201-02-09 13:00:00,351.0,1.3146973
2201-02-09 14:00:00,355.0,-27.934082
2201-02-09 15:00:00,359.0,-220.76367
2201-02-09 16:00:00,361.0,-182.17065
2201-02-09 17:00:00,361.0,-167.29395
2201-02-09 18:00:00,360.0,-200.9602
2201-02-09 19:00:00,353.0,-124.29614
2201-02-09 20:00:00,344.0,-269.92188
2201-02-09 21:00:00,339.0,-231.2898
2201-02-09 22:00:00,334.0,-415.4685
2201-02-09 23:00:00,331.0,-328.84668
2201-02-10 00:00:00,330.0,-286.05957
2201-02-10 01:00:00,330.0,75.397705
2201-02-10 02:00:00,333.0,239.50098
2201-02-10 03:00:00,333.0,43.62085
2201-02-10 04:00:00,335.0,155.27637
2201-02-10 05:00:00,337.0,103.51953
2201-02-10 06:00:00,340.0,211.39551
2201-02-10 07:00:00,343.0,201.05371
2201-02-10 08:00:00,346.0,351.1526
2201-02-10 09:00:00,349.0,159.27344
2201-02-10 10:00:00,351.0,176.25659
2201-02-10 11:00:00,352.0,346.38452
2201-02-10 12:00:00,354.0,431.45776
2201-02-10 13:00:00,358.0,404.29883
2201-02-10 14:00:00,365.0,209.34595
2201-02-10 15:00:00,373.0,52.874756
2201-02-10 16:00:00,381.0,8.770264
2201-02-10 17:00:00,387.0,-48.485107
2201-02-10 18:00:00,391.0,153.92822
2201-02-10 19:00:00,397.0,84.58545
2201-02-10 20:00:00,408.0,-652.74634
2201-02-10 21:00:00,422.0,-804.86084
2201-02-10 22:00:00,432.0,-1153.3965
2201-02-10 23:00:00,443.0,-670.9131
2201-02-11 00:00:00,448.0,-428.6255
2201-02-11 01:00:00,458.0,-418.281
2201-02-11 02:00:00,488.99988,-816.46655
2201-02-11 03:00:00,544.0,-224.24854
2201-02-11 04:00:00,589.0,-253.63525
2201-02-11 05:00:00,603.0,-219.9375
2201-02-11 06:00:00,596.0,-205.96313
2201-02-11 07:00:00,576.0,-293.0874
2201-02-11 08:00:00,560.0,-291.41553
2201-02-11 09:00:00,540.9999,-486.87134
2201-02-11 10:00:00,526.0,-322.4187
2201-02-11 11:00:00,514.0,-276.77563
2201-02-11 12:00:00,507.0,-326.6997
2201-02-11 13:00:00,509.00012,-667.188
2201-02-11 14:00:00,521.0,-601.50195
2201-02-11 15:00:00,540.9999,-1161.666
2201-02-11 16:00:00,569.0,64.06348
2201-02-11 17:00:00,598.0,-577.5491
2201-02-11 18:00:00,622.9999,55.884277
2201-02-11 19:00:00,639.0,86.47168
2201-02-11 20:00:00,652.0,136.61353
2201-02-11 21:00:00,671.9999,251.85718
2201-02-11 22:00:00,704.0,308.8025
2201-02-11 23:00:00,762.0,393.27173
2201-02-12 00:00:00,841.0,498.13318
2201-02-12 01:00:00,900.0,559.94226
2201-02-12 02:00:00,923.0,661.5161
2201-02-12 03:00:00,917.0,744.2605
2201-02-12 04:00:00,901.0,789.73413
2201-02-12 05:00:00,876.0,869.0045
2201-02-12 06:00:00,849.0,915.0842
2201-02-12 07:00:00,818.0,1001.42444
2201-02-12 08:00:00,788.0,1004.8893
2201-02-12 09:00:00,765.0,952.5316
2201-02-12 10:00:00,746.9999,864.84265
2201-02-12 11:00:00,732.0,838.312
2201-02-12 12:00:00,717.9999,738.85034
2201-02-12 13:00:00,710.0,467.44946
2201-02-12 14:00:00,704.0,137.28613
2201-02-12 15:00:00,700.0,188.4978
2201-02-12 16:00:00,696.0,127.81299
2201-02-12 17:00:00,690.0,108.40137
2201-02-12 18:00:00,687.0,166.22559
2201-02-12 19:00:00,681.0,218.38525
2201-02-12 20:00:00,676.0001,220.85205
2201-02-12 21:00:00,670.0,184.41357
2201-02-12 22:00:00,661.9999,172.90967
2201-02-12 23:00:00,657.0,204.84033
2201-02-13 00:00:00,648.0,178.9668
2201-02-13 01:00:00,641.0,287.52808
2201-02-13 02:00:00,639.0,289.54614
2201-02-13 03:00:00,642.0,289.54614
2201-02-13 04:00:00,642.0,289.1985
2201-02-13 05:00:00,640.0001,232.18945
2201-02-13 06:00:00,635.9999,365.94995
2201-02-13 07:00:00,631.0,384.66113
2201-02-13 08:00:00,625.9999,369.01294
2201-02-13 09:00:00,621.0,241.50879
2201-02-13 10:00:00,615.0,379.70142
2201-02-13 11:00:00,612.0,338.66846
2201-02-13 12:00:00,606.0,199.18774
2201-02-13 13:00:00,599.9999,-69.38281
2201-02-13 14:00:00,596.0,-380.6355
2201-02-13 15:00:00,592.0,-552.1787
2201-02-13 16:00:00,586.9999,-402.12573
2201-02-13 17:00:00,582.0,-281.11304
2201-02-13 18:00:00,576.9999,-119.80078
2201-02-13 19:00:00,573.0,10.307129
2201-02-13 20:00:00,570.0,138.4043
2201-02-13 21:00:00,563.9999,242.60278
2201-02-13 22:00:00,552.0001,252.59082
2201-02-13 23:00:00,540.9999,367.62207
2201-02-14 00:00:00,530.0,294.2124
2201-02-14 01:00:00,522.0001,357.6084
2201-02-14 02:00:00,518.0,377.30518
2201-02-14 03:00:00,511.99988,421.57935
2201-02-14 04:00:00,508.0,422.13452
2201-02-14 05:00:00,504.0,439.33716
2201-02-14 06:00:00,500.0,468.77832
2201-02-14 07:00:00,498.0,502.42798
2201-02-14 08:00:00,495.0,515.95825
2201-02-14 09:00:00,493.00012,540.21216
2201-02-14 10:00:00,490.0,710.2654
2201-02-14 11:00:00,488.99988,797.98035
2201-02-14 12:00:00,487.0,743.00525
2201-02-14 13:00:00,485.0,605.6011
2201-02-14 14:00:00,484.0,455.30432
2201-02-14 15:00:00,481.0,327.01855
2201-02-14 16:00:00,478.0,440.7146
2201-02-14 17:00:00,478.0,461.99146
2201-02-14 18:00:00,475.99988,565.0034
2201-02-14 19:00:00,475.99988,552.41833
2201-02-14 20:00:00,473.00012,534.3059
2201-02-14 21:00:00,473.00012,549.2467
2201-02-14 22:00:00,471.0,536.9496
2201-02-14 23:00:00,470.00012,536.42834
2201-02-15 00:00:00,469.0,526.1168
2201-02-15 01:00:00,468.0,535.9043
2201-02-15 02:00:00,465.99988,503.20337
2201-02-15 03:00:00,465.0,500.0586
2201-02-15 04:00:00,471.0,503.6084
2201-02-15 05:00:00,478.99988,508.80347
2201-02-15 06:00:00,485.0,495.4651
2201-02-15 07:00:00,488.99988,506.4557
2201-02-15 08:00:00,491.99988,488.50134
2201-02-15 09:00:00,491.99988,574.8866
2201-02-15 10:00:00,493.00012,660.8672
2201-02-15 11:00:00,495.0,758.099
2201-02-15 12:00:00,494.0,811.26196
2201-02-15 13:00:00,491.99988,700.60364
2201-02-15 14:00:00,488.99988,548.9724
2201-02-15 15:00:00,487.0,252.61841
2201-02-15 16:00:00,485.99988,519.626
2201-02-15 17:00:00,485.0,562.98035
2201-02-15 18:00:00,485.0,527.8981
2201-02-15 19:00:00,484.0,517.91016
2201-02-15 20:00:00,484.0,488.65735
2201-02-15 21:00:00,484.0,487.12
2201-02-15 22:00:00,484.0,448.3772
2201-02-15 23:00:00,482.0,436.71143
2201-02-16 00:00:00,482.0,156.86377
2201-02-16 01:00:00,482.0,192.37646
2201-02-16 02:00:00,477.0,212.70972
2201-02-16 03:00:00,468.0,222.55078
2201-02-16 04:00:00,458.0,214.3938
2201-02-16 05:00:00,451.0,198.30884
2201-02-16 06:00:00,445.0,226.9187
2201-02-16 07:00:00,441.0,285.28198
2201-02-16 08:00:00,439.0,302.0791
2201-02-16 09:00:00,437.0,329.635
2201-02-16 10:00:00,435.0,188.60522
2201-02-16 11:00:00,435.0,362.59668
2201-02-16 12:00:00,432.0,442.08716
2201-02-16 13:00:00,432.0,389.76416
2201-02-16 14:00:00,430.0,391.21948
2201-02-16 15:00:00,430.0,180.78784
2201-02-16 16:00:00,430.0,298.739
2201-02-16 17:00:00,428.0,246.00928
2201-02-16 18:00:00,427.0,171.80103
2201-02-16 19:00:00,427.0,165.7622
2201-02-16 20:00:00,427.0,145.74927
2201-02-16 21:00:00,426.0,92.36841
2201-02-16 22:00:00,425.0,74.1709
2201-02-16 23:00:00,424.0,96.6521
2201-02-17 00:00:00,424.0,-59.81543
2201-02-17 01:00:00,422.0,-25.652588
2201-02-17 02:00:00,422.0,36.528564
2201-02-17 03:00:00,422.0,83.90747
2201-02-17 04:00:00,422.0,142.76611
2201-02-17 05:00:00,422.0,152.52344
2201-02-17 06:00:00,420.0,181.12354
2201-02-17 07:00:00,419.0,256.7229
2201-02-17 08:00:00,424.0,243.98071
2201-02-17 09:00:00,433.0,258.26294
2201-02-17 10:00:00,440.0,506.39185
2201-02-17 11:00:00,445.0,652.25745
2201-02-17 12:00:00,450.0,754.0586
2201-02-17 13:00:00,451.0,731.0493
2201-02-17 14:00:00,451.0,777.66675
2201-02-17 15:00:00,452.0,589.71436
2201-02-17 16:00:00,454.0,508.96777
2201-02-17 17:00:00,452.0,410.2207
2201-02-17 18:00:00,451.0,227.59937
2201-02-17 19:00:00,451.0,276.0227
2201-02-17 20:00:00,452.0,205.9585
2201-02-17 21:00:00,454.0,98.88965
2201-02-17 22:00:00,454.0,7.303711
2201-02-17 23:00:00,454.0,4.9265137
2201-02-18 00:00:00,454.0,-98.31445
2201-02-18 01:00:00,454.0,-114.02222
2201-02-18 02:00:00,451.0,-124.61255
2201-02-18 03:00:00,451.0,-133.29956
2201-02-18 04:00:00,451.0,-148.7456
2201-02-18 05:00:00,450.0,-139.26074
2201-02-18 06:00:00,441.0,-116.19165
2201-02-18 07:00:00,431.0,-122.468994
2201-02-18 08:00:00,423.0,-110.62842
2201-02-18 09:00:00,416.0,-64.788086
2201-02-18 10:00:00,413.0,233.4375
2201-02-18 11:00:00,411.0,381.76733
2201-02-18 12:00:00,408.0,516.8779
2201-02-18 13:00:00,408.0,712.376
2201-02-18 14:00:00,406.0,707.0023
2201-02-18 15:00:00,406.0,623.64526
2201-02-18 16:00:00,404.0,540.04663
2201-02-18 17:00:00,405.0,284.07007
2201-02-18 18:00:00,410.0,177.3169
2201-02-18 19:00:00,414.0,97.32349
2201-02-18 20:00:00,416.0,-4.605713
2201-02-18 21:00:00,419.0,-59.645264
2201-02-18 22:00:00,422.0,-161.44165
2201-02-18 23:00:00,422.0,-150.6482
2201-02-19 00:00:00,422.0,-185.7649
2201-02-19 01:00:00,422.0,-148.40356
2201-02-19 02:00:00,422.0,-54.831543
2201-02-19 03:00:00,422.0,-118.65796
2201-02-19 04:00:00,422.0,-101.35669
2201-02-19 05:00:00,422.0,-81.9209
2201-02-19 06:00:00,422.0,-65.15723
2201-02-19 07:00:00,419.0,-42.244385
2201-02-19 08:00:00,419.0,-59.12329
2201-02-19 09:00:00,419.0,50.730957
2201-02-19 10:00:00,419.0,514.5061
2201-02-19 11:00:00,419.0,154.4851
2201-02-19 12:00:00,419.0,537.3502
2201-02-19 13:00:00,419.0,504.72375
2201-02-19 14:00:00,416.0,495.06836
2201-02-19 15:00:00,416.0,254.448
2201-02-19 16:00:00,417.0,197.88013
2201-02-19 17:00:00,416.0,161.03369
2201-02-19 18:00:00,416.0,134.72485
2201-02-19 19:00:00,417.0,1.3864746
2201-02-19 20:00:00,419.0,38.901855
2201-02-19 21:00:00,416.0,39.56494
2201-02-19 22:00:00,416.0,75.443115
2201-02-19 23:00:00,416.0,61.02124
2201-02-20 00:00:00,416.0,78.46802
2201-02-20 01:00:00,416.0,45.1416
2201-02-20 02:00:00,416.0,158.37695
2201-02-20 03:00:00,416.0,269.76758
2201-02-20 04:00:00,416.0,334.14062
2201-02-20 05:00:00,416.0,401.33643
2201-02-20 06:00:00,416.0,530.8191
2201-02-20 07:00:00,416.0,430.69238
2201-02-20 08:00:00,414.0,572.8331
2201-02-20 09:00:00,414.0,614.1478
2201-02-20 10:00:00,414.0,1003.7312
2201-02-20 11:00:00,414.0,1084.7644
2201-02-20 12:00:00,411.0,1078.407
2201-02-20 13:00:00,411.0,1076.461
2201-02-20 14:00:00,411.0,920.13245
2201-02-20 15:00:00,411.0,786.0531
2201-02-20 16:00:00,411.0,585.7567
2201-02-20 17:00:00,409.0,671.8367
2201-02-20 18:00:00,409.0,1025.8735
2201-02-20 19:00:00,410.0,819.0968
2201-02-20 20:00:00,411.0,697.70386
2201-02-20 21:00:00,411.0,916.95447
2201-02-20 22:00:00,411.0,735.583
2201-02-20 23:00:00,408.0,735.5586
2201-02-21 00:00:00,407.0,790.71204
2201-02-21 01:00:00,406.0,848.3098
2201-02-21 02:00:00,405.0,983.6897
2201-02-21 03:00:00,403.0,769.0526
2201-02-21 04:00:00,403.0,556.23047
2201-02-21 05:00:00,403.0,508.3839
2201-02-21 06:00:00,403.0,594.54614
2201-02-21 07:00:00,403.0,501.9264
2201-02-21 08:00:00,401.0,426.5078
2201-02-21 09:00:00,400.0,416.22363
2201-02-21 10:00:00,400.0,708.5094
2201-02-21 11:00:00,403.0,1109.0005
2201-02-21 12:00:00,403.0,889.996
2201-02-21 13:00:00,403.0,864.7114
2201-02-21 14:00:00,402.0,766.47986
2201-02-21 15:00:00,401.0,835.02576
2201-02-21 16:00:00,403.0,602.2439
2201-02-21 17:00:00,403.0,720.04456
2201-02-21 18:00:00,401.0,859.261
2201-02-21 19:00:00,397.0,833.53406
2201-02-21 20:00:00,395.0,771.7998
2201-02-21 21:00:00,395.0,719.50195
2201-02-21 22:00:00,397.0,1095.8401
2201-02-21 23:00:00,398.0,939.92163
2201-02-22 00:00:00,398.0,791.4697
2201-02-22 01:00:00,398.0,853.73193
2201-02-22 02:00:00,398.0,675.14014
2201-02-22 03:00:00,398.0,431.64746
2201-02-22 04:00:00,398.0,242.07324
2201-02-22 05:00:00,398.0,151.64111
2201-02-22 06:00:00,398.0,79.2605
2201-02-22 07:00:00,395.0,-119.2832
2201-02-22 08:00:00,396.0,-251.65332
2201-02-22 09:00:00,395.0,-163.35693
2201-02-22 10:00:00,395.0,89.77588
2201-02-22 11:00:00,395.0,343.9773
2201-02-22 12:00:00,395.0,490.83215
2201-02-22 13:00:00,395.0,666.04456
2201-02-22 14:00:00,395.0,751.17737
2201-02-22 15:00:00,395.0,635.0874
2201-02-22 16:00:00,395.0,797.14905
2201-02-22 17:00:00,394.0,804.6135
2201-02-22 18:00:00,393.0,795.5226
2201-02-22 19:00:00,393.0,705.72107
2201-02-22 20:00:00,393.0,576.48584
2201-02-22 21:00:00,393.0,469.94653
2201-02-22 22:00:00,394.0,404.9834
2201-02-22 23:00:00,395.0,220.83594
2201-02-23 00:00:00,394.0,229.3999
2201-02-23 01:00:00,393.0,61.538574
2201-02-23 02:00:00,393.0,-41.29541
2201-02-23 03:00:00,393.0,-137.02124
2201-02-23 04:00:00,393.0,-205.58838
2201-02-23 05:00:00,393.0,-283.93237
2201-02-23 06:00:00,393.0,-229.81519
2201-02-23 07:00:00,393.0,-286.11597
2201-02-23 08:00:00,393.0,-341.3662
2201-02-23 09:00:00,393.0,-294.1289
2201-02-23 10:00:00,393.0,93.14722
2201-02-23 11:00:00,393.0,256.3125
2201-02-23 12:00:00,393.0,467.6062
2201-02-23 13:00:00,393.0,543.5425
2201-02-23 14:00:00,390.0,673.35547
2201-02-23 15:00:00,390.0,783.42126
2201-02-23 16:00:00,390.0,520.01404
2201-02-23 17:00:00,388.0,474.86304
2201-02-23 18:00:00,387.0,323.4231
2201-02-23 19:00:00,387.0,238.82251
2201-02-23 20:00:00,387.0,166.32568
2201-02-23 21:00:00,387.0,147.16699
2201-02-23 22:00:00,387.0,26.460693
2201-02-23 23:00:00,387.0,-14.766113
2201-02-24 00:00:00,387.0,-129.5957
2201-02-24 01:00:00,387.0,-32.447998
2201-02-24 02:00:00,387.0,-149.01807
2201-02-24 03:00:00,387.0,-146.34814
2201-02-24 04:00:00,387.0,-176.8877
2201-02-24 05:00:00,387.0,-222.22339
2201-02-24 06:00:00,387.0,-208.20166
2201-02-24 07:00:00,388.0,-284.30786
2201-02-24 08:00:00,390.0,-282.03564
2201-02-24 09:00:00,390.0,-188.79736
2201-02-24 10:00:00,390.0,233.62622
2201-02-24 11:00:00,390.0,344.31738
2201-02-24 12:00:00,387.0,409.9431
2201-02-24 13:00:00,387.0,463.0442
2201-02-24 14:00:00,387.0,570.07043
2201-02-24 15:00:00,387.0,206.16895
2201-02-24 16:00:00,386.0,222.80249
2201-02-24 17:00:00,385.0,92.822754
2201-02-24 18:00:00,385.0,9.934082
2201-02-24 19:00:00,385.0,36.400146
2201-02-24 20:00:00,385.0,-63.3208
2201-02-24 21:00:00,386.0,-64.809326
2201-02-24 22:00:00,386.0,-107.34766
2201-02-24 23:00:00,385.0,-190.08105
2201-02-25 00:00:00,387.0,-295.20483
2201-02-25 01:00:00,385.0,-315.09326
2201-02-25 02:00:00,385.0,-383.0891
2201-02-25 03:00:00,385.0,-279.02295
2201-02-25 04:00:00,385.0,-358.63086
2201-02-25 05:00:00,385.0,-382.21655
2201-02-25 06:00:00,385.0,-306.5686
2201-02-25 07:00:00,385.0,-421.31152
2201-02-25 08:00:00,385.0,-342.74023
2201-02-25 09:00:00,386.0,-282.25293
2201-02-25 10:00:00,387.0,-316.56714
2201-02-25 11:00:00,387.0,-350.54272
2201-02-25 12:00:00,387.0,179.0625
2201-02-25 13:00:00,386.0,-139.6543
2201-02-25 14:00:00,385.0,-149.96143
2201-02-25 15:00:00,385.0,-195.81519
2201-02-25 16:00:00,385.0,-257.00977
2201-02-25 17:00:00,385.0,-298.3081
2201-02-25 18:00:00,385.0,-282.3423
2201-02-25 19:00:00,385.0,-152.24023
2201-02-25 20:00:00,385.0,-172.93091
2201-02-25 21:00:00,385.0,-83.45825
2201-02-25 22:00:00,385.0,-105.05005
2201-02-25 23:00:00,385.0,-5.5341797
2201-02-26 00:00:00,385.0,-233.84766
2201-02-26 01:00:00,385.0,-225.18823
2201-02-26 02:00:00,385.0,-235.98486
2201-02-26 03:00:00,385.0,-331.91455
2201-02-26 04:00:00,385.0,-385.09326
2201-02-26 05:00:00,382.0,-406.54053
2201-02-26 06:00:00,382.0,-381.6775
2201-02-26 07:00:00,382.0,-362.1101
2201-02-26 08:00:00,382.0,-445.17603
2201-02-26 09:00:00,379.0,-325.63208
2201-02-26 10:00:00,379.0,-391.8069
2201-02-26 11:00:00,379.0,-52.39673
2201-02-26 12:00:00,377.0,92.177
2201-02-26 13:00:00,377.0,-25.158447
2201-02-26 14:00:00,375.0,360.56567
2201-02-26 15:00:00,373.0,36.197998
2201-02-26 16:00:00,372.0,63.531006
2201-02-26 17:00:00,371.0,-98.5188
2201-02-26 18:00:00,369.0,-18.589111
2201-02-26 19:00:00,369.0,-188.99878
2201-02-26 20:00:00,369.0,-259.47925
2201-02-26 21:00:00,367.0,-265.58887
2201-02-26 22:00:00,366.0,-279.3523
2201-02-26 23:00:00,366.0,-415.90796
2201-02-27 00:00:00,366.0,-33.093994
2201-02-27 01:00:00,366.0,-801.75854
2201-02-27 02:00:00,366.0,-776.7578
2201-02-27 03:00:00,368.0,-295.9297
2201-02-27 04:00:00,374.0,-1370.8857
2201-02-27 05:00:00,387.0,-922.1914
2201-02-27 06:00:00,398.0,388.33057
2201-02-27 07:00:00,404.0,867.74695
2201-02-27 08:00:00,406.0,827.13416
2201-02-27 09:00:00,407.0,864.1787
2201-02-27 10:00:00,415.0,1168.2294
2201-02-27 11:00:00,429.0,1090.0792
2201-02-27 12:00:00,455.99988,1006.36206
2201-02-27 13:00:00,505.0,896.9219
2201-02-27 14:00:00,547.0,752.33215
2201-02-27 15:00:00,566.0,701.50696
2201-02-27 16:00:00,566.0,816.677
2201-02-27 17:00:00,552.0001,565.0298
2201-02-27 18:00:00,534.9999,521.8386
2201-02-27 19:00:00,518.0,379.8235
2201-02-27 20:00:00,503.0,295.91797
2201-02-27 21:00:00,495.0,248.35278
2201-02-27 22:00:00,487.0,220.4021
2201-02-27 23:00:00,482.0,231.5354
2201-02-28 00:00:00,480.00012,71.83179
2201-02-28 01:00:00,478.0,112.40381
2201-02-28 02:00:00,478.0,111.81128
2201-02-28 03:00:00,477.0,218.9148
2201-02-28 04:00:00,475.99988,212.8772
2201-02-28 05:00:00,475.0,250.91235
2201-02-28 06:00:00,473.00012,309.78125
2201-02-28 07:00:00,470.00012,345.05957
2201-02-28 08:00:00,465.99988,328.00195
2201-02-28 09:00:00,462.99988,277.86035
2201-02-28 10:00:00,460.00012,252.93604
2201-02-28 11:00:00,458.0,451.08862
2201-02-28 12:00:00,457.00012,491.4038
2201-02-28 13:00:00,455.0,419.1577
2201-02-28 14:00:00,454.0,263.86353
2201-02-28 15:00:00,454.0,-151.87842
2201-02-28 16:00:00,451.0,-176.52881
2201-02-28 17:00:00,454.0,-237.20752
2201-02-28 18:00:00,454.0,-366.896
2201-02-28 19:00:00,455.0,-221.08862
2201-02-28 20:00:00,457.00012,-281.22363
2201-02-28 21:00:00,458.0,-231.33472
2201-02-28 22:00:00,459.0,-242.69287
2201-02-28 23:00:00,459.0,-334.65112
2201-03-01 00:00:00,459.0,-425.26318
2201-03-01 01:00:00,457.00012,-407.2871
2201-03-01 02:00:00,455.99988,-198.05469
2201-03-01 03:00:00,455.0,-149.83887
2201-03-01 04:00:00,454.0,-190.74585
2201-03-01 05:00:00,451.0,-109.60596
2201-03-01 06:00:00,450.0,-144.76855
2201-03-01 07:00:00,448.0,-139.198
2201-03-01 08:00:00,445.0,-22.887451
2201-03-01 09:00:00,443.0,-147.35083
2201-03-01 10:00:00,441.0,-282.21777
2201-03-01 11:00:00,440.0,-79.69409
2201-03-01 12:00:00,437.0,-162.53711
2201-03-01 13:00:00,435.0,-357.3606
2201-03-01 14:00:00,433.0,-378.69702
2201-03-01 15:00:00,432.0,-866.03564
2201-03-01 16:00:00,430.0,-862.2119
2201-03-01 17:00:00,429.0,-840.82544
2201-03-01 18:00:00,427.0,-659.7893
2201-03-01 19:00:00,427.0,-644.89966
2201-03-01 20:00:00,427.0,-745.53076
2201-03-01 21:00:00,425.0,-564.5525
2201-03-01 22:00:00,424.0,-464.84912
2201-03-01 23:00:00,423.0,-522.5571
2201-03-02 00:00:00,422.0,-366.74268
2201-03-02 01:00:00,421.0,-334.24487
2201-03-02 02:00:00,418.0,-332.4922
2201-03-02 03:00:00,416.0,-328.0559
2201-03-02 04:00:00,415.0,-170.01343
2201-03-02 05:00:00,414.0,-230.75684
2201-03-02 06:00:00,413.0,-118.34619
2201-03-02 07:00:00,411.0,-104.12842
2201-03-02 08:00:00,411.0,55.60742
2201-03-02 09:00:00,409.0,-120.06494
2201-03-02 10:00:00,408.0,-190.79175
2201-03-02 11:00:00,408.0,-314.49707
2201-03-02 12:00:00,408.0,-378.4402
2201-03-02 13:00:00,406.0,-653.4834
2201-03-02 14:00:00,406.0,-782.8098
2201-03-02 15:00:00,405.0,-871.5242
2201-03-02 16:00:00,404.0,-836.52075
2201-03-02 17:00:00,403.0,-813.21484
2201-03-02 18:00:00,403.0,-715.3777
2201-03-02 19:00:00,403.0,-721.6067
2201-03-02 20:00:00,403.0,-626.98267
2201-03-02 21:00:00,403.0,-519.47534
2201-03-02 22:00:00,403.0,-366.89673
2201-03-02 23:00:00,401.0,-384.08325
2201-03-03 00:00:00,400.0,-359.98022
2201-03-03 01:00:00,400.0,-235.82227
2201-03-03 02:00:00,400.0,-234.2688
2201-03-03 03:00:00,400.0,-198.99512
2201-03-03 04:00:00,399.0,-169.33252
2201-03-03 05:00:00,398.0,-132.05396
2201-03-03 06:00:00,398.0,9.954102
2201-03-03 07:00:00,398.0,-75.563965
2201-03-03 08:00:00,398.0,-65.23291
2201-03-03 09:00:00,396.0,-44.368896
2201-03-03 10:00:00,395.0,-149.81177
2201-03-03 11:00:00,395.0,184.32495
2201-03-03 12:00:00,395.0,51.525635
2201-03-03 13:00:00,395.0,78.91211
2201-03-03 14:00:00,393.0,144.89404
2201-03-03 15:00:00,393.0,-272.62305
2201-03-03 16:00:00,393.0,-235.14429
2201-03-03 17:00:00,393.0,-258.32983
2201-03-03 18:00:00,393.0,-221.96533
2201-03-03 19:00:00,393.0,-318.4641
2201-03-03 20:00:00,393.0,-163.6477
2201-03-03 21:00:00,393.0,-183.1167
2201-03-03 22:00:00,393.0,-65.552734
2201-03-03 23:00:00,393.0,-96.07324
2201-03-04 00:00:00,393.0,-263.02197
2201-03-04 01:00:00,393.0,-155.78638
2201-03-04 02:00:00,393.0,-106.90869
2201-03-04 03:00:00,392.0,-23.40039
2201-03-04 04:00:00,390.0,-106.41797
2201-03-04 05:00:00,392.0,42.70752
2201-03-04 06:00:00,390.0,-45.184326
2201-03-04 07:00:00,390.0,-82.218506
2201-03-04 08:00:00,390.0,89.776855
2201-03-04 09:00:00,388.0,-157.14014
2201-03-04 10:00:00,387.0,-264.81543
2201-03-04 11:00:00,387.0,-223.43286
2201-03-04 12:00:00,387.0,-91.12012
2201-03-04 13:00:00,387.0,-40.41162
2201-03-04 14:00:00,385.0,116.39502
2201-03-04 15:00:00,385.0,-198.63013
2201-03-04 16:00:00,385.0,-412.25317
2201-03-04 17:00:00,385.0,-462.78418
2201-03-04 18:00:00,385.0,-716.59033
2201-03-04 19:00:00,382.0,-642.2744
2201-03-04 20:00:00,382.0,-531.4263
2201-03-04 21:00:00,382.0,-499.27246
2201-03-04 22:00:00,383.0,-473.31885
2201-03-04 23:00:00,383.0,-465.7434
2201-03-05 00:00:00,382.0,-268.57056
2201-03-05 01:00:00,382.0,-197.4397
2201-03-05 02:00:00,382.0,-158.87769
2201-03-05 03:00:00,382.0,-285.98462
2201-03-05 04:00:00,382.0,-296.7373
2201-03-05 05:00:00,382.0,-339.0149
2201-03-05 06:00:00,381.0,-189.90771
2201-03-05 07:00:00,380.0,-211.76611
2201-03-05 08:00:00,379.0,-269.08472
2201-03-05 09:00:00,379.0,-321.8379
2201-03-05 10:00:00,379.0,-666.09326
2201-03-05 11:00:00,379.0,-432.67993
2201-03-05 12:00:00,379.0,-569.3115
2201-03-05 13:00:00,379.0,-490.46973
2201-03-05 14:00:00,378.0,-418.8557
2201-03-05 15:00:00,377.0,-940.4011
2201-03-05 16:00:00,377.0,-765.70605
2201-03-05 17:00:00,377.0,-825.9187
2201-03-05 18:00:00,377.0,-778.8513
2201-03-05 19:00:00,377.0,-898.11206
2201-03-05 20:00:00,377.0,-852.7366
2201-03-05 21:00:00,378.0,-706.022
2201-03-05 22:00:00,379.0,-742.8491
2201-03-05 23:00:00,377.0,-735.9287
2201-03-06 00:00:00,377.0,-857.10547
2201-03-06 01:00:00,377.0,-775.2219
2201-03-06 02:00:00,377.0,-749.8247
2201-03-06 03:00:00,375.0,-796.1206
2201-03-06 04:00:00,374.0,-788.5845
2201-03-06 05:00:00,374.0,-771.396
2201-03-06 06:00:00,374.0,-785.93994
2201-03-06 07:00:00,374.0,-639.8247
2201-03-06 08:00:00,374.0,-541.9026
2201-03-06 09:00:00,372.0,-561.1211
2201-03-06 10:00:00,373.0,-717.71436
2201-03-06 11:00:00,372.0,-260.14624
2201-03-06 12:00:00,372.0,-749.7295
2201-03-06 13:00:00,372.0,-853.17554
2201-03-06 14:00:00,372.0,-902.9541
2201-03-06 15:00:00,372.0,-966.84546
2201-03-06 16:00:00,372.0,-873.4099
2201-03-06 17:00:00,370.0,-786.6904
2201-03-06 18:00:00,369.0,-717.3196
2201-03-06 19:00:00,369.0,-771.4507
2201-03-06 20:00:00,370.0,-732.9724
2201-03-06 21:00:00,369.0,-709.3308
2201-03-06 22:00:00,369.0,-755.9729
2201-03-06 23:00:00,369.0,-682.7012
2201-03-07 00:00:00,369.0,-684.02246
2201-03-07 01:00:00,369.0,-537.5735
2201-03-07 02:00:00,369.0,-481.60132
2201-03-07 03:00:00,369.0,-518.2146
2201-03-07 04:00:00,370.0,-352.24536
2201-03-07 05:00:00,369.0,-222.48975
2201-03-07 06:00:00,369.0,-144.81274
2201-03-07 07:00:00,369.0,-31.476807
2201-03-07 08:00:00,369.0,-77.708496
2201-03-07 09:00:00,369.0,-89.03784
2201-03-07 10:00:00,369.0,91.29321
2201-03-07 11:00:00,369.0,54.698975
2201-03-07 12:00:00,369.0,14.379883
2201-03-07 13:00:00,367.0,-106.1814
2201-03-07 14:00:00,366.0,-14.812744
2201-03-07 15:00:00,366.0,-9.471924
2201-03-07 16:00:00,366.0,-328.8872
2201-03-07 17:00:00,366.0,-278.2207
2201-03-07 18:00:00,366.0,-450.94678
2201-03-07 19:00:00,366.0,-412.90015
2201-03-07 20:00:00,366.0,-385.79102
2201-03-07 21:00:00,366.0,-408.76147
2201-03-07 22:00:00,366.0,-410.89038
2201-03-07 23:00:00,366.0,-416.09888
2201-03-08 00:00:00,366.0,-499.31177
2201-03-08 01:00:00,365.0,-492.0171
2201-03-08 02:00:00,364.0,-314.39746
2201-03-08 03:00:00,364.0,-433.65674
2201-03-08 04:00:00,364.0,-377.91333
2201-03-08 05:00:00,364.0,-382.89893
2201-03-08 06:00:00,364.0,-334.97266
2201-03-08 07:00:00,364.0,-345.07373
2201-03-08 08:00:00,364.0,-280.02173
2201-03-08 09:00:00,362.0,-372.13403
2201-03-08 10:00:00,361.0,-433.7832
2201-03-08 11:00:00,361.0,-422.87476
2201-03-08 12:00:00,361.0,-595.36743
2201-03-08 13:00:00,361.0,-214.50562
2201-03-08 14:00:00,361.0,-39.272217
2201-03-08 15:00:00,363.0,-40.739746
2201-03-08 16:00:00,366.0,-1152.7864
2201-03-08 17:00:00,369.0,-898.4656
2201-03-08 18:00:00,374.0,-1296.7539
2201-03-08 19:00:00,378.0,-946.2683
2201-03-08 20:00:00,388.0,53.257324
2201-03-08 21:00:00,407.0,273.09424
2201-03-08 22:00:00,437.0,79.01538
2201-03-08 23:00:00,478.99988,-31.518066
2201-03-09 00:00:00,550.0,438.40112
2201-03-09 01:00:00,681.9999,1030.1873
2201-03-09 02:00:00,984.0,2109.2153
2201-03-09 03:00:00,1509.0,2474.3303
2201-03-09 04:00:00,2048.0,2436.241
2201-03-09 05:00:00,2407.0,2383.1892
2201-03-09 06:00:00,2688.0,2341.9565
2201-03-09 07:00:00,3012.0,2156.6921
2201-03-09 08:00:00,3419.0,1978.336
2201-03-09 09:00:00,3802.0,1853.4829
2201-03-09 10:00:00,4044.0,1750.1934
2201-03-09 11:00:00,4240.0,1700.865
2201-03-09 12:00:00,4215.0,1859.6644
2201-03-09 13:00:00,4248.0,1833.2542
2201-03-09 14:00:00,4447.0,1617.971
2201-03-09 15:00:00,4693.0,1604.3309
2201-03-09 16:00:00,4865.0,1455.0181
2201-03-09 17:00:00,4884.0,1591.1936
2201-03-09 18:00:00,4776.0,1633.7698
2201-03-09 19:00:00,4569.0,1879.2205
2201-03-09 20:00:00,4314.0,2403.299
2201-03-09 21:00:00,4032.0,2274.6462
2201-03-09 22:00:00,3780.0,2249.8455
2201-03-09 23:00:00,3565.0,1536.615
2201-03-10 00:00:00,3442.0,1463.4569
2201-03-10 01:00:00,3496.0,940.88586
2201-03-10 02:00:00,3823.0,1619.2078
2201-03-10 03:00:00,4406.0,2394.4094
2201-03-10 04:00:00,5159.0,2831.895
2201-03-10 05:00:00,5944.0,4163.9336
2201-03-10 06:00:00,6720.0,5610.759
2201-03-10 07:00:00,7597.0,7392.0996
2201-03-10 08:00:00,8511.0,8171.2373
2201-03-10 09:00:00,9391.0,9368.767
2201-03-10 10:00:00,10305.0,10243.614
2201-03-10 11:00:00,11188.0,11212.51
2201-03-10 12:00:00,12181.0,12717.075
2201-03-10 13:00:00,13168.0,13462.792
2201-03-10 14:00:00,14074.0,13686.32
2201-03-10 15:00:00,14925.0,14408.872
2201-03-10 16:00:00,15612.0,15190.217
2201-03-10 17:00:00,16168.001,15379.695
2201-03-10 18:00:00,16572.0,15350.241
2201-03-10 19:00:00,16769.0,15388.236
2201-03-10 20:00:00,16836.0,15692.238
2201-03-10 21:00:00,16800.998,16080.176
2201-03-10 22:00:00,16665.0,16403.375
2201-03-10 23:00:00,16522.0,16860.39
2201-03-11 00:00:00,16324.001,17184.686
2201-03-11 01:00:00,16098.0,17235.277
2201-03-11 02:00:00,15877.0,17299.193
2201-03-11 03:00:00,15664.0,17240.555
2201-03-11 04:00:00,15440.0,17030.588
2201-03-11 05:00:00,15219.0,16706.25
2201-03-11 06:00:00,14937.0,16538.41
2201-03-11 07:00:00,14614.0,16266.948
2201-03-11 08:00:00,14199.0,15948.707
2201-03-11 09:00:00,13699.0,15758.514
2201-03-11 10:00:00,13055.0,15653.603
2201-03-11 11:00:00,12352.0,15365.369
2201-03-11 12:00:00,11569.0,15022.996
2201-03-11 13:00:00,10813.0,14783.053
2201-03-11 14:00:00,10095.0,14903.38
2201-03-11 15:00:00,9445.0,14146.919
2201-03-11 16:00:00,8845.0,13513.936
2201-03-11 17:00:00,8320.0,12953.947
2201-03-11 18:00:00,7846.0,12561.408
2201-03-11 19:00:00,7437.0,12201.891
2201-03-11 20:00:00,7073.0,11803.936
2201-03-11 21:00:00,6770.0,11459.063
2201-03-11 22:00:00,6506.0,11098.088
2201-03-11 23:00:00,6264.0,10744.95
2201-03-12 00:00:00,6061.0,10375.689
2201-03-12 01:00:00,5854.0,9977.103
2201-03-12 02:00:00,5663.0,9668.015
2201-03-12 03:00:00,5499.0,9335.635
2201-03-12 04:00:00,5344.0,9026.32
2201-03-12 05:00:00,5194.0,8700.333
2201-03-12 06:00:00,5057.0,8470.352
2201-03-12 07:00:00,4931.0,8310.12
2201-03-12 08:00:00,4801.0,8088.7383
2201-03-12 09:00:00,4677.0,7955.1514
2201-03-12 10:00:00,4560.0,7778.117
2201-03-12 11:00:00,4454.0,7645.25
2201-03-12 12:00:00,4339.0,7714.6113
2201-03-12 13:00:00,4238.0,7563.006
2201-03-12 14:00:00,4135.0,7458.7305
2201-03-12 15:00:00,4038.0,6931.832
2201-03-12 16:00:00,3948.0,6684.7812
2201-03-12 17:00:00,3865.0,6538.5
2201-03-12 18:00:00,3787.0,6375.016
2201-03-12 19:00:00,3697.0,6190.1406
2201-03-12 20:00:00,3629.0,5905.532
2201-03-12 21:00:00,3551.0,5714.0024
2201-03-12 22:00:00,3480.0,5588.545
2201-03-12 23:00:00,3405.0,5457.161
2201-03-13 00:00:00,3340.0,5353.163
2201-03-13 01:00:00,3279.0,5285.835
2201-03-13 02:00:00,3223.0,5151.5693
2201-03-13 03:00:00,3167.0,5132.338
2201-03-13 04:00:00,3108.0,4968.5312
2201-03-13 05:00:00,3057.0,4848.8545
2201-03-13 06:00:00,2987.0,4778.3994
2201-03-13 07:00:00,2940.0,4614.6113
2201-03-13 08:00:00,2886.0,4517.9707
2201-03-13 09:00:00,2829.0,4461.17
2201-03-13 10:00:00,2785.0,4357.728
2201-03-13 11:00:00,2734.0,4262.848
2201-03-13 12:00:00,2697.0,4297.3833
2201-03-13 13:00:00,2657.0,4324.1597
2201-03-13 14:00:00,2615.0,4281.04
2201-03-13 15:00:00,2573.0,4018.9019
2201-03-13 16:00:00,2534.0,3873.9072
2201-03-13 17:00:00,2487.0,3842.5615
2201-03-13 18:00:00,2454.0,3667.7961
2201-03-13 19:00:00,2417.0,3507.661
2201-03-13 20:00:00,2380.0,3348.2786
2201-03-13 21:00:00,2350.0,3239.0308
2201-03-13 22:00:00,2314.0,3090.351
2201-03-13 23:00:00,2286.0,2951.54
2201-03-14 00:00:00,2248.0,3072.7268
2201-03-14 01:00:00,2216.0,2966.1516
2201-03-14 02:00:00,2195.0,2882.8987
2201-03-14 03:00:00,2163.0,2737.5967
2201-03-14 04:00:00,2133.0,2658.3242
2201-03-14 05:00:00,2110.0,2545.4946
2201-03-14 06:00:00,2082.0,2449.888
2201-03-14 07:00:00,2057.0,2440.9163
2201-03-14 08:00:00,2035.0,2374.0671
2201-03-14 09:00:00,2012.0,2296.0127
2201-03-14 10:00:00,1994.0,2219.8657
2201-03-14 11:00:00,1966.0,2325.8828
2201-03-14 12:00:00,1939.0,2865.7969
2201-03-14 13:00:00,1914.0,3123.7395
2201-03-14 14:00:00,1900.0,3176.012
2201-03-14 15:00:00,1879.0,2878.0251
2201-03-14 16:00:00,1851.0,2484.6445
2201-03-14 17:00:00,1834.0,2430.1514
2201-03-14 18:00:00,1815.0,2274.0295
2201-03-14 19:00:00,1789.0,2181.0308
2201-03-14 20:00:00,1773.0,2019.8533
2201-03-14 21:00:00,1748.0,1892.235
2201-03-14 22:00:00,1732.0,1782.7715
2201-03-14 23:00:00,1711.0,1688.6152
2201-03-15 00:00:00,1700.0,1402.9803
2201-03-15 01:00:00,1681.0,1299.2739
2201-03-15 02:00:00,1659.0,1249.1638
2201-03-15 03:00:00,1644.0,1190.0386
2201-03-15 04:00:00,1625.0,1063.478
2201-03-15 05:00:00,1610.0,1027.5348
2201-03-15 06:00:00,1595.0,1002.44995
2201-03-15 07:00:00,1584.0,973.12256
2201-03-15 08:00:00,1565.0,1022.18335
2201-03-15 09:00:00,1550.0,1046.0778
2201-03-15 10:00:00,1532.0,1002.3773
2201-03-15 11:00:00,1522.0,1134.4741
2201-03-15 12:00:00,1515.0,1079.7028
2201-03-15 13:00:00,1512.0,1060.8245
2201-03-15 14:00:00,1502.0,1012.286
2201-03-15 15:00:00,1476.0,924.3052
2201-03-15 16:00:00,1462.0,842.68604
2201-03-15 17:00:00,1446.0,715.2517
2201-03-15 18:00:00,1432.0,659.8633
2201-03-15 19:00:00,1410.0,676.58496
2201-03-15 20:00:00,1400.0,522.5985
2201-03-15 21:00:00,1387.0,504.28845
2201-03-15 22:00:00,1374.0,478.49048
2201-03-15 23:00:00,1359.0,457.93152
2201-03-16 00:00:00,1352.0,536.301
2201-03-16 01:00:00,1335.0,490.6631
2201-03-16 02:00:00,1327.0,494.6278
2201-03-16 03:00:00,1312.0,493.88123
2201-03-16 04:00:00,1301.0,487.8595
2201-03-16 05:00:00,1290.0,528.5836
2201-03-16 06:00:00,1281.0,597.5747
2201-03-16 07:00:00,1270.0,554.0482
2201-03-16 08:00:00,1258.0,555.8688
2201-03-16 09:00:00,1246.0,564.9845
2201-03-16 10:00:00,1242.0,609.5382
2201-03-16 11:00:00,1236.0,754.0436
2201-03-16 12:00:00,1230.0,740.7572
2201-03-16 13:00:00,1219.0,754.3589
2201-03-16 14:00:00,1215.0,793.4136
2201-03-16 15:00:00,1197.0,679.6116
2201-03-16 16:00:00,1183.0,601.7561
2201-03-16 17:00:00,1175.0,605.7827
2201-03-16 18:00:00,1167.0,545.4601
2201-03-16 19:00:00,1156.0,531.2908
2201-03-16 20:00:00,1147.0,534.1255
2201-03-16 21:00:00,1144.0,557.7982
2201-03-16 22:00:00,1134.0,609.60754
2201-03-16 23:00:00,1124.0,619.4214
2201-03-17 00:00:00,1117.0,856.69775
2201-03-17 01:00:00,1111.0,901.28955
2201-03-17 02:00:00,1103.0,963.7671
2201-03-17 03:00:00,1096.0,991.0614
2201-03-17 04:00:00,1087.0,1047.8395
2201-03-17 05:00:00,1082.0,1009.621
2201-03-17 06:00:00,1073.0,1045.3501
2201-03-17 07:00:00,1068.0,1059.4231
2201-03-17 08:00:00,1062.0,1082.7981
2201-03-17 09:00:00,1055.0,1079.4344
2201-03-17 10:00:00,1048.0,1067.455
2201-03-17 11:00:00,1038.0,1272.1543
2201-03-17 12:00:00,1035.0,1170.9266
2201-03-17 13:00:00,1030.0,1117.1602
2201-03-17 14:00:00,1025.0,1026.8625
2201-03-17 15:00:00,1019.0,935.2367
2201-03-17 16:00:00,1016.0,852.50903
2201-03-17 17:00:00,1012.0,811.97986
2201-03-17 18:00:00,1007.0,876.3528
2201-03-17 19:00:00,1004.0,909.38293
2201-03-17 20:00:00,1001.0,973.57385
2201-03-17 21:00:00,995.0,1026.234
2201-03-17 22:00:00,994.0,1066.4757
2201-03-17 23:00:00,988.0,1112.5818
2201-03-18 00:00:00,983.0,1056.1891
2201-03-18 01:00:00,975.0,1034.1683
2201-03-18 02:00:00,969.0,1046.8998
2201-03-18 03:00:00,961.0,1086.3236
2201-03-18 04:00:00,957.0,1096.8574
2201-03-18 05:00:00,953.0,1099.4191
2201-03-18 06:00:00,946.0,1113.0599
2201-03-18 07:00:00,939.0,1108.8359
2201-03-18 08:00:00,935.0,1104.5139
2201-03-18 09:00:00,927.0,1103.5262
2201-03-18 10:00:00,924.0,1164.0771
2201-03-18 11:00:00,918.0,1368.9141
2201-03-18 12:00:00,914.0,1325.593
2201-03-18 13:00:00,910.0,1238.9636
2201-03-18 14:00:00,905.0,1153.6051
2201-03-18 15:00:00,899.0,986.20996
2201-03-18 16:00:00,893.0,902.08704
2201-03-18 17:00:00,889.0,939.85095
2201-03-18 18:00:00,884.0,938.5419
2201-03-18 19:00:00,882.0,969.9907
2201-03-18 20:00:00,879.0,1047.307
2201-03-18 21:00:00,873.0,1118.426
2201-03-18 22:00:00,871.0,1156.0217
2201-03-18 23:00:00,866.0,1151.3997
2201-03-19 00:00:00,860.0,1215.5183
2201-03-19 01:00:00,855.0,1215.3589
2201-03-19 02:00:00,852.0,1259.9546
2201-03-19 03:00:00,849.0,1250.8127
2201-03-19 04:00:00,843.0,1245.9199
2201-03-19 05:00:00,840.0,1237.9365
2201-03-19 06:00:00,831.9999,1232.9783
2201-03-19 07:00:00,831.0,1227.818
2201-03-19 08:00:00,828.0,1206.8657
2201-03-19 09:00:00,824.0,1210.4073
2201-03-19 10:00:00,820.0001,1239.937
2201-03-19 11:00:00,817.0,1421.4056
2201-03-19 12:00:00,813.0001,1334.8647
2201-03-19 13:00:00,810.0001,1231.059
2201-03-19 14:00:00,808.0,1112.6864
2201-03-19 15:00:00,805.9999,847.9276
2201-03-19 16:00:00,800.0001,842.2916
2201-03-19 17:00:00,799.0,830.0072
2201-03-19 18:00:00,795.0,884.80225
2201-03-19 19:00:00,791.0,969.02856
2201-03-19 20:00:00,788.0,993.3329
2201-03-19 21:00:00,787.0001,1021.80444
2201-03-19 22:00:00,782.9999,1043.8385
2201-03-19 23:00:00,781.0,1119.3893
2201-03-20 00:00:00,778.0,1080.403
2201-03-20 01:00:00,774.0001,1142.454
2201-03-20 02:00:00,771.0001,1149.1409
2201-03-20 03:00:00,766.9999,1159.5471
2201-03-20 04:00:00,765.0,1164.6539
2201-03-20 05:00:00,764.0001,1169.6432
2201-03-20 06:00:00,759.0,1174.1902
2201-03-20 07:00:00,758.0,1175.3497
2201-03-20 08:00:00,753.9999,1173.4587
2201-03-20 09:00:00,753.0,1215.1792
2201-03-20 10:00:00,748.0001,1152.9624
2201-03-20 11:00:00,746.0,1142.2057
2201-03-20 12:00:00,743.0,1089.109
2201-03-20 13:00:00,741.0001,1031.7605
2201-03-20 14:00:00,738.0001,906.0785
2201-03-20 15:00:00,733.9999,710.4686
2201-03-20 16:00:00,732.0,690.8623
2201-03-20 17:00:00,730.9999,741.3966
2201-03-20 18:00:00,727.0,733.3778
2201-03-20 19:00:00,724.0,785.2257
2201-03-20 20:00:00,722.0,802.4481
2201-03-20 21:00:00,720.9999,890.39294
2201-03-20 22:00:00,719.0,939.70435
2201-03-20 23:00:00,717.9999,965.6052
2201-03-21 00:00:00,715.0001,969.683
2201-03-21 01:00:00,714.0,990.0065
2201-03-21 02:00:00,710.9999,1013.9148
2201-03-21 03:00:00,709.0,1041.7798
2201-03-21 04:00:00,707.0,1057.3417
2201-03-21 05:00:00,704.9999,1060.9663
2201-03-21 06:00:00,704.0,1070.7218
2201-03-21 07:00:00,702.0001,1082.9319
2201-03-21 08:00:00,701.0,1076.3741
2201-03-21 09:00:00,697.9999,1092.8141
2201-03-21 10:00:00,696.0,1145.3503
2201-03-21 11:00:00,694.9999,1374.4586
2201-03-21 12:00:00,694.0,1461.5742
2201-03-21 13:00:00,692.0001,1564.0042
2201-03-21 14:00:00,691.0,1507.2964
2201-03-21 15:00:00,690.0,1418.7167
2201-03-21 16:00:00,686.0001,1192.7566
2201-03-21 17:00:00,684.0,1200.3231
2201-03-21 18:00:00,683.0,1251.9714
2201-03-21 19:00:00,681.9999,1200.262
2201-03-21 20:00:00,681.0,1208.7577
2201-03-21 21:00:00,680.0,1234.4102
2201-03-21 22:00:00,680.0,1254.4338
2201-03-21 23:00:00,678.0,1243.7573
2201-03-22 00:00:00,678.0,1212.5789
2201-03-22 01:00:00,674.9999,1223.0586
2201-03-22 02:00:00,674.0,1212.2603
2201-03-22 03:00:00,671.9999,1211.3136
2201-03-22 04:00:00,671.0,1209.5792
2201-03-22 05:00:00,668.9999,1188.9484
2201-03-22 06:00:00,668.0,1187.1427
2201-03-22 07:00:00,667.0,1181.4752
2201-03-22 08:00:00,665.0,1174.9421
2201-03-22 09:00:00,663.0001,1172.4431
2201-03-22 10:00:00,663.0001,1282.7235
2201-03-22 11:00:00,661.0,1526.8802
2201-03-22 12:00:00,660.0,1640.3794
2201-03-22 13:00:00,658.0,1842.111
2201-03-22 14:00:00,657.0,1884.7346
2201-03-22 15:00:00,656.0001,1722.998
2201-03-22 16:00:00,655.0,1593.273
2201-03-22 17:00:00,653.0001,1527.258
2201-03-22 18:00:00,653.0001,1527.4019
2201-03-22 19:00:00,651.0,1508.4001
2201-03-22 20:00:00,650.0001,1526.0398
2201-03-22 21:00:00,648.0,1480.613
2201-03-22 22:00:00,647.0,1448.2006
2201-03-22 23:00:00,645.0,1438.4126
2201-03-23 00:00:00,645.0,1436.7471
2201-03-23 01:00:00,644.0,1396.7511
2201-03-23 02:00:00,644.0,1378.2657
2201-03-23 03:00:00,642.0,1396.999
2201-03-23 04:00:00,642.0,1384.4747
2201-03-23 05:00:00,640.0001,1403.1741
2201-03-23 06:00:00,639.0,1381.6522
2201-03-23 07:00:00,639.0,1339.1957
2201-03-23 08:00:00,639.0,1326.7449
2201-03-23 09:00:00,638.0,1310.4786
2201-03-23 10:00:00,635.9999,1320.0435
2201-03-23 11:00:00,635.9999,1359.2706
2201-03-23 12:00:00,632.9999,1306.5706
2201-03-23 13:00:00,632.0,1134.873
2201-03-23 14:00:00,631.0,968.9332
2201-03-23 15:00:00,630.0001,542.67896
2201-03-23 16:00:00,629.0,489.26843
2201-03-23 17:00:00,629.0,153.26318
2201-03-23 18:00:00,627.0001,-126.14282
2201-03-23 19:00:00,627.0001,-65.54712
2201-03-23 20:00:00,627.0001,61.15088
2201-03-23 21:00:00,625.9999,174.229
2201-03-23 22:00:00,625.0,236.9231
2201-03-23 23:00:00,622.9999,162.281
2201-03-24 00:00:00,622.0,30.129395
2201-03-24 01:00:00,621.0,-89.86572
2201-03-24 02:00:00,619.0,-156.70142
2201-03-24 03:00:00,618.0,-270.52026
2201-03-24 04:00:00,615.0,-307.50024
2201-03-24 05:00:00,615.0,-284.3103
2201-03-24 06:00:00,612.9999,-219.71436
2201-03-24 07:00:00,612.0,-245.31812
2201-03-24 08:00:00,612.0,-159.32715
2201-03-24 09:00:00,609.9999,-104.37109
2201-03-24 10:00:00,609.9999,-196.54297
2201-03-24 11:00:00,609.0,-30.267578
2201-03-24 12:00:00,607.0001,-41.875244
2201-03-24 13:00:00,607.0001,-12.416504
2201-03-24 14:00:00,606.0,-8.762207
2201-03-24 15:00:00,606.0,-244.34058
2201-03-24 16:00:00,604.0001,-180.14917
2201-03-24 17:00:00,602.0,-145.14209
2201-03-24 18:00:00,602.0,-170.68188
2201-03-24 19:00:00,602.0,-145.44238
2201-03-24 20:00:00,599.9999,-54.448486
2201-03-24 21:00:00,599.0,65.47485
2201-03-24 22:00:00,599.0,88.573975
2201-03-24 23:00:00,599.0,56.956787
2201-03-25 00:00:00,596.9999,73.56958
2201-03-25 01:00:00,595.0,16.493164
2201-03-25 02:00:00,596.0,-61.817627
2201-03-25 03:00:00,593.0,-3.8215332
2201-03-25 04:00:00,593.0,-44.531982
2201-03-25 05:00:00,592.0,-39.31714
2201-03-25 06:00:00,589.9999,-103.6272
2201-03-25 07:00:00,591.0001,-274.2666
2201-03-25 08:00:00,589.9999,-231.65942
2201-03-25 09:00:00,586.9999,-452.71973
2201-03-25 10:00:00,586.9999,-396.60132
2201-03-25 11:00:00,586.9999,-266.39087
2201-03-25 12:00:00,586.0,-243.67285
2201-03-25 13:00:00,585.0,-212.57544
2201-03-25 14:00:00,583.9999,-162.01904
2201-03-25 15:00:00,582.0,27.936523
2201-03-25 16:00:00,581.0001,-97.19385
2201-03-25 17:00:00,580.0,-122.19385
2201-03-25 18:00:00,579.0,-75.16162
2201-03-25 19:00:00,578.0001,-151.18066
2201-03-25 20:00:00,579.0,-158.99585
2201-03-25 21:00:00,579.0,-164.58472
2201-03-25 22:00:00,576.9999,-127.96533
2201-03-25 23:00:00,576.0,-131.69458
2201-03-26 00:00:00,576.0,-47.421387
2201-03-26 01:00:00,573.9999,17.777832
2201-03-26 02:00:00,573.0,24.475342
2201-03-26 03:00:00,570.9999,60.92505
2201-03-26 04:00:00,570.9999,134.5896
2201-03-26 05:00:00,570.9999,164.61548
2201-03-26 06:00:00,570.0,185.60205
2201-03-26 07:00:00,568.0001,202.87915
2201-03-26 08:00:00,568.0001,281.60986
2201-03-26 09:00:00,567.0,358.32715
2201-03-26 10:00:00,565.0001,405.25586
2201-03-26 11:00:00,565.0001,416.1172
2201-03-26 12:00:00,565.0001,321.448
2201-03-26 13:00:00,563.0,223.7207
2201-03-26 14:00:00,562.0,123.548584
2201-03-26 15:00:00,562.0,-128.88428
2201-03-26 16:00:00,560.9999,-111.53491
2201-03-26 17:00:00,559.0,-176.85425
2201-03-26 18:00:00,559.0,-179.24023
2201-03-26 19:00:00,559.0,-151.80322
2201-03-26 20:00:00,559.0,-107.37964
2201-03-26 21:00:00,559.0,-22.879883
2201-03-26 22:00:00,562.0,32.053223
2201-03-26 23:00:00,560.0,102.13257
2201-03-27 00:00:00,560.0,293.78223
2201-03-27 01:00:00,559.0,375.0984
2201-03-27 02:00:00,559.0,405.8047
2201-03-27 03:00:00,558.0001,518.1244
2201-03-27 04:00:00,559.0,557.97546
2201-03-27 05:00:00,556.0,642.2107
2201-03-27 06:00:00,556.0,665.0293
2201-03-27 07:00:00,556.0,718.2987
2201-03-27 08:00:00,554.0,736.71094
2201-03-27 09:00:00,553.0,801.24963
2201-03-27 10:00:00,553.0,1007.5255
2201-03-27 11:00:00,552.0001,1296.2998
2201-03-27 12:00:00,553.0,1456.1562
2201-03-27 13:00:00,550.9999,1632.4564
2201-03-27 14:00:00,549.0,1566.8918
2201-03-27 15:00:00,549.0,1392.9825
2201-03-27 16:00:00,547.9999,1349.9799
2201-03-27 17:00:00,547.9999,1310.9769
2201-03-27 18:00:00,547.0,1361.6111
2201-03-27 19:00:00,546.0,1420.8745
2201-03-27 20:00:00,545.0001,1532.884
2201-03-27 21:00:00,544.0,1590.9597
2201-03-27 22:00:00,545.0001,1661.0317
2201-03-27 23:00:00,544.0,1738.1013
2201-03-28 00:00:00,543.0,1780.0981
2201-03-28 01:00:00,543.0,1885.0212
2201-03-28 02:00:00,542.0001,1981.9509
2201-03-28 03:00:00,542.0001,2149.766
2201-03-28 04:00:00,540.0,2202.6204
2201-03-28 05:00:00,539.0,2287.506
2201-03-28 06:00:00,539.0,2239.1382
2201-03-28 07:00:00,539.0,2066.4277
2201-03-28 08:00:00,539.0,1810.9663
2201-03-28 09:00:00,539.0,1135.0895
2201-03-28 10:00:00,539.0,512.02356
2201-03-28 11:00:00,539.0,312.88232
2201-03-28 12:00:00,543.0,1095.7747
2201-03-28 13:00:00,547.9999,1862.9498
2201-03-28 14:00:00,555.0001,1672.5415
2201-03-28 15:00:00,560.0,1432.5903
2201-03-28 16:00:00,570.9999,1609.9595
2201-03-28 17:00:00,586.0,1820.5845
2201-03-28 18:00:00,609.9999,1651.5115
2201-03-28 19:00:00,658.9999,1423.7478
2201-03-28 20:00:00,773.0,2014.6505
2201-03-28 21:00:00,1000.0,2110.2898
2201-03-28 22:00:00,1366.0,3247.568
2201-03-28 23:00:00,1891.0,3714.3657
2201-03-29 00:00:00,2482.0,4123.1855
2201-03-29 01:00:00,3049.0,4260.1
2201-03-29 02:00:00,3535.0,4429.336
2201-03-29 03:00:00,3999.0,4965.828
2201-03-29 04:00:00,4504.0,6016.8574
2201-03-29 05:00:00,5170.0,6531.9277
2201-03-29 06:00:00,5994.0,6882.968
2201-03-29 07:00:00,6934.0,6818.8896
2201-03-29 08:00:00,8041.0,6699.078
2201-03-29 09:00:00,9145.0,7299.3027
2201-03-29 10:00:00,10271.0,7360.7305
2201-03-29 11:00:00,11412.0,8363.301
2201-03-29 12:00:00,12605.0,8019.2744
2201-03-29 13:00:00,13774.0,9011.795
2201-03-29 14:00:00,14920.0,10084.777
2201-03-29 15:00:00,16010.001,10408.14
2201-03-29 16:00:00,16994.0,10979.888
2201-03-29 17:00:00,17866.0,13518.488
2201-03-29 18:00:00,18600.0,16558.348
2201-03-29 19:00:00,19230.0,19107.844
2201-03-29 20:00:00,19757.0,21276.994
2201-03-29 21:00:00,20233.0,23154.393
2201-03-29 22:00:00,20641.0,24287.67
2201-03-29 23:00:00,21001.0,25015.9
2201-03-30 00:00:00,21300.0,25293.871
2201-03-30 01:00:00,21540.0,25962.049
2201-03-30 02:00:00,21816.0,26617.049
2201-03-30 03:00:00,21912.0,27305.387
2201-03-30 04:00:00,21978.0,27582.242
2201-03-30 05:00:00,21919.0,27766.291
2201-03-30 06:00:00,21816.0,28139.094
2201-03-30 07:00:00,21645.0,28517.46
2201-03-30 08:00:00,21409.0,28877.062
2201-03-30 09:00:00,21049.0,29180.15
2201-03-30 10:00:00,20703.0,29348.8
2201-03-30 11:00:00,20375.0,29495.592
2201-03-30 12:00:00,19979.0,29464.766
2201-03-30 13:00:00,19591.0,29424.834
2201-03-30 14:00:00,19104.0,29389.764
2201-03-30 15:00:00,18682.998,29242.498
2201-03-30 16:00:00,18214.0,29312.605
2201-03-30 17:00:00,17631.0,28954.496
2201-03-30 18:00:00,17122.0,29684.916
2201-03-30 19:00:00,16540.0,29242.006
2201-03-30 20:00:00,15943.001,29121.924
2201-03-30 21:00:00,15403.0,28509.213
2201-03-30 22:00:00,14814.0,28425.361
2201-03-30 23:00:00,14305.0,28086.037
2201-03-31 00:00:00,13878.0,27929.992
2201-03-31 01:00:00,13434.0,27713.549
2201-03-31 02:00:00,13018.0,27789.4
2201-03-31 03:00:00,12662.0,27586.227
2201-03-31 04:00:00,12295.0,27425.098
2201-03-31 05:00:00,11954.0,26942.432
2201-03-31 06:00:00,11646.0,26847.963
2201-03-31 07:00:00,11371.0,26340.924
2201-03-31 08:00:00,11109.0,26054.89
2201-03-31 09:00:00,10868.0,25877.615
2201-03-31 10:00:00,10628.0,25588.4
2201-03-31 11:00:00,10390.999,25805.627
2201-03-31 12:00:00,10144.0,25068.953
2201-03-31 13:00:00,9917.0,25363.205
2201-03-31 14:00:00,9665.0,24887.957
2201-03-31 15:00:00,9417.0,24079.25
2201-03-31 16:00:00,9187.999,23703.121
2201-03-31 17:00:00,8984.0,23105.834
2201-03-31 18:00:00,8770.0,22677.984
2201-03-31 19:00:00,8578.0,23606.5
2201-03-31 20:00:00,8409.0,23796.951
2201-03-31 21:00:00,8321.0,23452.953
2201-03-31 22:00:00,8421.0,23755.316
2201-03-31 23:00:00,8697.0,23277.775
2201-04-01 00:00:00,9030.0,22973.037
2201-04-01 01:00:00,9356.0,22623.334
2201-04-01 02:00:00,9668.0,22242.762
2201-04-01 03:00:00,10009.0,22686.518
2201-04-01 04:00:00,10421.0,23348.736
2201-04-01 05:00:00,10882.0,23343.477
2201-04-01 06:00:00,11333.0,23158.17
2201-04-01 07:00:00,11665.0,22923.107
2201-04-01 08:00:00,11929.0,22889.88
2201-04-01 09:00:00,12152.0,23001.566
2201-04-01 10:00:00,12434.0,23297.951
2201-04-01 11:00:00,12756.0,23543.494
2201-04-01 12:00:00,13080.0,23666.38
2201-04-01 13:00:00,13344.0,24534.145
2201-04-01 14:00:00,13557.0,24044.957
2201-04-01 15:00:00,13669.0,24030.01
2201-04-01 16:00:00,13751.0,24468.426
2201-04-01 17:00:00,13818.0,23578.225
2201-04-01 18:00:00,13955.0,23854.035
2201-04-01 19:00:00,14122.0,23749.309
2201-04-01 20:00:00,14291.0,23167.572
2201-04-01 21:00:00,14484.0,22878.584
2201-04-01 22:00:00,14720.0,22436.186
2201-04-01 23:00:00,14943.0,22394.234
2201-04-02 00:00:00,15188.0,22392.994
2201-04-02 01:00:00,15433.0,22211.018
2201-04-02 02:00:00,15588.0,22037.484
2201-04-02 03:00:00,15676.0,21805.238
2201-04-02 04:00:00,15676.0,21468.395
2201-04-02 05:00:00,15632.0,21495.213
2201-04-02 06:00:00,15433.0,21166.383
2201-04-02 07:00:00,15190.0,20295.32
2201-04-02 08:00:00,14851.0,19895.092
2201-04-02 09:00:00,14497.0,19402.729
2201-04-02 10:00:00,14077.0,18766.209
2201-04-02 11:00:00,13645.0,18606.146
2201-04-02 12:00:00,13230.0,18413.377
2201-04-02 13:00:00,12835.0,17788.54
2201-04-02 14:00:00,12460.0,17487.27
2201-04-02 15:00:00,12071.0,17026.156
2201-04-02 16:00:00,11766.0,16905.635
2201-04-02 17:00:00,11461.0,16592.121
2201-04-02 18:00:00,11230.0,16600.139
2201-04-02 19:00:00,11090.0,16651.895
2201-04-02 20:00:00,11026.0,16777.156
2201-04-02 21:00:00,11052.0,15973.251
2201-04-02 22:00:00,11086.0,15589.56
2201-04-02 23:00:00,11131.0,15538.136
2201-04-03 00:00:00,11230.0,15659.709
2201-04-03 01:00:00,11405.0,15413.66
2201-04-03 02:00:00,11554.0,15685.168
2201-04-03 03:00:00,11713.0,15548.215
2201-04-03 04:00:00,11747.0,15415.6875
2201-04-03 05:00:00,11743.0,15130.608
2201-04-03 06:00:00,11699.0,15089.949
2201-04-03 07:00:00,11624.0,14814.332
2201-04-03 08:00:00,11505.0,14664.051
2201-04-03 09:00:00,11384.0,14575.095
2201-04-03 10:00:00,11251.0,14207.466
2201-04-03 11:00:00,11123.0,13961.955
2201-04-03 12:00:00,11022.0,14125.992
2201-04-03 13:00:00,10940.0,13780.711
2201-04-03 14:00:00,10859.0,13655.114
2201-04-03 15:00:00,10781.0,13482.912
2201-04-03 16:00:00,10718.0,13279.647
2201-04-03 17:00:00,10672.0,13092.401
2201-04-03 18:00:00,10585.999,12948.112
2201-04-03 19:00:00,10479.0,12806.664
2201-04-03 20:00:00,10385.0,12622.738
2201-04-03 21:00:00,10258.999,12311.915
2201-04-03 22:00:00,10109.0,12114.502
2201-04-03 23:00:00,9983.999,11889.829
2201-04-04 00:00:00,9830.0,11989.175
2201-04-04 01:00:00,9692.0,11756.97
2201-04-04 02:00:00,9539.0,12068.854
2201-04-04 03:00:00,9404.0,11955.831
2201-04-04 04:00:00,9277.0,11088.444
2201-04-04 05:00:00,9168.0,10817.167
2201-04-04 06:00:00,9068.0,10605.181
2201-04-04 07:00:00,8989.0,10323.396
2201-04-04 08:00:00,8929.0,10134.968
2201-04-04 09:00:00,8869.0,9873.24
2201-04-04 10:00:00,8822.0,9680.133
2201-04-04 11:00:00,8793.0,9506.412
2201-04-04 12:00:00,8757.0,9326.001
2201-04-04 13:00:00,8731.0,9134.891
2201-04-04 14:00:00,8734.0,8985.911
2201-04-04 15:00:00,8753.0,8817.782
2201-04-04 16:00:00,8742.0,8703.652
2201-04-04 17:00:00,8739.0,8650.016
2201-04-04 18:00:00,8739.0,8421.37
2201-04-04 19:00:00,8732.0,8281.375
2201-04-04 20:00:00,8728.0,8145.3643
2201-04-04 21:00:00,8734.0,8140.368
2201-04-04 22:00:00,8774.0,8129.703
2201-04-04 23:00:00,8836.0,7993.452
2201-04-05 00:00:00,8923.0,7891.709
2201-04-05 01:00:00,9001.0,7735.296
2201-04-05 02:00:00,9105.0,7544.0703
2201-04-05 03:00:00,9232.0,7480.2676
2201-04-05 04:00:00,9353.0,7216.8516
2201-04-05 05:00:00,9462.999,7162.4844
2201-04-05 06:00:00,9552.0,7035.6377
2201-04-05 07:00:00,9630.999,6919.088
2201-04-05 08:00:00,9703.0,6869.5596
2201-04-05 09:00:00,9747.0,6672.1035
2201-04-05 10:00:00,9757.0,6441.355
2201-04-05 11:00:00,9757.0,6595.851
2201-04-05 12:00:00,9728.0,6311.9688
2201-04-05 13:00:00,9689.0,5891.2695
2201-04-05 14:00:00,9621.0,5760.036
2201-04-05 15:00:00,9555.0,5727.2085
2201-04-05 16:00:00,9470.0,5746.6787
2201-04-05 17:00:00,9379.0,5720.9893
2201-04-05 18:00:00,9279.999,5658.583
2201-04-05 19:00:00,9169.0,5615.506
2201-04-05 20:00:00,9032.0,5565.9663
2201-04-05 21:00:00,8908.0,5535.6064
2201-04-05 22:00:00,8793.0,5408.4243
2201-04-05 23:00:00,8654.0,5404.8867
2201-04-06 00:00:00,8536.0,5269.343
2201-04-06 01:00:00,8412.0,5161.4214
2201-04-06 02:00:00,8277.0,5075.2153
2201-04-06 03:00:00,8150.0,5006.5366
2201-04-06 04:00:00,8024.0,4861.5264
2201-04-06 05:00:00,7925.0,4855.117
2201-04-06 06:00:00,7808.0,4781.384
2201-04-06 07:00:00,7701.0,4715.6514
2201-04-06 08:00:00,7583.0,4621.847
2201-04-06 09:00:00,7459.0,4534.379
2201-04-06 10:00:00,7354.0,4443.926
2201-04-06 11:00:00,7248.0,4354.2856
2201-04-06 12:00:00,7137.0,4225.4536
2201-04-06 13:00:00,7029.0,4148.493
2201-04-06 14:00:00,6922.0,4351.5166
2201-04-06 15:00:00,6822.0,3977.6597
2201-04-06 16:00:00,6728.0,3850.6333
2201-04-06 17:00:00,6643.0,3828.7515
2201-04-06 18:00:00,6553.0,3698.2876
2201-04-06 19:00:00,6464.0,3678.332
2201-04-06 20:00:00,6368.0,3650.0945
2201-04-06 21:00:00,6286.0,3559.2593
2201-04-06 22:00:00,6202.0,3555.563
2201-04-06 23:00:00,6117.0,3506.5312
2201-04-07 00:00:00,6033.0,3525.3257
2201-04-07 01:00:00,5955.0,3500.4248
2201-04-07 02:00:00,5869.0,3526.9326
2201-04-07 03:00:00,5803.0,3455.9165
2201-04-07 04:00:00,5727.0,3418.4517
2201-04-07 05:00:00,5649.0,3385.6902
2201-04-07 06:00:00,5569.0,3379.355
2201-04-07 07:00:00,5528.0,3313.096
2201-04-07 08:00:00,5465.0,3379.1506
2201-04-07 09:00:00,5398.0,3322.4558
2201-04-07 10:00:00,5342.0,3233.5625
2201-04-07 11:00:00,5282.0,3256.6235
2201-04-07 12:00:00,5233.0,3143.832
2201-04-07 13:00:00,5180.0,3020.1917
2201-04-07 14:00:00,5120.0,3088.537
2201-04-07 15:00:00,5087.0,2982.5325
2201-04-07 16:00:00,5024.0,2895.5354
2201-04-07 17:00:00,4971.0,2909.7004
2201-04-07 18:00:00,4920.0,2892.4023
2201-04-07 19:00:00,4870.0,2911.384
2201-04-07 20:00:00,4813.0,2826.2917
2201-04-07 21:00:00,4763.0,2876.1426
2201-04-07 22:00:00,4709.0,2775.3774
2201-04-07 23:00:00,4667.0,2861.6653
2201-04-08 00:00:00,4613.0,2821.0815
2201-04-08 01:00:00,4567.0,2798.8271
2201-04-08 02:00:00,4517.0,2795.0356
2201-04-08 03:00:00,4473.0,2738.216
2201-04-08 04:00:00,4418.0,2719.4807
2201-04-08 05:00:00,4375.0,2650.8071
2201-04-08 06:00:00,4330.0,2619.6455
2201-04-08 07:00:00,4281.0,2665.5356
2201-04-08 08:00:00,4237.0,2637.6611
2201-04-08 09:00:00,4192.0,2603.643
2201-04-08 10:00:00,4149.0,2576.9417
2201-04-08 11:00:00,4103.0,2649.6733
2201-04-08 12:00:00,4074.0,3004.92
2201-04-08 13:00:00,4028.0,3010.3281
2201-04-08 14:00:00,3993.0,3228.1636
2201-04-08 15:00:00,3947.0,2853.569
2201-04-08 16:00:00,3912.0,2671.3005
2201-04-08 17:00:00,3866.0,2577.9985
2201-04-08 18:00:00,3827.0,2605.9907
2201-04-08 19:00:00,3793.0,2563.4785
2201-04-08 20:00:00,3754.0,2610.9668
2201-04-08 21:00:00,3725.0,2552.923
2201-04-08 22:00:00,3689.0,2472.22
2201-04-08 23:00:00,3662.0,2522.9004
2201-04-09 00:00:00,3626.0,2507.3083
2201-04-09 01:00:00,3594.0,2460.6516
2201-04-09 02:00:00,3570.0,2492.1836
2201-04-09 03:00:00,3539.0,2438.2126
2201-04-09 04:00:00,3523.0,1958.2877
2201-04-09 05:00:00,3512.0,1651.1863
2201-04-09 06:00:00,3520.0,1729.1687
2201-04-09 07:00:00,3540.0,2303.4963
2201-04-09 08:00:00,3597.0,2596.9485
2201-04-09 09:00:00,3731.0,2897.1084
2201-04-09 10:00:00,3924.0,3211.5063
2201-04-09 11:00:00,4184.0,3444.6868
2201-04-09 12:00:00,4481.0,4377.159
2201-04-09 13:00:00,4795.0,5023.365
2201-04-09 14:00:00,5104.0,5332.6704
2201-04-09 15:00:00,5400.0,5630.512
2201-04-09 16:00:00,5644.0,5589.543
2201-04-09 17:00:00,5862.0,5535.538
2201-04-09 18:00:00,6042.0,4828.815
2201-04-09 19:00:00,6165.0,4743.288
2201-04-09 20:00:00,6272.0,4704.6235
2201-04-09 21:00:00,6365.0,4597.829
2201-04-09 22:00:00,6471.0,4685.6963
2201-04-09 23:00:00,6593.0,4572.1343
2201-04-10 00:00:00,6766.0,4584.1016
2201-04-10 01:00:00,6944.0,4668.2734
2201-04-10 02:00:00,7159.0,4727.842
2201-04-10 03:00:00,7390.0,4674.576
2201-04-10 04:00:00,7603.0,4774.874
2201-04-10 05:00:00,7801.0,4839.808
2201-04-10 06:00:00,7975.0,4844.3086
2201-04-10 07:00:00,8111.0,4888.209
2201-04-10 08:00:00,8216.0,4872.625
2201-04-10 09:00:00,8289.0,4859.588
2201-04-10 10:00:00,8329.0,4675.024
2201-04-10 11:00:00,8315.0,4832.804
2201-04-10 12:00:00,8294.0,4204.188
2201-04-10 13:00:00,8237.0,4470.9395
2201-04-10 14:00:00,8177.0,5334.669
2201-04-10 15:00:00,8104.0,5522.334
2201-04-10 16:00:00,8042.0,5550.2236
2201-04-10 17:00:00,7985.0,5272.103
2201-04-10 18:00:00,7921.0,5500.5303
2201-04-10 19:00:00,7878.0,5617.6626
2201-04-10 20:00:00,7860.0,5998.223
2201-04-10 21:00:00,7833.0,6143.3745
2201-04-10 22:00:00,7816.0,6230.6978
2201-04-10 23:00:00,7776.0,5762.8467
2201-04-11 00:00:00,7767.0,5679.4756
2201-04-11 01:00:00,7765.0,5487.886
2201-04-11 02:00:00,7797.0,5647.6895
2201-04-11 03:00:00,7874.0,5652.876
2201-04-11 04:00:00,8018.0,5717.8555
2201-04-11 05:00:00,8221.0,5776.8916
2201-04-11 06:00:00,8488.0,5831.3457
2201-04-11 07:00:00,8771.0,5909.0
2201-04-11 08:00:00,9040.0,6198.296
2201-04-11 09:00:00,9232.0,5948.5103
2201-04-11 10:00:00,9395.999,6119.6543
2201-04-11 11:00:00,9532.0,5883.073
2201-04-11 12:00:00,9613.0,5398.383
2201-04-11 13:00:00,9635.0,5285.3877
2201-04-11 14:00:00,9624.0,5497.574
2201-04-11 15:00:00,9568.0,5162.74
2201-04-11 16:00:00,9473.0,4985.5713
2201-04-11 17:00:00,9364.0,4932.963
2201-04-11 18:00:00,9225.999,4885.1006
2201-04-11 19:00:00,9070.0,4807.0557
2201-04-11 20:00:00,8908.0,4689.4746
2201-04-11 21:00:00,8754.0,4585.163
2201-04-11 22:00:00,8588.0,4439.2812
2201-04-11 23:00:00,8450.0,4351.737
2201-04-12 00:00:00,8300.0,4380.807
2201-04-12 01:00:00,8162.0,4251.4165
2201-04-12 02:00:00,8036.0,4169.337
2201-04-12 03:00:00,7921.0,4150.3667
2201-04-12 04:00:00,7806.0,4127.816
2201-04-12 05:00:00,7694.0,4013.0845
2201-04-12 06:00:00,7589.0,3926.6123
2201-04-12 07:00:00,7458.0,3930.2046
2201-04-12 08:00:00,7354.0,3864.0237
2201-04-12 09:00:00,7227.0,3786.288
2201-04-12 10:00:00,7114.0,3896.7334
2201-04-12 11:00:00,6992.0,3741.3794
2201-04-12 12:00:00,6871.0,3962.5327
2201-04-12 13:00:00,6771.0,3915.7056
2201-04-12 14:00:00,6665.0,3582.052
2201-04-12 15:00:00,6567.0,3559.7952
2201-04-12 16:00:00,6471.0,3516.6577
2201-04-12 17:00:00,6393.0,3290.7231
2201-04-12 18:00:00,6340.0,2917.4329
2201-04-12 19:00:00,6298.0,2270.2856
2201-04-12 20:00:00,6282.0,2982.1792
2201-04-12 21:00:00,6327.0,3804.051
2201-04-12 22:00:00,6458.0,4579.774
2201-04-12 23:00:00,6673.0,5316.2373
2201-04-13 00:00:00,6925.0,5881.3926
2201-04-13 01:00:00,7211.0,6360.63
2201-04-13 02:00:00,7494.0,7074.163
2201-04-13 03:00:00,7829.0,7161.5615
2201-04-13 04:00:00,8213.0,7608.4717
2201-04-13 05:00:00,8604.0,7880.2188
2201-04-13 06:00:00,8951.0,8477.48
2201-04-13 07:00:00,9292.999,8381.056
2201-04-13 08:00:00,9674.0,8478.933
2201-04-13 09:00:00,10057.0,8513.58
2201-04-13 10:00:00,10458.0,8540.678
2201-04-13 11:00:00,10849.0,8750.972
2201-04-13 12:00:00,11277.0,9017.454
2201-04-13 13:00:00,11616.0,9149.295
2201-04-13 14:00:00,11993.0,9369.188
2201-04-13 15:00:00,12304.0,9516.921
2201-04-13 16:00:00,12631.0,9218.913
2201-04-13 17:00:00,12991.0,9270.36
2201-04-13 18:00:00,13315.0,9196.767
2201-04-13 19:00:00,13624.0,9188.792
2201-04-13 20:00:00,13856.0,9042.713
2201-04-13 21:00:00,13995.0,9004.569
2201-04-13 22:00:00,14068.0,8992.896
2201-04-13 23:00:00,14049.0,8889.1
2201-04-14 00:00:00,13963.0,8730.809
2201-04-14 01:00:00,13826.0,8510.776
2201-04-14 02:00:00,13637.0,8332.282
2201-04-14 03:00:00,13428.0,8155.699
2201-04-14 04:00:00,13151.0,8010.7656
2201-04-14 05:00:00,12854.0,7862.823
2201-04-14 06:00:00,12526.0,7748.583
2201-04-14 07:00:00,12232.0,7573.3623
2201-04-14 08:00:00,11888.0,7435.039
2201-04-14 09:00:00,11520.0,7309.8174
2201-04-14 10:00:00,11166.0,7549.288
2201-04-14 11:00:00,10842.0,7875.786
2201-04-14 12:00:00,10532.0,8069.546
2201-04-14 13:00:00,10235.0,8167.1504
2201-04-14 14:00:00,9944.999,8426.168
2201-04-14 15:00:00,9689.0,8561.956
2201-04-14 16:00:00,9441.0,8029.7676
2201-04-14 17:00:00,9212.0,7896.991
2201-04-14 18:00:00,9004.0,7844.8125
2201-04-14 19:00:00,8807.0,7811.6973
2201-04-14 20:00:00,8605.0,7731.452
2201-04-14 21:00:00,8421.0,7632.799
2201-04-14 22:00:00,8256.0,7565.6484
2201-04-14 23:00:00,8094.0,7508.632
2201-04-15 00:00:00,7935.0,7423.251
2201-04-15 01:00:00,7783.0,7323.998
2201-04-15 02:00:00,7648.0,7259.2676
2201-04-15 03:00:00,7494.0,7199.9688
2201-04-15 04:00:00,7378.0,7162.258
2201-04-15 05:00:00,7280.0,7108.0566
2201-04-15 06:00:00,7200.0,6977.5
2201-04-15 07:00:00,7204.0,6939.6953
2201-04-15 08:00:00,7227.0,6845.7715
2201-04-15 09:00:00,7318.0,6744.1396
2201-04-15 10:00:00,7385.0,6522.268
2201-04-15 11:00:00,7444.0,6715.751
2201-04-15 12:00:00,7491.0,7204.5166
2201-04-15 13:00:00,7520.0,6833.7764
2201-04-15 14:00:00,7525.0,7256.1123
2201-04-15 15:00:00,7522.0,6721.2227
2201-04-15 16:00:00,7492.0,6571.955
2201-04-15 17:00:00,7455.0,6451.254
2201-04-15 18:00:00,7412.0,6318.466
2201-04-15 19:00:00,7368.0,6190.359
2201-04-15 20:00:00,7320.0,6068.028
2201-04-15 21:00:00,7255.0,5925.783
2201-04-15 22:00:00,7215.0,5776.616
2201-04-15 23:00:00,7144.0,5706.216
2201-04-16 00:00:00,7088.0,5463.9805
2201-04-16 01:00:00,7025.0,5403.3066
2201-04-16 02:00:00,6981.0,5184.1533
2201-04-16 03:00:00,6909.0,5091.4775
2201-04-16 04:00:00,6832.0,4918.956
2201-04-16 05:00:00,6749.0,4833.211
2201-04-16 06:00:00,6625.0,4768.5234
2201-04-16 07:00:00,6522.0,4726.416
2201-04-16 08:00:00,6396.0,4645.967
2201-04-16 09:00:00,6273.0,4566.3066
2201-04-16 10:00:00,6153.0,4429.644
2201-04-16 11:00:00,6041.0,4746.831
2201-04-16 12:00:00,5932.0,4972.885
2201-04-16 13:00:00,5825.0,4906.1484
2201-04-16 14:00:00,5732.0,4873.6416
2201-04-16 15:00:00,5642.0,4922.8438
2201-04-16 16:00:00,5560.0,4444.0854
2201-04-16 17:00:00,5478.0,4355.5547
2201-04-16 18:00:00,5409.0,4253.4556
2201-04-16 19:00:00,5362.0,4143.2705
2201-04-16 20:00:00,5303.0,4204.9673
2201-04-16 21:00:00,5243.0,4108.7476
2201-04-16 22:00:00,5198.0,4023.2563
2201-04-16 23:00:00,5144.0,3940.4675
2201-04-17 00:00:00,5096.0,3744.5703
2201-04-17 01:00:00,5048.0,3735.419
2201-04-17 02:00:00,5001.0,3598.8206
2201-04-17 03:00:00,4961.0,3547.796
2201-04-17 04:00:00,4911.0,3458.6084
2201-04-17 05:00:00,4864.0,3369.8853
2201-04-17 06:00:00,4816.0,3253.3179
2201-04-17 07:00:00,4767.0,3147.1206
2201-04-17 08:00:00,4703.0,3098.1138
2201-04-17 09:00:00,4644.0,2960.4146
2201-04-17 10:00:00,4572.0,2899.7344
2201-04-17 11:00:00,4495.0,3032.7236
2201-04-17 12:00:00,4404.0,2964.7046
2201-04-17 13:00:00,4320.0,3058.439
2201-04-17 14:00:00,4250.0,3040.2163
2201-04-17 15:00:00,4180.0,2612.6816
2201-04-17 16:00:00,4121.0,2491.8335
2201-04-17 17:00:00,4063.0,2382.6248
2201-04-17 18:00:00,4017.0,2361.2437
2201-04-17 19:00:00,3972.0,2257.7966
2201-04-17 20:00:00,3929.0,2337.2686
2201-04-17 21:00:00,3892.0,2181.9128
2201-04-17 22:00:00,3852.0,2227.0205
2201-04-17 23:00:00,3813.0,2134.1604
2201-04-18 00:00:00,3775.0,2056.1409
2201-04-18 01:00:00,3741.0,2002.872
2201-04-18 02:00:00,3707.0,1898.4648
2201-04-18 03:00:00,3671.0,1871.9387
2201-04-18 04:00:00,3632.0,1842.562
2201-04-18 05:00:00,3596.0,1799.4236
2201-04-18 06:00:00,3570.0,1686.6604
2201-04-18 07:00:00,3536.0,1628.0966
2201-04-18 08:00:00,3512.0,1582.1738
2201-04-18 09:00:00,3483.0,1548.1996
2201-04-18 10:00:00,3455.0,1488.3866
2201-04-18 11:00:00,3428.0,1565.4514
2201-04-18 12:00:00,3400.0,1704.7402
2201-04-18 13:00:00,3372.0,1685.8209
2201-04-18 14:00:00,3342.0,1657.3394
2201-04-18 15:00:00,3328.0,1547.8975
2201-04-18 16:00:00,3297.0,1385.1047
2201-04-18 17:00:00,3275.0,1419.0779
2201-04-18 18:00:00,3253.0,1400.3158
2201-04-18 19:00:00,3230.0,1380.5962
2201-04-18 20:00:00,3207.0,1404.8916
2201-04-18 21:00:00,3187.0,1379.0618
2201-04-18 22:00:00,3162.0,1394.7708
2201-04-18 23:00:00,3137.0,1340.6992
2201-04-19 00:00:00,3117.0,1335.4468
2201-04-19 01:00:00,3095.0,1316.1156
2201-04-19 02:00:00,3080.0,1303.7351
2201-04-19 03:00:00,3056.0,1307.9578
2201-04-19 04:00:00,3036.0,1292.61
2201-04-19 05:00:00,3013.0,1299.9146
2201-04-19 06:00:00,2993.0,1309.6852
2201-04-19 07:00:00,2979.0,1336.0272
2201-04-19 08:00:00,2957.0,1349.9718
2201-04-19 09:00:00,2941.0,1356.6923
2201-04-19 10:00:00,2917.0,1540.4114
2201-04-19 11:00:00,2898.0,1581.5122
2201-04-19 12:00:00,2886.0,1646.638
2201-04-19 13:00:00,2870.0,1985.8025
2201-04-19 14:00:00,2851.0,2009.24
2201-04-19 15:00:00,2836.0,2016.4937
2201-04-19 16:00:00,2823.0,1599.742
2201-04-19 17:00:00,2807.0,1460.5902
2201-04-19 18:00:00,2787.0,1430.9846
2201-04-19 19:00:00,2769.0,1295.941
2201-04-19 20:00:00,2758.0,1287.4038
2201-04-19 21:00:00,2743.0,1256.6683
2201-04-19 22:00:00,2736.0,1245.4352
2201-04-19 23:00:00,2712.0,1203.1151
2201-04-20 00:00:00,2705.0,1098.8403
2201-04-20 01:00:00,2690.0,1079.6254
2201-04-20 02:00:00,2679.0,1078.6769
2201-04-20 03:00:00,2674.0,1095.3563
2201-04-20 04:00:00,2657.0,1128.2816
2201-04-20 05:00:00,2641.0,1127.5474
2201-04-20 06:00:00,2631.0,1113.9022
2201-04-20 07:00:00,2612.0,1118.9908
2201-04-20 08:00:00,2606.0,1153.9692
2201-04-20 09:00:00,2593.0,1185.1017
2201-04-20 10:00:00,2575.0,1283.415
2201-04-20 11:00:00,2567.0,1346.682
2201-04-20 12:00:00,2555.0,1384.864
2201-04-20 13:00:00,2546.0,1399.0417
2201-04-20 14:00:00,2535.0,1468.6093
2201-04-20 15:00:00,2517.0,1457.4446
2201-04-20 16:00:00,2506.0,1249.9344
2201-04-20 17:00:00,2498.0,1069.0364
2201-04-20 18:00:00,2486.0,1075.9008
2201-04-20 19:00:00,2476.0,962.10583
2201-04-20 20:00:00,2469.0,897.9756
2201-04-20 21:00:00,2450.0,892.4927
2201-04-20 22:00:00,2435.0,826.89026
2201-04-20 23:00:00,2428.0,833.35645
2201-04-21 00:00:00,2427.0,1177.6561
2201-04-21 01:00:00,2406.0,1207.3212
2201-04-21 02:00:00,2403.0,1261.0498
2201-04-21 03:00:00,2398.0,1282.4348
2201-04-21 04:00:00,2384.0,1312.3966
2201-04-21 05:00:00,2373.0,1408.5785
2201-04-21 06:00:00,2365.0,1420.0049
2201-04-21 07:00:00,2356.0,1428.0817
2201-04-21 08:00:00,2345.0,1469.2051
2201-04-21 09:00:00,2335.0,1510.8647
2201-04-21 10:00:00,2326.0,1484.3397
2201-04-21 11:00:00,2309.0,1642.6935
2201-04-21 12:00:00,2306.0,1674.4163
2201-04-21 13:00:00,2289.0,1706.656
2201-04-21 14:00:00,2286.0,1793.7683
2201-04-21 15:00:00,2288.0,1661.4788
2201-04-21 16:00:00,2275.0,1446.7682
2201-04-21 17:00:00,2267.0,1407.8569
2201-04-21 18:00:00,2253.0,1451.1361
2201-04-21 19:00:00,2244.0,1441.6753
2201-04-21 20:00:00,2239.0,1410.3667
2201-04-21 21:00:00,2232.0,1429.5782
2201-04-21 22:00:00,2218.0,1427.3085
2201-04-21 23:00:00,2215.0,1430.0232
2201-04-22 00:00:00,2205.0,1563.7532
2201-04-22 01:00:00,2202.0,1567.7297
2201-04-22 02:00:00,2193.0,1583.568
2201-04-22 03:00:00,2181.0,1603.5742
2201-04-22 04:00:00,2174.0,1594.4343
2201-04-22 05:00:00,2161.0,1638.5111
2201-04-22 06:00:00,2158.0,1627.3394
2201-04-22 07:00:00,2155.0,1627.1985
2201-04-22 08:00:00,2149.0,1692.9526
2201-04-22 09:00:00,2129.0,1694.775
2201-04-22 10:00:00,2129.0,1748.3257
2201-04-22 11:00:00,2126.0,1699.7094
2201-04-22 12:00:00,2113.0,1730.2932
2201-04-22 13:00:00,2108.0,1808.0593
2201-04-22 14:00:00,2100.0,1621.7373
2201-04-22 15:00:00,2098.0,1506.8031
2201-04-22 16:00:00,2095.0,1305.7362
2201-04-22 17:00:00,2081.0,1250.9917
2201-04-22 18:00:00,2080.0,1359.8896
2201-04-22 19:00:00,2078.0,1343.1674
2201-04-22 20:00:00,2064.0,1321.0234
2201-04-22 21:00:00,2056.0,1340.6926
2201-04-22 22:00:00,2055.0,1369.2164
2201-04-22 23:00:00,2043.0,1358.9052
2201-04-23 00:00:00,2033.0,1399.0769
2201-04-23 01:00:00,2025.0,1408.6454
2201-04-23 02:00:00,2027.0,1406.6222
2201-04-23 03:00:00,2017.0,1406.341
2201-04-23 04:00:00,2009.0,1412.3351
2201-04-23 05:00:00,2009.0,1415.3073
2201-04-23 06:00:00,2002.0,1465.171
2201-04-23 07:00:00,1990.0,1505.9384
2201-04-23 08:00:00,1987.0,1519.9402
2201-04-23 09:00:00,1980.0,1457.127
2201-04-23 10:00:00,1973.0,1617.9153
2201-04-23 11:00:00,1964.0,1591.8245
2201-04-23 12:00:00,1961.0,1612.6696
2201-04-23 13:00:00,1953.0,1658.3344
2201-04-23 14:00:00,1944.0,1700.9242
2201-04-23 15:00:00,1939.0,1756.3844
2201-04-23 16:00:00,1936.0,1635.7031
2201-04-23 17:00:00,1929.0,1460.9266
2201-04-23 18:00:00,1917.0,1445.6154
2201-04-23 19:00:00,1918.0,1494.7188
2201-04-23 20:00:00,1909.0,1538.4985
2201-04-23 21:00:00,1903.0,1475.0997
2201-04-23 22:00:00,1899.0,1502.3391
2201-04-23 23:00:00,1896.0,1545.589
2201-04-24 00:00:00,1882.0,1597.0142
2201-04-24 01:00:00,1882.0,1505.9883
2201-04-24 02:00:00,1874.0,1490.6829
2201-04-24 03:00:00,1875.0,1508.3755
2201-04-24 04:00:00,1864.0,1512.7561
2201-04-24 05:00:00,1856.0,1483.9497
2201-04-24 06:00:00,1858.0,1537.2869
2201-04-24 07:00:00,1841.0,1532.2786
2201-04-24 08:00:00,1833.0,1535.9141
2201-04-24 09:00:00,1833.0,1469.3228
2201-04-24 10:00:00,1828.0,1615.377
2201-04-24 11:00:00,1824.0,1608.8514
2201-04-24 12:00:00,1813.0,1676.6251
2201-04-24 13:00:00,1813.0,1743.7307
2201-04-24 14:00:00,1799.0,1809.5693
2201-04-24 15:00:00,1797.0,1939.5674
2201-04-24 16:00:00,1797.0,1708.9132
2201-04-24 17:00:00,1789.0,1681.4893
2201-04-24 18:00:00,1789.0,1646.7129
2201-04-24 19:00:00,1786.0,1584.5758
2201-04-24 20:00:00,1772.0,1636.069
2201-04-24 21:00:00,1774.0,1589.5712
2201-04-24 22:00:00,1758.0,1519.6111
2201-04-24 23:00:00,1761.0,1477.0492
2201-04-25 00:00:00,1751.0,1568.8894
2201-04-25 01:00:00,1748.0,1546.6956
2201-04-25 02:00:00,1744.0,1492.6953
2201-04-25 03:00:00,1738.0,1455.9457
2201-04-25 04:00:00,1733.0,1438.918
2201-04-25 05:00:00,1736.0,1412.5957
2201-04-25 06:00:00,1724.0,1384.6345
2201-04-25 07:00:00,1718.0,1369.8494
2201-04-25 08:00:00,1715.0,1391.2944
2201-04-25 09:00:00,1714.0,1410.9789
2201-04-25 10:00:00,1706.0,1392.9551
2201-04-25 11:00:00,1701.0,1462.2194
2201-04-25 12:00:00,1701.0,1549.5955
2201-04-25 13:00:00,1692.0,1539.3455
2201-04-25 14:00:00,1688.0,1680.8066
2201-04-25 15:00:00,1683.0,1717.464
2201-04-25 16:00:00,1684.0,1773.8257
2201-04-25 17:00:00,1674.0,1598.828
2201-04-25 18:00:00,1669.0,1694.4254
2201-04-25 19:00:00,1668.0,1541.0322
2201-04-25 20:00:00,1662.0,1500.0015
2201-04-25 21:00:00,1657.0,1466.8026
2201-04-25 22:00:00,1656.0,1512.7141
2201-04-25 23:00:00,1644.0,1507.3208
2201-04-26 00:00:00,1645.0,1523.9825
2201-04-26 01:00:00,1640.0,1515.4512
2201-04-26 02:00:00,1637.0,1519.3596
2201-04-26 03:00:00,1633.0,1483.7981
2201-04-26 04:00:00,1627.0,1440.6886
2201-04-26 05:00:00,1625.0,1449.0762
2201-04-26 06:00:00,1619.0,1421.5021
2201-04-26 07:00:00,1614.0,1404.4495
2201-04-26 08:00:00,1607.0,1410.378
2201-04-26 09:00:00,1606.0,1457.6836
2201-04-26 10:00:00,1600.0,1449.2684
2201-04-26 11:00:00,1592.0,1591.7529
2201-04-26 12:00:00,1590.0,1597.8329
2201-04-26 13:00:00,1587.0,1648.4794
2201-04-26 14:00:00,1581.0,1817.8705
2201-04-26 15:00:00,1582.0,1838.8279
2201-04-26 16:00:00,1576.0,1766.0054
2201-04-26 17:00:00,1570.0,1618.2295
2201-04-26 18:00:00,1569.0,1536.1519
2201-04-26 19:00:00,1564.0,1546.0361
2201-04-26 20:00:00,1558.0,1588.3174
2201-04-26 21:00:00,1555.0,1476.2488
2201-04-26 22:00:00,1550.0,1439.3119
2201-04-26 23:00:00,1550.0,1437.7351
2201-04-27 00:00:00,1545.0,1465.7465
2201-04-27 01:00:00,1543.0,1417.8168
2201-04-27 02:00:00,1538.0,1549.1296
2201-04-27 03:00:00,1536.0,1506.2621
2201-04-27 04:00:00,1530.0,1462.2423
2201-04-27 05:00:00,1524.0,1508.3481
2201-04-27 06:00:00,1522.0,1490.4309
2201-04-27 07:00:00,1517.0,1458.5564
2201-04-27 08:00:00,1514.0,1452.259
2201-04-27 09:00:00,1512.0,1410.9038
2201-04-27 10:00:00,1506.0,1414.6113
2201-04-27 11:00:00,1503.0,1437.6746
2201-04-27 12:00:00,1501.0,1517.7632
2201-04-27 13:00:00,1497.0,1497.5361
2201-04-27 14:00:00,1497.0,984.6693
2201-04-27 15:00:00,1495.0,-240.61792
2201-04-27 16:00:00,1499.0,445.92993
2201-04-27 17:00:00,1498.0,822.88745
2201-04-27 18:00:00,1493.0,724.94336
2201-04-27 19:00:00,1500.0,830.5891
2201-04-27 20:00:00,1505.0,1244.546
2201-04-27 21:00:00,1512.0,1170.1191
2201-04-27 22:00:00,1520.0,1342.2451
2201-04-27 23:00:00,1525.0,1987.749
2201-04-28 00:00:00,1538.0,2118.9834
2201-04-28 01:00:00,1547.0,1936.7214
2201-04-28 02:00:00,1563.0,1486.7661
2201-04-28 03:00:00,1573.0,1561.6467
2201-04-28 04:00:00,1597.0,1491.8647
2201-04-28 05:00:00,1619.0,1599.823
2201-04-28 06:00:00,1647.0,1828.995
2201-04-28 07:00:00,1681.0,1908.6633
2201-04-28 08:00:00,1721.0,1908.0106
2201-04-28 09:00:00,1769.0,2145.8855
2201-04-28 10:00:00,1837.0,2352.685
2201-04-28 11:00:00,1908.0,2872.3867
2201-04-28 12:00:00,1990.0,2924.73
2201-04-28 13:00:00,2069.0,3116.305
2201-04-28 14:00:00,2144.0,3355.1924
2201-04-28 15:00:00,2207.0,3478.9453
2201-04-28 16:00:00,2263.0,3369.9692
2201-04-28 17:00:00,2325.0,3361.6758
2201-04-28 18:00:00,2374.0,3430.669
2201-04-28 19:00:00,2421.0,3490.4817
2201-04-28 20:00:00,2482.0,3539.5403
2201-04-28 21:00:00,2553.0,3588.52
2201-04-28 22:00:00,2641.0,3590.0322
2201-04-28 23:00:00,2742.0,3659.9485
2201-04-29 00:00:00,2858.0,3751.1729
2201-04-29 01:00:00,3008.0,3831.4043
2201-04-29 02:00:00,3179.0,4023.0078
2201-04-29 03:00:00,3354.0,4233.8716
2201-04-29 04:00:00,3518.0,4446.456
2201-04-29 05:00:00,3652.0,4580.203
2201-04-29 06:00:00,3747.0,4647.2964
2201-04-29 07:00:00,3811.0,4654.073
2201-04-29 08:00:00,3852.0,4569.4
2201-04-29 09:00:00,3871.0,4508.9277
2201-04-29 10:00:00,3864.0,4502.6094
2201-04-29 11:00:00,3832.0,4542.2915
2201-04-29 12:00:00,3779.0,4389.8164
2201-04-29 13:00:00,3710.0,4410.705
2201-04-29 14:00:00,3622.0,4167.9077
2201-04-29 15:00:00,3536.0,4105.503
2201-04-29 16:00:00,3445.0,4014.8652
2201-04-29 17:00:00,3346.0,3944.8792
2201-04-29 18:00:00,3259.0,3951.9053
2201-04-29 19:00:00,3184.0,3825.4985
2201-04-29 20:00:00,3123.0,3932.8525
2201-04-29 21:00:00,3060.0,4957.29
2201-04-29 22:00:00,3003.0,4298.0493
2201-04-29 23:00:00,3000.0,3815.3694
2201-04-30 00:00:00,3002.0,4689.994
2201-04-30 01:00:00,3098.0,4776.745
2201-04-30 02:00:00,3297.0,5308.035
2201-04-30 03:00:00,3623.0,5833.2373
2201-04-30 04:00:00,4019.0,6022.284
2201-04-30 05:00:00,4413.0,5876.919
2201-04-30 06:00:00,4727.0,5751.965
2201-04-30 07:00:00,4991.0,5975.55
2201-04-30 08:00:00,5254.0,6639.5547
2201-04-30 09:00:00,5526.0,6999.9424
2201-04-30 10:00:00,5794.0,7224.5566
2201-04-30 11:00:00,6020.0,7862.051
2201-04-30 12:00:00,6277.0,7894.1064
2201-04-30 13:00:00,6548.0,8356.256
2201-04-30 14:00:00,6885.0,8412.658
2201-04-30 15:00:00,7281.0,9210.217
2201-04-30 16:00:00,7626.0,9355.444
2201-04-30 17:00:00,7925.0,8971.259
2201-04-30 18:00:00,8106.0,8874.565
2201-04-30 19:00:00,8192.0,8828.292
2201-04-30 20:00:00,8190.0,8697.527
2201-04-30 21:00:00,8150.0,8585.21
2201-04-30 22:00:00,8068.0,8392.622
2201-04-30 23:00:00,7997.0,8262.872
2201-05-01 00:00:00,7928.0,7967.0195
2201-05-01 01:00:00,7890.0,7862.5137
2201-05-01 02:00:00,7825.0,7781.838
2201-05-01 03:00:00,7741.0,7651.8926
2201-05-01 04:00:00,7609.0,7423.0605
2201-05-01 05:00:00,7471.0,7252.2236
2201-05-01 06:00:00,7287.0,6945.331
2201-05-01 07:00:00,7103.0,6729.248
2201-05-01 08:00:00,6919.0,6530.159
2201-05-01 09:00:00,6733.0,6390.9766
2201-05-01 10:00:00,6613.0,6710.7305
2201-05-01 11:00:00,6491.0,6746.129
2201-05-01 12:00:00,6401.0,6817.546
2201-05-01 13:00:00,6318.0,6822.5117
2201-05-01 14:00:00,6232.0,6818.633
2201-05-01 15:00:00,6155.0,6867.993
2201-05-01 16:00:00,6103.0,6799.379
2201-05-01 17:00:00,6048.0,6340.607
2201-05-01 18:00:00,5974.0,6264.921
2201-05-01 19:00:00,5917.0,6202.7925
2201-05-01 20:00:00,5852.0,6067.9336
2201-05-01 21:00:00,5793.0,6035.621
2201-05-01 22:00:00,5733.0,5879.2705
2201-05-01 23:00:00,5669.0,5750.67
2201-05-02 00:00:00,5605.0,5852.4624
2201-05-02 01:00:00,5542.0,5780.8105
2201-05-02 02:00:00,5488.0,5777.415
2201-05-02 03:00:00,5424.0,5699.412
2201-05-02 04:00:00,5366.0,5638.3027
2201-05-02 05:00:00,5308.0,5611.4824
2201-05-02 06:00:00,5247.0,5541.3984
2201-05-02 07:00:00,5199.0,5461.415
2201-05-02 08:00:00,5138.0,5373.5513
2201-05-02 09:00:00,5082.0,5270.1826
2201-05-02 10:00:00,5035.0,5771.536
2201-05-02 11:00:00,4986.0,5843.881
2201-05-02 12:00:00,4945.0,5852.9116
2201-05-02 13:00:00,4887.0,5805.577
2201-05-02 14:00:00,4843.0,5823.088
2201-05-02 15:00:00,4801.0,5805.415
2201-05-02 16:00:00,4754.0,5358.4033
2201-05-02 17:00:00,4712.0,4968.1523
2201-05-02 18:00:00,4673.0,4883.362
2201-05-02 19:00:00,4628.0,4787.099
2201-05-02 20:00:00,4594.0,4693.617
2201-05-02 21:00:00,4552.0,4706.297
2201-05-02 22:00:00,4519.0,4564.899
2201-05-02 23:00:00,4471.0,4533.743
2201-05-03 00:00:00,4436.0,4374.823
2201-05-03 01:00:00,4400.0,4247.3203
2201-05-03 02:00:00,4364.0,4155.236
2201-05-03 03:00:00,4328.0,4127.4043
2201-05-03 04:00:00,4293.0,4013.5603
2201-05-03 05:00:00,4260.0,3913.9897
2201-05-03 06:00:00,4230.0,3837.8652
2201-05-03 07:00:00,4198.0,3749.2524
2201-05-03 08:00:00,4163.0,3597.7456
2201-05-03 09:00:00,4137.0,3585.3843
2201-05-03 10:00:00,4108.0,3990.5269
2201-05-03 11:00:00,4079.0,4319.3354
2201-05-03 12:00:00,4046.0,4345.96
2201-05-03 13:00:00,4013.0,4327.7886
2201-05-03 14:00:00,3985.0,4247.0356
2201-05-03 15:00:00,3961.0,4144.542
2201-05-03 16:00:00,3931.0,3476.0625
2201-05-03 17:00:00,3900.0,3204.1484
2201-05-03 18:00:00,3882.0,3015.192
2201-05-03 19:00:00,3859.0,2808.698
2201-05-03 20:00:00,3833.0,2524.7827
2201-05-03 21:00:00,3811.0,2422.589
2201-05-03 22:00:00,3789.0,2199.8425
2201-05-03 23:00:00,3760.0,2056.6914
2201-05-04 00:00:00,3733.0,2200.9998
2201-05-04 01:00:00,3716.0,1889.873
2201-05-04 02:00:00,3688.0,1763.6211
2201-05-04 03:00:00,3668.0,1639.9458
2201-05-04 04:00:00,3649.0,1458.24
2201-05-04 05:00:00,3623.0,1310.7874
2201-05-04 06:00:00,3601.0,1244.4153
2201-05-04 07:00:00,3576.0,1010.15344
2201-05-04 08:00:00,3561.0,1106.5125
2201-05-04 09:00:00,3536.0,1174.44
2201-05-04 10:00:00,3520.0,1732.1748
2201-05-04 11:00:00,3498.0,1923.221
2201-05-04 12:00:00,3475.0,2095.2756
2201-05-04 13:00:00,3463.0,2205.2654
2201-05-04 14:00:00,3440.0,2367.4316
2201-05-04 15:00:00,3413.0,2367.552
2201-05-04 16:00:00,3396.0,2425.0955
2201-05-04 17:00:00,3380.0,2434.0427
2201-05-04 18:00:00,3361.0,2373.167
2201-05-04 19:00:00,3343.0,2308.9182
2201-05-04 20:00:00,3328.0,2225.8125
2201-05-04 21:00:00,3312.0,2145.432
2201-05-04 22:00:00,3289.0,2117.4922
2201-05-04 23:00:00,3272.0,2005.6929
2201-05-05 00:00:00,3256.0,2114.9568
2201-05-05 01:00:00,3244.0,2054.7908
2201-05-05 02:00:00,3227.0,1965.8682
2201-05-05 03:00:00,3209.0,1886.3859
2201-05-05 04:00:00,3197.0,1802.9844
2201-05-05 05:00:00,3175.0,1728.9208
2201-05-05 06:00:00,3157.0,1635.832
2201-05-05 07:00:00,3144.0,1580.729
2201-05-05 08:00:00,3132.0,1537.4666
2201-05-05 09:00:00,3110.0,1565.7408
2201-05-05 10:00:00,3096.0,2053.435
2201-05-05 11:00:00,3073.0,2377.9404
2201-05-05 12:00:00,3053.0,2582.465
2201-05-05 13:00:00,3026.0,2814.2517
2201-05-05 14:00:00,3001.0,2932.4912
2201-05-05 15:00:00,2973.0,2986.227
2201-05-05 16:00:00,2944.0,2981.141
2201-05-05 17:00:00,2923.0,3140.4565
2201-05-05 18:00:00,2904.0,2819.4138
2201-05-05 19:00:00,2882.0,2690.4353
2201-05-05 20:00:00,2866.0,2602.7354
2201-05-05 21:00:00,2850.0,2491.0293
2201-05-05 22:00:00,2833.0,2401.3364
2201-05-05 23:00:00,2816.0,2299.9758
2201-05-06 00:00:00,2800.0,2228.52
2201-05-06 01:00:00,2788.0,2154.4675
2201-05-06 02:00:00,2775.0,2064.7795
2201-05-06 03:00:00,2768.0,1996.0305
2201-05-06 04:00:00,2755.0,1898.6919
2201-05-06 05:00:00,2744.0,1806.229
2201-05-06 06:00:00,2734.0,1733.5342
2201-05-06 07:00:00,2723.0,1651.3822
2201-05-06 08:00:00,2712.0,1578.0707
2201-05-06 09:00:00,2696.0,1641.3655
2201-05-06 10:00:00,2688.0,1842.3749
2201-05-06 11:00:00,2675.0,1986.1562
2201-05-06 12:00:00,2652.0,2048.4766
2201-05-06 13:00:00,2633.0,2000.1643
2201-05-06 14:00:00,2605.0,2078.2476
2201-05-06 15:00:00,2590.0,2093.4978
2201-05-06 16:00:00,2561.0,1880.7141
2201-05-06 17:00:00,2553.0,1980.3718
2201-05-06 18:00:00,2532.0,1861.6235
2201-05-06 19:00:00,2515.0,1826.7109
2201-05-06 20:00:00,2503.0,1803.1243
2201-05-06 21:00:00,2486.0,1796.6057
2201-05-06 22:00:00,2472.0,1741.8391
2201-05-06 23:00:00,2461.0,1688.8373
2201-05-07 00:00:00,2450.0,1629.1074
2201-05-07 01:00:00,2431.0,1611.5629
2201-05-07 02:00:00,2422.0,1608.8384
2201-05-07 03:00:00,2416.0,1592.5481
2201-05-07 04:00:00,2407.0,1580.9235
2201-05-07 05:00:00,2397.0,1581.5105
2201-05-07 06:00:00,2382.0,1549.5684
2201-05-07 07:00:00,2375.0,1592.7251
2201-05-07 08:00:00,2352.0,1550.6565
2201-05-07 09:00:00,2344.0,1710.7964
2201-05-07 10:00:00,2336.0,1893.6809
2201-05-07 11:00:00,2323.0,2029.1985
2201-05-07 12:00:00,2317.0,2178.0068
2201-05-07 13:00:00,2311.0,2224.1902
2201-05-07 14:00:00,2276.0,2188.4768
2201-05-07 15:00:00,2262.0,2166.788
2201-05-07 16:00:00,2250.0,2215.3013
2201-05-07 17:00:00,2225.0,2003.7827
2201-05-07 18:00:00,2200.0,1910.1492
2201-05-07 19:00:00,2182.0,1864.2264
2201-05-07 20:00:00,2167.0,1841.1108
2201-05-07 21:00:00,2171.0,1773.895
2201-05-07 22:00:00,2150.0,1682.8328
2201-05-07 23:00:00,2131.0,1612.5867
2201-05-08 00:00:00,2123.0,1554.1216
2201-05-08 01:00:00,2106.0,1509.239
2201-05-08 02:00:00,2108.0,1475.9733
2201-05-08 03:00:00,2091.0,1447.1698
2201-05-08 04:00:00,2085.0,1424.3973
2201-05-08 05:00:00,2076.0,1400.109
2201-05-08 06:00:00,2061.0,1404.4756
2201-05-08 07:00:00,2056.0,1386.1696
2201-05-08 08:00:00,2048.0,1374.5483
2201-05-08 09:00:00,2037.0,1422.613
2201-05-08 10:00:00,2026.0,1486.4728
2201-05-08 11:00:00,2022.0,1525.4634
2201-05-08 12:00:00,2015.0,1536.8242
2201-05-08 13:00:00,2005.0,1621.6013
2201-05-08 14:00:00,1999.0,1612.9924
2201-05-08 15:00:00,1992.0,1693.262
2201-05-08 16:00:00,1985.0,1632.3005
2201-05-08 17:00:00,1975.0,1637.0977
2201-05-08 18:00:00,1971.0,1624.4255
2201-05-08 19:00:00,1965.0,1526.988
2201-05-08 20:00:00,1957.0,1586.4954
2201-05-08 21:00:00,1952.0,1566.1648
2201-05-08 22:00:00,1945.0,1523.525
2201-05-08 23:00:00,1935.0,1598.5826
2201-05-09 00:00:00,1932.0,1510.7424
2201-05-09 01:00:00,1920.0,1536.0195
2201-05-09 02:00:00,1920.0,1546.6337
2201-05-09 03:00:00,1908.0,1592.9143
2201-05-09 04:00:00,1901.0,1588.2645
2201-05-09 05:00:00,1901.0,1600.4548
2201-05-09 06:00:00,1892.0,1619.8118
2201-05-09 07:00:00,1890.0,1624.2014
2201-05-09 08:00:00,1880.0,1598.1318
2201-05-09 09:00:00,1879.0,1627.6018
2201-05-09 10:00:00,1872.0,1623.1372
2201-05-09 11:00:00,1858.0,1682.1519
2201-05-09 12:00:00,1862.0,1707.3591
2201-05-09 13:00:00,1853.0,1622.2515
2201-05-09 14:00:00,1848.0,1501.78
2201-05-09 15:00:00,1835.0,1442.0503
2201-05-09 16:00:00,1834.0,1416.0509
2201-05-09 17:00:00,1823.0,1405.5854
2201-05-09 18:00:00,1819.0,1441.4119
2201-05-09 19:00:00,1815.0,1481.2389
2201-05-09 20:00:00,1805.0,1526.4382
2201-05-09 21:00:00,1804.0,1570.7236
2201-05-09 22:00:00,1795.0,1501.9197
2201-05-09 23:00:00,1791.0,1561.3893
2201-05-10 00:00:00,1784.0,1431.1952
2201-05-10 01:00:00,1785.0,1402.3203
2201-05-10 02:00:00,1772.0,1467.5347
2201-05-10 03:00:00,1770.0,1499.3912
2201-05-10 04:00:00,1759.0,1564.0244
2201-05-10 05:00:00,1762.0,1503.8196
2201-05-10 06:00:00,1756.0,1574.6764
2201-05-10 07:00:00,1746.0,1557.9678
2201-05-10 08:00:00,1735.0,1668.1565
2201-05-10 09:00:00,1738.0,1695.8093
2201-05-10 10:00:00,1731.0,1710.2694
2201-05-10 11:00:00,1731.0,1653.185
2201-05-10 12:00:00,1727.0,1749.0267
2201-05-10 13:00:00,1719.0,1637.4819
2201-05-10 14:00:00,1711.0,1677.0281
2201-05-10 15:00:00,1712.0,1663.6638
2201-05-10 16:00:00,1707.0,1527.5581
2201-05-10 17:00:00,1699.0,1432.6174
2201-05-10 18:00:00,1697.0,1420.4015
2201-05-10 19:00:00,1692.0,1400.8938
2201-05-10 20:00:00,1688.0,1401.709
2201-05-10 21:00:00,1685.0,1382.783
2201-05-10 22:00:00,1675.0,1383.8787
2201-05-10 23:00:00,1674.0,1418.1405
2201-05-11 00:00:00,1668.0,1491.7864
2201-05-11 01:00:00,1665.0,1523.2036
2201-05-11 02:00:00,1659.0,1524.6277
2201-05-11 03:00:00,1655.0,1582.7961
2201-05-11 04:00:00,1651.0,1588.4536
2201-05-11 05:00:00,1649.0,1532.8839
2201-05-11 06:00:00,1645.0,1603.231
2201-05-11 07:00:00,1641.0,1580.801
2201-05-11 08:00:00,1634.0,1603.9929
2201-05-11 09:00:00,1631.0,1581.7761
2201-05-11 10:00:00,1627.0,1608.2249
2201-05-11 11:00:00,1621.0,1475.8184
2201-05-11 12:00:00,1622.0,1448.3694
2201-05-11 13:00:00,1614.0,1372.755
2201-05-11 14:00:00,1612.0,1375.0857
2201-05-11 15:00:00,1603.0,1256.7516
2201-05-11 16:00:00,1601.0,1196.058
2201-05-11 17:00:00,1599.0,1126.8928
2201-05-11 18:00:00,1594.0,1019.4546
2201-05-11 19:00:00,1593.0,989.40564
2201-05-11 20:00:00,1592.0,997.2787
2201-05-11 21:00:00,1585.0,1055.5443
2201-05-11 22:00:00,1579.0,1060.0101
2201-05-11 23:00:00,1575.0,1017.68176
2201-05-12 00:00:00,1572.0,1175.7738
2201-05-12 01:00:00,1563.0,1213.6261
2201-05-12 02:00:00,1556.0,1196.0667
2201-05-12 03:00:00,1558.0,1159.8713
2201-05-12 04:00:00,1554.0,1192.5297
2201-05-12 05:00:00,1548.0,1218.8204
2201-05-12 06:00:00,1543.0,1209.9183
2201-05-12 07:00:00,1541.0,1236.3002
2201-05-12 08:00:00,1538.0,1229.1405
2201-05-12 09:00:00,1535.0,1233.5901
2201-05-12 10:00:00,1528.0,1175.7589
2201-05-12 11:00:00,1527.0,1106.9702
2201-05-12 12:00:00,1521.0,1074.0416
2201-05-12 13:00:00,1518.0,919.87244
2201-05-12 14:00:00,1512.0,912.84644
2201-05-12 15:00:00,1510.0,754.91394
2201-05-12 16:00:00,1504.0,832.6134
2201-05-12 17:00:00,1505.0,685.93823
2201-05-12 18:00:00,1495.0,568.9811
2201-05-12 19:00:00,1497.0,581.5714
2201-05-12 20:00:00,1491.0,552.4254
2201-05-12 21:00:00,1488.0,639.8889
2201-05-12 22:00:00,1485.0,656.95654
2201-05-12 23:00:00,1484.0,640.5198
2201-05-13 00:00:00,1479.0,785.85767
2201-05-13 01:00:00,1477.0,791.81445
2201-05-13 02:00:00,1472.0,772.04614
2201-05-13 03:00:00,1468.0,878.9044
2201-05-13 04:00:00,1467.0,907.99207
2201-05-13 05:00:00,1463.0,984.73535
2201-05-13 06:00:00,1458.0,935.68884
2201-05-13 07:00:00,1455.0,935.7505
2201-05-13 08:00:00,1450.0,1027.6655
2201-05-13 09:00:00,1447.0,1004.9271
2201-05-13 10:00:00,1443.0,1070.085
2201-05-13 11:00:00,1441.0,1019.37134
2201-05-13 12:00:00,1439.0,902.4324
2201-05-13 13:00:00,1433.0,863.4784
2201-05-13 14:00:00,1428.0,717.4686
2201-05-13 15:00:00,1426.0,589.6056
2201-05-13 16:00:00,1424.0,459.2848
2201-05-13 17:00:00,1421.0,478.72852
2201-05-13 18:00:00,1418.0,467.50415
2201-05-13 19:00:00,1418.0,359.7058
2201-05-13 20:00:00,1414.0,490.17737
2201-05-13 21:00:00,1406.0,478.7273
2201-05-13 22:00:00,1407.0,555.1139
2201-05-13 23:00:00,1403.0,561.8988
2201-05-14 00:00:00,1401.0,584.8032
2201-05-14 01:00:00,1398.0,620.7168
2201-05-14 02:00:00,1395.0,684.5648
2201-05-14 03:00:00,1392.0,745.70886
2201-05-14 04:00:00,1390.0,810.3113
2201-05-14 05:00:00,1387.0,776.2582
2201-05-14 06:00:00,1386.0,793.5653
2201-05-14 07:00:00,1384.0,920.447
2201-05-14 08:00:00,1380.0,909.0698
2201-05-14 09:00:00,1375.0,932.58594
2201-05-14 10:00:00,1374.0,959.631
2201-05-14 11:00:00,1372.0,1006.8662
2201-05-14 12:00:00,1367.0,988.6886
2201-05-14 13:00:00,1358.0,842.2081
2201-05-14 14:00:00,1361.0,836.29004
2201-05-14 15:00:00,1358.0,787.0818
2201-05-14 16:00:00,1357.0,802.4596
2201-05-14 17:00:00,1350.0,660.1797
2201-05-14 18:00:00,1350.0,592.6692
2201-05-14 19:00:00,1347.0,518.5925
2201-05-14 20:00:00,1348.0,600.22034
2201-05-14 21:00:00,1345.0,584.0984
2201-05-14 22:00:00,1343.0,718.77905
2201-05-14 23:00:00,1340.0,769.43787
2201-05-15 00:00:00,1334.0,844.1206
2201-05-15 01:00:00,1333.0,892.31335
2201-05-15 02:00:00,1330.0,985.426
2201-05-15 03:00:00,1325.0,948.3147
2201-05-15 04:00:00,1324.0,1046.9912
2201-05-15 05:00:00,1324.0,1063.3889
2201-05-15 06:00:00,1322.0,1179.7996
2201-05-15 07:00:00,1318.0,1186.5065
2201-05-15 08:00:00,1316.0,1161.7123
2201-05-15 09:00:00,1307.0,1221.8466
2201-05-15 10:00:00,1308.0,1294.4775
2201-05-15 11:00:00,1303.0,1302.2185
2201-05-15 12:00:00,1302.0,1242.003
2201-05-15 13:00:00,1299.0,1145.7065
2201-05-15 14:00:00,1298.0,1088.5277
2201-05-15 15:00:00,1294.0,1065.8805
2201-05-15 16:00:00,1289.0,769.6448
2201-05-15 17:00:00,1287.0,812.42786
2201-05-15 18:00:00,1287.0,720.5492
2201-05-15 19:00:00,1285.0,768.04675
2201-05-15 20:00:00,1278.0,775.9281
2201-05-15 21:00:00,1275.0,887.92993
2201-05-15 22:00:00,1274.0,511.07874
2201-05-15 23:00:00,1270.0,694.3511
2201-05-16 00:00:00,1271.0,793.65784
2201-05-16 01:00:00,1266.0,671.16846
2201-05-16 02:00:00,1264.0,755.6543
2201-05-16 03:00:00,1263.0,848.7849
2201-05-16 04:00:00,1259.0,1070.9268
2201-05-16 05:00:00,1258.0,1000.77527
2201-05-16 06:00:00,1254.0,909.6382
2201-05-16 07:00:00,1251.0,1001.29004
2201-05-16 08:00:00,1250.0,984.94727
2201-05-16 09:00:00,1247.0,993.56006
2201-05-16 10:00:00,1243.0,1110.9496
2201-05-16 11:00:00,1242.0,1193.8403
2201-05-16 12:00:00,1238.0,1025.6381
2201-05-16 13:00:00,1237.0,808.16296
2201-05-16 14:00:00,1234.0,888.0459
2201-05-16 15:00:00,1231.0,831.23083
2201-05-16 16:00:00,1232.0,878.8165
2201-05-16 17:00:00,1230.0,824.5145
2201-05-16 18:00:00,1224.0,780.8517
2201-05-16 19:00:00,1229.0,805.3644
2201-05-16 20:00:00,1228.0,954.365
2201-05-16 21:00:00,1226.0,927.92944
2201-05-16 22:00:00,1229.0,892.5659
2201-05-16 23:00:00,1232.0,925.3677
2201-05-17 00:00:00,1232.0,952.958
2201-05-17 01:00:00,1236.0,943.2047
2201-05-17 02:00:00,1242.0,948.39526
2201-05-17 03:00:00,1246.0,976.3363
2201-05-17 04:00:00,1253.0,989.9824
2201-05-17 05:00:00,1258.0,978.6726
2201-05-17 06:00:00,1269.0,1004.33264
2201-05-17 07:00:00,1279.0,995.85645
2201-05-17 08:00:00,1293.0,959.59045
2201-05-17 09:00:00,1303.0,1031.6755
2201-05-17 10:00:00,1317.0,1044.2345
2201-05-17 11:00:00,1326.0,1017.75146
2201-05-17 12:00:00,1336.0,1001.49
2201-05-17 13:00:00,1345.0,1035.839
2201-05-17 14:00:00,1351.0,1146.6461
2201-05-17 15:00:00,1359.0,991.8462
2201-05-17 16:00:00,1362.0,817.1947
2201-05-17 17:00:00,1367.0,727.74976
2201-05-17 18:00:00,1367.0,696.90125
2201-05-17 19:00:00,1372.0,713.9144
2201-05-17 20:00:00,1371.0,639.6151
2201-05-17 21:00:00,1376.0,678.44775
2201-05-17 22:00:00,1377.0,680.32825
2201-05-17 23:00:00,1375.0,672.2444
2201-05-18 00:00:00,1374.0,668.43176
2201-05-18 01:00:00,1369.0,703.50415
2201-05-18 02:00:00,1366.0,685.9103
2201-05-18 03:00:00,1361.0,679.12146
2201-05-18 04:00:00,1354.0,677.4332
2201-05-18 05:00:00,1354.0,629.4061
2201-05-18 06:00:00,1347.0,657.96704
2201-05-18 07:00:00,1345.0,623.38293
2201-05-18 08:00:00,1345.0,271.3252
2201-05-18 09:00:00,1350.0,205.3335
2201-05-18 10:00:00,1344.0,915.9806
2201-05-18 11:00:00,1347.0,990.44653
2201-05-18 12:00:00,1353.0,949.3938
2201-05-18 13:00:00,1359.0,882.6863
2201-05-18 14:00:00,1364.0,940.3661
2201-05-18 15:00:00,1369.0,927.90186
2201-05-18 16:00:00,1379.0,916.2479
2201-05-18 17:00:00,1387.0,817.1068
2201-05-18 18:00:00,1387.0,781.56995
2201-05-18 19:00:00,1381.0,799.8163
2201-05-18 20:00:00,1382.0,800.6196
2201-05-18 21:00:00,1384.0,724.98157
2201-05-18 22:00:00,1380.0,-442.69482
2201-05-18 23:00:00,1379.0,646.83374
2201-05-19 00:00:00,1385.0,501.96973
2201-05-19 01:00:00,1384.0,819.57434
2201-05-19 02:00:00,1396.0,763.3733
2201-05-19 03:00:00,1404.0,773.9995
2201-05-19 04:00:00,1423.0,796.2865
2201-05-19 05:00:00,1441.0,780.24146
2201-05-19 06:00:00,1443.0,745.162
2201-05-19 07:00:00,1441.0,721.1371
2201-05-19 08:00:00,1433.0,773.8439
2201-05-19 09:00:00,1434.0,696.8966
2201-05-19 10:00:00,1426.0,642.12915
2201-05-19 11:00:00,1421.0,681.03894
2201-05-19 12:00:00,1416.0,639.8307
2201-05-19 13:00:00,1418.0,648.3794
2201-05-19 14:00:00,1414.0,656.5038
2201-05-19 15:00:00,1417.0,448.78784
2201-05-19 16:00:00,1416.0,376.23218
2201-05-19 17:00:00,1415.0,-270.1211
2201-05-19 18:00:00,1410.0,156.11157
2201-05-19 19:00:00,1408.0,186.99829
2201-05-19 20:00:00,1406.0,284.13037
2201-05-19 21:00:00,1400.0,282.12524
2201-05-19 22:00:00,1398.0,368.74023
2201-05-19 23:00:00,1396.0,398.5359
2201-05-20 00:00:00,1393.0,513.5503
2201-05-20 01:00:00,1387.0,486.0243
2201-05-20 02:00:00,1383.0,484.60632
2201-05-20 03:00:00,1379.0,513.5503
2201-05-20 04:00:00,1375.0,515.2366
2201-05-20 05:00:00,1371.0,556.119
2201-05-20 06:00:00,1368.0,546.4785
2201-05-20 07:00:00,1365.0,580.34216
2201-05-20 08:00:00,1361.0,594.78613
2201-05-20 09:00:00,1360.0,571.7445
2201-05-20 10:00:00,1356.0,390.4624
2201-05-20 11:00:00,1352.0,271.28442
2201-05-20 12:00:00,1348.0,104.004395
2201-05-20 13:00:00,1345.0,7.88501
2201-05-20 14:00:00,1344.0,28.973877
2201-05-20 15:00:00,1344.0,138.2024
2201-05-20 16:00:00,1340.0,238.31226
2201-05-20 17:00:00,1339.0,119.329346
2201-05-20 18:00:00,1336.0,76.83276
2201-05-20 19:00:00,1335.0,101.8689
2201-05-20 20:00:00,1333.0,225.79248
2201-05-20 21:00:00,1331.0,290.47437
2201-05-20 22:00:00,1333.0,178.88574
2201-05-20 23:00:00,1330.0,141.05054
2201-05-21 00:00:00,1334.0,722.98596
2201-05-21 01:00:00,1339.0,527.9083
2201-05-21 02:00:00,1342.0,471.4054
2201-05-21 03:00:00,1344.0,473.6704
2201-05-21 04:00:00,1351.0,538.52234
2201-05-21 05:00:00,1355.0,565.3434
2201-05-21 06:00:00,1363.0,288.96338
2201-05-21 07:00:00,1377.0,431.73633
2201-05-21 08:00:00,1395.0,-908.32983
2201-05-21 09:00:00,1418.0,-312.63647
2201-05-21 10:00:00,1448.0,706.5083
2201-05-21 11:00:00,1507.0,1237.8584
2201-05-21 12:00:00,1651.0,1686.9318
2201-05-21 13:00:00,1838.0,2289.4944
2201-05-21 14:00:00,2046.0,2001.451
2201-05-21 15:00:00,2224.0,1996.041
2201-05-21 16:00:00,2373.0,1911.5491
2201-05-21 17:00:00,2489.0,1721.1681
2201-05-21 18:00:00,2567.0,1602.5454
2201-05-21 19:00:00,2602.0,1549.8607
2201-05-21 20:00:00,2604.0,1653.083
2201-05-21 21:00:00,2592.0,1974.2445
2201-05-21 22:00:00,2561.0,2160.494
2201-05-21 23:00:00,2532.0,2384.445
2201-05-22 00:00:00,2515.0,2909.018
2201-05-22 01:00:00,2519.0,2988.9119
2201-05-22 02:00:00,2533.0,3074.52
2201-05-22 03:00:00,2560.0,2951.0432
2201-05-22 04:00:00,2628.0,3382.3953
2201-05-22 05:00:00,2681.0,3233.9468
2201-05-22 06:00:00,2737.0,3174.0105
2201-05-22 07:00:00,2783.0,3047.409
2201-05-22 08:00:00,2820.0,3011.0981
2201-05-22 09:00:00,2834.0,2948.1694
2201-05-22 10:00:00,2840.0,3036.393
2201-05-22 11:00:00,2836.0,2994.7505
2201-05-22 12:00:00,2817.0,3100.2515
2201-05-22 13:00:00,2804.0,3160.6345
2201-05-22 14:00:00,2789.0,2931.9788
2201-05-22 15:00:00,2768.0,2677.0352
2201-05-22 16:00:00,2749.0,3167.1353
2201-05-22 17:00:00,2743.0,3610.8813
2201-05-22 18:00:00,2737.0,3989.9868
2201-05-22 19:00:00,2747.0,3920.0566
2201-05-22 20:00:00,2763.0,3594.6304
2201-05-22 21:00:00,2802.0,3876.202
2201-05-22 22:00:00,2846.0,3852.347
2201-05-22 23:00:00,2892.0,3750.7676
2201-05-23 00:00:00,2937.0,3756.7905
2201-05-23 01:00:00,2969.0,3846.1072
2201-05-23 02:00:00,2979.0,4207.912
2201-05-23 03:00:00,3005.0,4481.095
2201-05-23 04:00:00,3027.0,4048.8848
2201-05-23 05:00:00,3051.0,4578.9526
2201-05-23 06:00:00,3090.0,5072.957
2201-05-23 07:00:00,3148.0,4772.4395
2201-05-23 08:00:00,3206.0,4629.623
2201-05-23 09:00:00,3268.0,4802.1533
2201-05-23 10:00:00,3340.0,4481.1543
2201-05-23 11:00:00,3409.0,4816.7515
2201-05-23 12:00:00,3480.0,5330.22
2201-05-23 13:00:00,3553.0,5239.3516
2201-05-23 14:00:00,3638.0,5043.426
2201-05-23 15:00:00,3716.0,5402.415
2201-05-23 16:00:00,3791.0,5589.29
2201-05-23 17:00:00,3848.0,5743.996
2201-05-23 18:00:00,3910.0,5900.6924
2201-05-23 19:00:00,3957.0,6022.256
2201-05-23 20:00:00,4023.0,6300.834
2201-05-23 21:00:00,4108.0,6273.661
2201-05-23 22:00:00,4199.0,6491.525
2201-05-23 23:00:00,4279.0,6526.4688
2201-05-24 00:00:00,4357.0,6603.087
2201-05-24 01:00:00,4404.0,5205.082
2201-05-24 02:00:00,4436.0,5447.5664
2201-05-24 03:00:00,4476.0,6224.7715
2201-05-24 04:00:00,4514.0,6547.6973
2201-05-24 05:00:00,4556.0,7298.246
2201-05-24 06:00:00,4594.0,7545.843
2201-05-24 07:00:00,4644.0,7912.6084
2201-05-24 08:00:00,4695.0,7944.993
2201-05-24 09:00:00,4737.0,7943.496
2201-05-24 10:00:00,4813.0,8046.91
2201-05-24 11:00:00,4887.0,8252.646
2201-05-24 12:00:00,4980.0,8142.9414
2201-05-24 13:00:00,5088.0,8210.473
2201-05-24 14:00:00,5194.0,8333.713
2201-05-24 15:00:00,5277.0,8270.218
2201-05-24 16:00:00,5340.0,8366.878
2201-05-24 17:00:00,5404.0,8130.213
2201-05-24 18:00:00,5446.0,8004.8193
2201-05-24 19:00:00,5482.0,7944.4277
2201-05-24 20:00:00,5506.0,7848.001
2201-05-24 21:00:00,5513.0,7830.161
2201-05-24 22:00:00,5512.0,7750.415
2201-05-24 23:00:00,5515.0,7701.789
2201-05-25 00:00:00,5482.0,7531.992
2201-05-25 01:00:00,5450.0,7524.59
2201-05-25 02:00:00,5412.0,7452.795
2201-05-25 03:00:00,5365.0,7153.4463
2201-05-25 04:00:00,5321.0,6916.1436
2201-05-25 05:00:00,5269.0,6702.426
2201-05-25 06:00:00,5216.0,6477.8584
2201-05-25 07:00:00,5167.0,6213.9995
2201-05-25 08:00:00,5121.0,6073.8667
2201-05-25 09:00:00,5068.0,6048.9565
2201-05-25 10:00:00,5023.0,6211.779
2201-05-25 11:00:00,4966.0,6347.662
2201-05-25 12:00:00,4915.0,6411.0557
2201-05-25 13:00:00,4871.0,7062.2383
2201-05-25 14:00:00,4818.0,6763.6113
2201-05-25 15:00:00,4773.0,6859.3584
2201-05-25 16:00:00,4731.0,6737.7637
2201-05-25 17:00:00,4683.0,6079.3438
2201-05-25 18:00:00,4631.0,5850.937
2201-05-25 19:00:00,4580.0,5704.0
2201-05-25 20:00:00,4537.0,5359.1123
2201-05-25 21:00:00,4493.0,5131.89
2201-05-25 22:00:00,4442.0,4864.9995
2201-05-25 23:00:00,4385.0,4746.6084
2201-05-26 00:00:00,4341.0,4747.3154
2201-05-26 01:00:00,4284.0,4446.5684
2201-05-26 02:00:00,4244.0,4290.3237
2201-05-26 03:00:00,4193.0,3995.9292
2201-05-26 04:00:00,4144.0,3976.1409
2201-05-26 05:00:00,4106.0,3737.6626
2201-05-26 06:00:00,4056.0,3679.7383
2201-05-26 07:00:00,4012.0,3615.1167
2201-05-26 08:00:00,3972.0,3566.62
2201-05-26 09:00:00,3928.0,3846.4907
2201-05-26 10:00:00,3893.0,4027.539
2201-05-26 11:00:00,3851.0,4171.8784
2201-05-26 12:00:00,3810.0,4668.761
2201-05-26 13:00:00,3767.0,4780.449
2201-05-26 14:00:00,3737.0,4808.5986
2201-05-26 15:00:00,3699.0,5005.3174
2201-05-26 16:00:00,3665.0,5032.9893
2201-05-26 17:00:00,3656.0,4699.902
2201-05-26 18:00:00,3668.0,4500.9
2201-05-26 19:00:00,3692.0,4315.321
2201-05-26 20:00:00,3725.0,4132.9614
2201-05-26 21:00:00,3747.0,3985.9836
2201-05-26 22:00:00,3760.0,3938.98
2201-05-26 23:00:00,3756.0,3773.209
2201-05-27 00:00:00,3749.0,3688.651
2201-05-27 01:00:00,3729.0,3542.5312
2201-05-27 02:00:00,3719.0,3427.3062
2201-05-27 03:00:00,3705.0,3271.3315
2201-05-27 04:00:00,3673.0,3213.155
2201-05-27 05:00:00,3650.0,3165.9404
2201-05-27 06:00:00,3638.0,3072.493
2201-05-27 07:00:00,3627.0,3051.7996
2201-05-27 08:00:00,3605.0,2935.373
2201-05-27 09:00:00,3596.0,2970.8408
2201-05-27 10:00:00,3596.0,2994.7744
2201-05-27 11:00:00,3596.0,3365.1272
2201-05-27 12:00:00,3598.0,3698.435
2201-05-27 13:00:00,3587.0,3822.255
2201-05-27 14:00:00,3590.0,3967.748
2201-05-27 15:00:00,3589.0,3927.6328
2201-05-27 16:00:00,3583.0,4031.7378
2201-05-27 17:00:00,3564.0,3816.0078
2201-05-27 18:00:00,3548.0,3756.7388
2201-05-27 19:00:00,3544.0,3673.4849
2201-05-27 20:00:00,3524.0,3580.7437
2201-05-27 21:00:00,3505.0,3539.1377
2201-05-27 22:00:00,3498.0,3450.1597
2201-05-27 23:00:00,3482.0,3332.2808
2201-05-28 00:00:00,3474.0,3317.3916
2201-05-28 01:00:00,3460.0,3250.4644
2201-05-28 02:00:00,3438.0,3170.6277
2201-05-28 03:00:00,3423.0,3128.262
2201-05-28 04:00:00,3408.0,2994.9036
2201-05-28 05:00:00,3395.0,2885.8955
2201-05-28 06:00:00,3377.0,2852.1284
2201-05-28 07:00:00,3363.0,2746.5198
2201-05-28 08:00:00,3356.0,2667.6655
2201-05-28 09:00:00,3347.0,2610.7249
2201-05-28 10:00:00,3328.0,2550.943
2201-05-28 11:00:00,3319.0,2768.1958
2201-05-28 12:00:00,3308.0,2851.5042
2201-05-28 13:00:00,3287.0,2936.6218
2201-05-28 14:00:00,3273.0,3115.1353
2201-05-28 15:00:00,3267.0,3137.426
2201-05-28 16:00:00,3248.0,3159.0977
2201-05-28 17:00:00,3242.0,2943.968
2201-05-28 18:00:00,3225.0,2743.1233
2201-05-28 19:00:00,3218.0,2512.7112
2201-05-28 20:00:00,3204.0,2329.5784
2201-05-28 21:00:00,3187.0,2127.043
2201-05-28 22:00:00,3176.0,1944.8994
2201-05-28 23:00:00,3165.0,1832.531
2201-05-29 00:00:00,3152.0,1551.3528
2201-05-29 01:00:00,3144.0,1378.0548
2201-05-29 02:00:00,3128.0,1251.6475
2201-05-29 03:00:00,3118.0,1151.0515
2201-05-29 04:00:00,3105.0,1051.4492
2201-05-29 05:00:00,3092.0,933.1941
2201-05-29 06:00:00,3085.0,896.7235
2201-05-29 07:00:00,3069.0,828.7074
2201-05-29 08:00:00,3068.0,812.0713
2201-05-29 09:00:00,3052.0,1180.0397
2201-05-29 10:00:00,3046.0,1522.1865
2201-05-29 11:00:00,3033.0,1743.5586
2201-05-29 12:00:00,3021.0,2170.972
2201-05-29 13:00:00,3013.0,2449.275
2201-05-29 14:00:00,2998.0,2706.8845
2201-05-29 15:00:00,2986.0,2705.1794
2201-05-29 16:00:00,2978.0,2602.2637
2201-05-29 17:00:00,2971.0,2393.3047
2201-05-29 18:00:00,2961.0,2106.7517
2201-05-29 19:00:00,2950.0,1937.9696
2201-05-29 20:00:00,2943.0,1772.2615
2201-05-29 21:00:00,2929.0,1589.91
2201-05-29 22:00:00,2926.0,1485.0205
2201-05-29 23:00:00,2916.0,1400.5667
2201-05-30 00:00:00,2912.0,1749.393
2201-05-30 01:00:00,2907.0,904.5349
2201-05-30 02:00:00,2904.0,696.6177
2201-05-30 03:00:00,2895.0,1013.69275
2201-05-30 04:00:00,2898.0,1095.9247
2201-05-30 05:00:00,2899.0,1682.408
2201-05-30 06:00:00,2894.0,2154.0398
2201-05-30 07:00:00,2897.0,2545.2654
2201-05-30 08:00:00,2907.0,3065.691
2201-05-30 09:00:00,2910.0,3173.4216
2201-05-30 10:00:00,2922.0,3343.8335
2201-05-30 11:00:00,2938.0,3478.7268
2201-05-30 12:00:00,2953.0,3578.3772
2201-05-30 13:00:00,2964.0,3475.563
2201-05-30 14:00:00,2981.0,4136.1514
2201-05-30 15:00:00,2991.0,5080.4707
2201-05-30 16:00:00,3023.0,5249.748
2201-05-30 17:00:00,3071.0,5131.17
2201-05-30 18:00:00,3144.0,5908.362
2201-05-30 19:00:00,3275.0,6245.5244
2201-05-30 20:00:00,3540.0,6806.074
2201-05-30 21:00:00,3942.0,7482.378
2201-05-30 22:00:00,4423.0,7736.3516
2201-05-30 23:00:00,4897.0,7994.506
2201-05-31 00:00:00,5352.0,8398.44
2201-05-31 01:00:00,5822.0,8831.122
2201-05-31 02:00:00,6341.0,9178.16
2201-05-31 03:00:00,6917.0,9561.46
2201-05-31 04:00:00,7524.0,10169.284
2201-05-31 05:00:00,8067.0,10826.519
2201-05-31 06:00:00,8531.0,11517.852
2201-05-31 07:00:00,8917.0,12088.7705
2201-05-31 08:00:00,9250.0,12526.78
2201-05-31 09:00:00,9495.0,12853.154
2201-05-31 10:00:00,9642.0,13132.676
2201-05-31 11:00:00,9690.0,13183.101
2201-05-31 12:00:00,9663.0,13000.4375
2201-05-31 13:00:00,9580.999,13177.785
2201-05-31 14:00:00,9448.999,13423.091
2201-05-31 15:00:00,9317.999,14033.314
2201-05-31 16:00:00,9190.0,14536.6045
2201-05-31 17:00:00,9081.0,14265.423
2201-05-31 18:00:00,9003.0,14326.598
2201-05-31 19:00:00,8950.0,14342.934
2201-05-31 20:00:00,8897.0,14230.761
2201-05-31 21:00:00,8797.0,14272.547
2201-05-31 22:00:00,8714.0,14087.057
2201-05-31 23:00:00,8613.0,14016.1455
2201-06-01 00:00:00,8485.0,14057.506
2201-06-01 01:00:00,8386.0,13832.873
2201-06-01 02:00:00,8264.0,13490.238
2201-06-01 03:00:00,8134.0,13086.892
2201-06-01 04:00:00,8008.0,12720.956
2201-06-01 05:00:00,7893.0,12395.622
2201-06-01 06:00:00,7787.0,12167.717
2201-06-01 07:00:00,7667.0,11943.243
2201-06-01 08:00:00,7577.0,11686.163
2201-06-01 09:00:00,7468.0,11514.927
2201-06-01 10:00:00,7382.0,11974.358
2201-06-01 11:00:00,7293.0,12287.461
2201-06-01 12:00:00,7204.0,12484.553
2201-06-01 13:00:00,7128.0,12482.307
2201-06-01 14:00:00,7050.0,12319.736
2201-06-01 15:00:00,6981.0,11829.902
2201-06-01 16:00:00,6908.0,11428.669
2201-06-01 17:00:00,6845.0,11763.471
2201-06-01 18:00:00,6800.0,11921.562
2201-06-01 19:00:00,6754.0,12412.671
2201-06-01 20:00:00,6715.0,12563.392
2201-06-01 21:00:00,6690.0,12776.283
2201-06-01 22:00:00,6709.0,12227.794
2201-06-01 23:00:00,6755.0,12973.452
2201-06-02 00:00:00,6898.0,13301.595
2201-06-02 01:00:00,7113.0,13246.4
2201-06-02 02:00:00,7330.0,12994.652
2201-06-02 03:00:00,7517.0,12966.431
2201-06-02 04:00:00,7680.0,13081.217
2201-06-02 05:00:00,7792.0,13199.634
2201-06-02 06:00:00,7896.0,13212.91
2201-06-02 07:00:00,8012.0,13238.785
2201-06-02 08:00:00,8088.0,13110.969
2201-06-02 09:00:00,8183.0,13013.098
2201-06-02 10:00:00,8265.0,12936.172
2201-06-02 11:00:00,8383.0,13112.134
2201-06-02 12:00:00,8523.0,12908.429
2201-06-02 13:00:00,8716.0,12732.623
2201-06-02 14:00:00,8923.0,12626.539
2201-06-02 15:00:00,9109.0,12610.214
2201-06-02 16:00:00,9283.0,12557.037
2201-06-02 17:00:00,9385.0,12151.085
2201-06-02 18:00:00,9449.999,12135.745
2201-06-02 19:00:00,9431.0,11948.708
2201-06-02 20:00:00,9367.0,11795.776
2201-06-02 21:00:00,9261.0,11686.046
2201-06-02 22:00:00,9127.0,11567.515
2201-06-02 23:00:00,8956.0,11472.152
2201-06-03 00:00:00,8785.0,11432.041
2201-06-03 01:00:00,8574.0,11306.258
2201-06-03 02:00:00,8407.0,11098.787
2201-06-03 03:00:00,8237.0,11008.369
2201-06-03 04:00:00,8065.0,10889.759
2201-06-03 05:00:00,7931.0,10726.214
2201-06-03 06:00:00,7814.0,10593.111
2201-06-03 07:00:00,7706.0,10488.819
2201-06-03 08:00:00,7620.0,10385.559
2201-06-03 09:00:00,7551.0,10203.833
2201-06-03 10:00:00,7521.0,10209.326
2201-06-03 11:00:00,7475.0,10176.925
2201-06-03 12:00:00,7442.0,10211.117
2201-06-03 13:00:00,7398.0,10269.049
2201-06-03 14:00:00,7361.0,10156.034
2201-06-03 15:00:00,7343.0,10117.844
2201-06-03 16:00:00,7303.0,9641.255
2201-06-03 17:00:00,7252.0,9513.086
2201-06-03 18:00:00,7208.0,9250.434
2201-06-03 19:00:00,7151.0,9012.491
2201-06-03 20:00:00,7053.0,8749.734
2201-06-03 21:00:00,6955.0,8425.077
2201-06-03 22:00:00,6865.0,7976.7734
2201-06-03 23:00:00,6751.0,7726.76
2201-06-04 00:00:00,6645.0,7895.8115
2201-06-04 01:00:00,6549.0,7740.0723
2201-06-04 02:00:00,6476.0,7561.242
2201-06-04 03:00:00,6427.0,7593.1074
2201-06-04 04:00:00,6377.0,7749.1436
2201-06-04 05:00:00,6348.0,8111.908
2201-06-04 06:00:00,6298.0,8064.464
2201-06-04 07:00:00,6253.0,7977.6104
2201-06-04 08:00:00,6206.0,7980.174
2201-06-04 09:00:00,6162.0,7782.0977
2201-06-04 10:00:00,6130.0,7637.5195
2201-06-04 11:00:00,6067.0,7712.6514
2201-06-04 12:00:00,6000.0,7122.375
2201-06-04 13:00:00,5936.0,6852.798
2201-06-04 14:00:00,5870.0,6723.2188
2201-06-04 15:00:00,5814.0,6694.7607
2201-06-04 16:00:00,5756.0,6723.536
2201-06-04 17:00:00,5693.0,6356.6177
2201-06-04 18:00:00,5649.0,6369.256
2201-06-04 19:00:00,5592.0,6170.3516
2201-06-04 20:00:00,5534.0,6155.024
2201-06-04 21:00:00,5487.0,6059.9727
2201-06-04 22:00:00,5437.0,6134.2397
2201-06-04 23:00:00,5382.0,5959.2666
2201-06-05 00:00:00,5329.0,5895.489
2201-06-05 01:00:00,5284.0,5776.1045
2201-06-05 02:00:00,5230.0,5656.098
2201-06-05 03:00:00,5190.0,5493.617
2201-06-05 04:00:00,5130.0,5280.748
2201-06-05 05:00:00,5078.0,5109.534
2201-06-05 06:00:00,5035.0,4973.427
2201-06-05 07:00:00,4984.0,4738.245
2201-06-05 08:00:00,4951.0,4560.281
2201-06-05 09:00:00,4894.0,5002.114
2201-06-05 10:00:00,4842.0,4879.185
2201-06-05 11:00:00,4806.0,5095.0273
2201-06-05 12:00:00,4759.0,5141.875
2201-06-05 13:00:00,4712.0,5083.247
2201-06-05 14:00:00,4669.0,5208.548
2201-06-05 15:00:00,4625.0,4985.1777
2201-06-05 16:00:00,4588.0,5179.3516
2201-06-05 17:00:00,4550.0,5111.375
2201-06-05 18:00:00,4508.0,4871.3877
2201-06-05 19:00:00,4477.0,4654.089
2201-06-05 20:00:00,4442.0,4512.271
2201-06-05 21:00:00,4405.0,4392.4053
2201-06-05 22:00:00,4367.0,4242.1187
2201-06-05 23:00:00,4326.0,4121.1177
2201-06-06 00:00:00,4292.0,3971.222
2201-06-06 01:00:00,4261.0,3888.2397
2201-06-06 02:00:00,4225.0,3712.611
2201-06-06 03:00:00,4193.0,3640.9285
2201-06-06 04:00:00,4163.0,3509.0938
2201-06-06 05:00:00,4127.0,3354.9404
2201-06-06 06:00:00,4087.0,3269.9363
2201-06-06 07:00:00,4060.0,3053.4543
2201-06-06 08:00:00,4026.0,2992.502
2201-06-06 09:00:00,4006.0,3606.9675
2201-06-06 10:00:00,3964.0,3836.0938
2201-06-06 11:00:00,3936.0,4342.428
2201-06-06 12:00:00,3910.0,4455.597
2201-06-06 13:00:00,3876.0,4576.761
2201-06-06 14:00:00,3849.0,4614.1885
2201-06-06 15:00:00,3833.0,4473.628
2201-06-06 16:00:00,3802.0,4436.79
2201-06-06 17:00:00,3770.0,4518.75
2201-06-06 18:00:00,3752.0,4312.9233
2201-06-06 19:00:00,3723.0,4110.959
2201-06-06 20:00:00,3692.0,3848.1523
2201-06-06 21:00:00,3658.0,3668.1782
2201-06-06 22:00:00,3636.0,3452.751
2201-06-06 23:00:00,3604.0,3244.607
2201-06-07 00:00:00,3581.0,3150.343
2201-06-07 01:00:00,3553.0,3021.4624
2201-06-07 02:00:00,3533.0,2857.0278
2201-06-07 03:00:00,3504.0,2718.695
2201-06-07 04:00:00,3482.0,2502.8374
2201-06-07 05:00:00,3458.0,2308.8267
2201-06-07 06:00:00,3438.0,2114.811
2201-06-07 07:00:00,3416.0,2017.1875
2201-06-07 08:00:00,3398.0,1763.4053
2201-06-07 09:00:00,3382.0,1841.2732
2201-06-07 10:00:00,3357.0,1882.6686
2201-06-07 11:00:00,3330.0,2204.935
2201-06-07 12:00:00,3312.0,2406.4453
2201-06-07 13:00:00,3288.0,2629.205
2201-06-07 14:00:00,3266.0,2538.947
2201-06-07 15:00:00,3254.0,2479.147
2201-06-07 16:00:00,3236.0,2529.5789
2201-06-07 17:00:00,3214.0,2563.7314
2201-06-07 18:00:00,3186.0,2496.3726
2201-06-07 19:00:00,3160.0,2332.535
2201-06-07 20:00:00,3126.0,2122.564
2201-06-07 21:00:00,3091.0,1932.4075
2201-06-07 22:00:00,3071.0,1757.8164
2201-06-07 23:00:00,3040.0,1636.5449
2201-06-08 00:00:00,3012.0,1833.0431
2201-06-08 01:00:00,2986.0,1701.3706
2201-06-08 02:00:00,2972.0,1545.0652
2201-06-08 03:00:00,2954.0,1414.4723
2201-06-08 04:00:00,2935.0,1267.7773
2201-06-08 05:00:00,2916.0,1134.0239
2201-06-08 06:00:00,2899.0,1019.7726
2201-06-08 07:00:00,2880.0,964.0128
2201-06-08 08:00:00,2868.0,864.4872
2201-06-08 09:00:00,2846.0,1026.0417
2201-06-08 10:00:00,2829.0,1131.0315
2201-06-08 11:00:00,2807.0,1808.7065
2201-06-08 12:00:00,2792.0,2064.7458
2201-06-08 13:00:00,2770.0,2361.935
2201-06-08 14:00:00,2753.0,2512.604
2201-06-08 15:00:00,2729.0,2707.3118
2201-06-08 16:00:00,2721.0,2607.3098
2201-06-08 17:00:00,2700.0,2712.0256
2201-06-08 18:00:00,2687.0,2742.7937
2201-06-08 19:00:00,2664.0,2675.1968
2201-06-08 20:00:00,2651.0,2468.6807
2201-06-08 21:00:00,2638.0,2293.0874
2201-06-08 22:00:00,2609.0,2095.5896
2201-06-08 23:00:00,2586.0,1943.2205
2201-06-09 00:00:00,2560.0,1768.2988
2201-06-09 01:00:00,2533.0,1557.864
2201-06-09 02:00:00,2508.0,1358.6603
2201-06-09 03:00:00,2483.0,1169.8053
2201-06-09 04:00:00,2460.0,1024.0935
2201-06-09 05:00:00,2445.0,893.2894
2201-06-09 06:00:00,2424.0,843.3546
2201-06-09 07:00:00,2408.0,738.92236
2201-06-09 08:00:00,2387.0,690.2472
2201-06-09 09:00:00,2376.0,881.1354
2201-06-09 10:00:00,2364.0,1383.0549
2201-06-09 11:00:00,2340.0,1881.1692
2201-06-09 12:00:00,2333.0,2248.5464
2201-06-09 13:00:00,2315.0,2534.6606
2201-06-09 14:00:00,2296.0,2692.2615
2201-06-09 15:00:00,2286.0,2687.9119
2201-06-09 16:00:00,2279.0,2852.6538
2201-06-09 17:00:00,2274.0,2880.375
2201-06-09 18:00:00,2251.0,2800.1196
2201-06-09 19:00:00,2248.0,2449.3015
2201-06-09 20:00:00,2232.0,2120.113
2201-06-09 21:00:00,2224.0,1885.6489
2201-06-09 22:00:00,2214.0,1704.6292
2201-06-09 23:00:00,2197.0,1494.3828
2201-06-10 00:00:00,2189.0,1393.2495
2201-06-10 01:00:00,2168.0,1263.4622
2201-06-10 02:00:00,2158.0,1166.3158
2201-06-10 03:00:00,2154.0,1099.5507
2201-06-10 04:00:00,2141.0,985.1633
2201-06-10 05:00:00,2133.0,987.6079
2201-06-10 06:00:00,2122.0,960.698
2201-06-10 07:00:00,2105.0,949.42993
2201-06-10 08:00:00,2100.0,1031.5812
2201-06-10 09:00:00,2088.0,1267.42
2201-06-10 10:00:00,2078.0,1485.554
2201-06-10 11:00:00,2073.0,1752.0757
2201-06-10 12:00:00,2060.0,1917.1697
2201-06-10 13:00:00,2046.0,2023.082
2201-06-10 14:00:00,2040.0,2050.8237
2201-06-10 15:00:00,2032.0,1988.5869
2201-06-10 16:00:00,2021.0,1875.8772
2201-06-10 17:00:00,2015.0,2099.694
2201-06-10 18:00:00,2004.0,2110.3247
2201-06-10 19:00:00,2000.0,2172.094
2201-06-10 20:00:00,1990.0,2078.2412
2201-06-10 21:00:00,1985.0,1942.283
2201-06-10 22:00:00,1974.0,1792.5448
2201-06-10 23:00:00,1960.0,1609.8713
2201-06-11 00:00:00,1953.0,1288.3696
2201-06-11 01:00:00,1947.0,1222.7834
2201-06-11 02:00:00,1933.0,1096.422
2201-06-11 03:00:00,1927.0,1038.8098
2201-06-11 04:00:00,1916.0,976.3341
2201-06-11 05:00:00,1908.0,940.45447
2201-06-11 06:00:00,1903.0,937.042
2201-06-11 07:00:00,1894.0,896.55835
2201-06-11 08:00:00,1880.0,956.69165
2201-06-11 09:00:00,1877.0,1219.5999
2201-06-11 10:00:00,1866.0,1404.3866
2201-06-11 11:00:00,1863.0,1686.4846
2201-06-11 12:00:00,1845.0,1832.0112
2201-06-11 13:00:00,1835.0,1966.2488
2201-06-11 14:00:00,1833.0,2015.6464
2201-06-11 15:00:00,1819.0,1842.4746
2201-06-11 16:00:00,1810.0,2043.1708
2201-06-11 17:00:00,1807.0,1911.9639
2201-06-11 18:00:00,1793.0,2038.4188
2201-06-11 19:00:00,1797.0,1932.8345
2201-06-11 20:00:00,1788.0,1806.0455
2201-06-11 21:00:00,1784.0,1673.7385
2201-06-11 22:00:00,1775.0,1514.0842
2201-06-11 23:00:00,1766.0,1326.4236
2201-06-12 00:00:00,1754.0,1153.2153
2201-06-12 01:00:00,1754.0,981.5991
2201-06-12 02:00:00,1752.0,865.9724
2201-06-12 03:00:00,1739.0,784.6537
2201-06-12 04:00:00,1734.0,722.254
2201-06-12 05:00:00,1725.0,719.61194
2201-06-12 06:00:00,1717.0,744.35583
2201-06-12 07:00:00,1719.0,799.6902
2201-06-12 08:00:00,1715.0,833.77954
2201-06-12 09:00:00,1707.0,959.41016
2201-06-12 10:00:00,1701.0,1008.09265
2201-06-12 11:00:00,1689.0,1264.9924
2201-06-12 12:00:00,1688.0,1507.6746
2201-06-12 13:00:00,1684.0,1733.0856
2201-06-12 14:00:00,1670.0,1958.4077
2201-06-12 15:00:00,1670.0,2084.1643
2201-06-12 16:00:00,1667.0,2103.841
2201-06-12 17:00:00,1665.0,2094.3042
2201-06-12 18:00:00,1650.0,1901.5894
2201-06-12 19:00:00,1648.0,1746.9253
2201-06-12 20:00:00,1650.0,1567.4417
2201-06-12 21:00:00,1641.0,1447.9529
2201-06-12 22:00:00,1640.0,1375.162
2201-06-12 23:00:00,1633.0,1271.5364
2201-06-13 00:00:00,1628.0,852.87976
2201-06-13 01:00:00,1618.0,837.45544
2201-06-13 02:00:00,1622.0,894.94653
2201-06-13 03:00:00,1612.0,912.2665
2201-06-13 04:00:00,1608.0,948.4645
2201-06-13 05:00:00,1604.0,961.6671
2201-06-13 06:00:00,1597.0,988.5548
2201-06-13 07:00:00,1589.0,990.3187
2201-06-13 08:00:00,1586.0,1013.8096
2201-06-13 09:00:00,1583.0,1077.1122
2201-06-13 10:00:00,1579.0,1294.7319
2201-06-13 11:00:00,1573.0,1255.8511
2201-06-13 12:00:00,1569.0,1514.8999
2201-06-13 13:00:00,1565.0,1702.7112
2201-06-13 14:00:00,1557.0,1963.3992
2201-06-13 15:00:00,1553.0,2012.7888
2201-06-13 16:00:00,1547.0,1992.948
2201-06-13 17:00:00,1543.0,2111.4453
2201-06-13 18:00:00,1541.0,1891.5
2201-06-13 19:00:00,1530.0,1737.3787
2201-06-13 20:00:00,1528.0,1601.7664
2201-06-13 21:00:00,1523.0,1471.3772
2201-06-13 22:00:00,1518.0,1371.3639
2201-06-13 23:00:00,1511.0,1258.1154
2201-06-14 00:00:00,1509.0,945.0448
2201-06-14 01:00:00,1507.0,1005.0499
2201-06-14 02:00:00,1501.0,1091.7645
2201-06-14 03:00:00,1494.0,735.5254
2201-06-14 04:00:00,1491.0,782.08765
2201-06-14 05:00:00,1488.0,806.30334
2201-06-14 06:00:00,1482.0,667.9751
2201-06-14 07:00:00,1478.0,703.89575
2201-06-14 08:00:00,1472.0,806.6138
2201-06-14 09:00:00,1468.0,984.61316
2201-06-14 10:00:00,1469.0,1165.319
2201-06-14 11:00:00,1462.0,1199.0084
2201-06-14 12:00:00,1454.0,1093.2172
2201-06-14 13:00:00,1450.0,946.06665
2201-06-14 14:00:00,1440.0,892.05115
2201-06-14 15:00:00,1437.0,899.36536
2201-06-14 16:00:00,1430.0,776.2449
2201-06-14 17:00:00,1424.0,1037.1356
2201-06-14 18:00:00,1423.0,1223.8751
2201-06-14 19:00:00,1419.0,1028.665
2201-06-14 20:00:00,1417.0,916.43445
2201-06-14 21:00:00,1407.0,749.8082
2201-06-14 22:00:00,1403.0,689.9009
2201-06-14 23:00:00,1398.0,642.9514
2201-06-15 00:00:00,1393.0,635.83765
2201-06-15 01:00:00,1391.0,619.5316
2201-06-15 02:00:00,1386.0,566.59045
2201-06-15 03:00:00,1383.0,563.81396
2201-06-15 04:00:00,1375.0,584.84937
2201-06-15 05:00:00,1377.0,590.1205
2201-06-15 06:00:00,1371.0,687.5874
2201-06-15 07:00:00,1364.0,736.89844
2201-06-15 08:00:00,1361.0,847.7638
2201-06-15 09:00:00,1357.0,964.4269
2201-06-15 10:00:00,1348.0,1124.8683
2201-06-15 11:00:00,1343.0,1250.8741
2201-06-15 12:00:00,1340.0,1306.981
2201-06-15 13:00:00,1333.0,1223.5609
2201-06-15 14:00:00,1327.0,1070.4244
2201-06-15 15:00:00,1326.0,820.09326
2201-06-15 16:00:00,1322.0,976.04016
2201-06-15 17:00:00,1321.0,1008.5394
2201-06-15 18:00:00,1317.0,1282.3591
2201-06-15 19:00:00,1314.0,1242.3849
2201-06-15 20:00:00,1311.0,1230.7362
2201-06-15 21:00:00,1305.0,1220.7144
2201-06-15 22:00:00,1303.0,1143.1755
2201-06-15 23:00:00,1296.0,1003.9579
2201-06-16 00:00:00,1293.0,849.19775
2201-06-16 01:00:00,1288.0,732.85266
2201-06-16 02:00:00,1282.0,647.6825
2201-06-16 03:00:00,1281.0,572.13184
2201-06-16 04:00:00,1276.0,505.72522
2201-06-16 05:00:00,1270.0,465.69934
2201-06-16 06:00:00,1266.0,489.88977
2201-06-16 07:00:00,1265.0,508.6234
2201-06-16 08:00:00,1261.0,554.56555
2201-06-16 09:00:00,1257.0,883.532
2201-06-16 10:00:00,1253.0,996.8124
2201-06-16 11:00:00,1249.0,1331.5597
2201-06-16 12:00:00,1247.0,1459.5662
2201-06-16 13:00:00,1241.0,1564.979
2201-06-16 14:00:00,1236.0,1610.4158
2201-06-16 15:00:00,1235.0,1627.2908
2201-06-16 16:00:00,1231.0,1594.6384
2201-06-16 17:00:00,1229.0,1753.3601
2201-06-16 18:00:00,1230.0,1598.0457
2201-06-16 19:00:00,1227.0,1508.3198
2201-06-16 20:00:00,1223.0,1420.5865
2201-06-16 21:00:00,1219.0,1309.3232
2201-06-16 22:00:00,1218.0,1175.8461
2201-06-16 23:00:00,1216.0,1061.5645
2201-06-17 00:00:00,1212.0,1104.8435
2201-06-17 01:00:00,1209.0,1026.6982
2201-06-17 02:00:00,1201.0,944.01794
2201-06-17 03:00:00,1198.0,960.7969
2201-06-17 04:00:00,1191.0,966.6466
2201-06-17 05:00:00,1190.0,937.2023
2201-06-17 06:00:00,1186.0,1001.55383
2201-06-17 07:00:00,1183.0,964.28345
2201-06-17 08:00:00,1180.0,994.765
2201-06-17 09:00:00,1178.0,1283.6304
2201-06-17 10:00:00,1176.0,1491.033
2201-06-17 11:00:00,1176.0,1583.8342
2201-06-17 12:00:00,1171.0,1874.0669
2201-06-17 13:00:00,1169.0,1900.7773
2201-06-17 14:00:00,1165.0,2061.5366
2201-06-17 15:00:00,1163.0,1925.671
2201-06-17 16:00:00,1163.0,1846.4819
2201-06-17 17:00:00,1163.0,1654.1064
2201-06-17 18:00:00,1159.0,1628.7751
2201-06-17 19:00:00,1162.0,1552.1482
2201-06-17 20:00:00,1158.0,1472.0991
2201-06-17 21:00:00,1153.0,1473.367
2201-06-17 22:00:00,1154.0,1352.5247
2201-06-17 23:00:00,1150.0,1244.5504
2201-06-18 00:00:00,1150.0,1226.2367
2201-06-18 01:00:00,1144.0,1124.06
2201-06-18 02:00:00,1142.0,1093.096
2201-06-18 03:00:00,1143.0,990.60254
2201-06-18 04:00:00,1137.0,979.42847
2201-06-18 05:00:00,1141.0,934.1981
2201-06-18 06:00:00,1132.0,904.58765
2201-06-18 07:00:00,1136.0,828.46704
2201-06-18 08:00:00,1134.0,824.85693
2201-06-18 09:00:00,1130.0,786.98486
2201-06-18 10:00:00,1133.0,943.09375
2201-06-18 11:00:00,1127.0,1149.6586
2201-06-18 12:00:00,1129.0,1204.0763
2201-06-18 13:00:00,1133.0,1366.1218
2201-06-18 14:00:00,1132.0,1422.2439
2201-06-18 15:00:00,1130.0,1278.3569
2201-06-18 16:00:00,1132.0,1326.3177
2201-06-18 17:00:00,1131.0,1155.9612
2201-06-18 18:00:00,1140.0,123.68652
2201-06-18 19:00:00,1147.0,229.0935
2201-06-18 20:00:00,1158.0,788.79456
2201-06-18 21:00:00,1166.0,73.29614
2201-06-18 22:00:00,1186.0,481.96387
2201-06-18 23:00:00,1211.0,413.08423
2201-06-19 00:00:00,1250.0,716.5841
2201-06-19 01:00:00,1293.0,1251.9624
2201-06-19 02:00:00,1356.0,1618.7378
2201-06-19 03:00:00,1465.0,1488.9255
2201-06-19 04:00:00,1636.0,1395.3179
2201-06-19 05:00:00,1855.0,2086.0076
2201-06-19 06:00:00,2159.0,2837.9927
2201-06-19 07:00:00,2514.0,2556.1348
2201-06-19 08:00:00,2871.0,2939.2192
2201-06-19 09:00:00,3234.0,4217.5547
2201-06-19 10:00:00,3566.0,3802.5293
2201-06-19 11:00:00,3791.0,5181.1606
2201-06-19 12:00:00,3940.0,5495.378
2201-06-19 13:00:00,4028.0,5779.4673
2201-06-19 14:00:00,4089.0,5449.1084
2201-06-19 15:00:00,4169.0,5383.6973
2201-06-19 16:00:00,4257.0,5198.952
2201-06-19 17:00:00,4368.0,5221.332
2201-06-19 18:00:00,4471.0,5371.2812
2201-06-19 19:00:00,4518.0,5465.3774
2201-06-19 20:00:00,4534.0,5126.5674
2201-06-19 21:00:00,4532.0,5264.8594
2201-06-19 22:00:00,4555.0,6705.0596
2201-06-19 23:00:00,4599.0,6629.504
2201-06-20 00:00:00,4640.0,6914.913
2201-06-20 01:00:00,4667.0,6972.6484
2201-06-20 02:00:00,4678.0,6804.0684
2201-06-20 03:00:00,4668.0,7526.577
2201-06-20 04:00:00,4637.0,7797.126
2201-06-20 05:00:00,4599.0,8228.267
2201-06-20 06:00:00,4572.0,8543.1
2201-06-20 07:00:00,4557.0,8871.876
2201-06-20 08:00:00,4559.0,9374.98
2201-06-20 09:00:00,4581.0,9356.383
2201-06-20 10:00:00,4623.0,9515.175
2201-06-20 11:00:00,4691.0,9275.017
2201-06-20 12:00:00,4761.0,9905.709
2201-06-20 13:00:00,4823.0,10395.914
2201-06-20 14:00:00,4892.0,10484.382
2201-06-20 15:00:00,4976.0,10803.138
2201-06-20 16:00:00,5062.0,10091.844
2201-06-20 17:00:00,5161.0,10414.135
2201-06-20 18:00:00,5241.0,10406.709
2201-06-20 19:00:00,5315.0,10929.407
2201-06-20 20:00:00,5380.0,10176.303
2201-06-20 21:00:00,5407.0,10450.335
2201-06-20 22:00:00,5416.0,10501.43
2201-06-20 23:00:00,5425.0,10163.96
2201-06-21 00:00:00,5439.0,10450.801
2201-06-21 01:00:00,5464.0,10493.441
2201-06-21 02:00:00,5476.0,10067.376
2201-06-21 03:00:00,5493.0,9777.107
2201-06-21 04:00:00,5500.0,9631.261
2201-06-21 05:00:00,5508.0,9494.13
2201-06-21 06:00:00,5522.0,9361.858
2201-06-21 07:00:00,5535.0,9422.283
2201-06-21 08:00:00,5554.0,9388.987
2201-06-21 09:00:00,5569.0,9350.483
2201-06-21 10:00:00,5611.0,9496.513
2201-06-21 11:00:00,5671.0,9533.222
2201-06-21 12:00:00,5752.0,9465.058
2201-06-21 13:00:00,5862.0,9418.032
2201-06-21 14:00:00,5983.0,9156.923
2201-06-21 15:00:00,6120.0,8806.613
2201-06-21 16:00:00,6244.0,9052.368
2201-06-21 17:00:00,6345.0,9751.709
2201-06-21 18:00:00,6438.0,9355.436
2201-06-21 19:00:00,6507.0,9524.595
2201-06-21 20:00:00,6600.0,9148.21
2201-06-21 21:00:00,6762.0,9233.627
2201-06-21 22:00:00,7108.0,9963.939
2201-06-21 23:00:00,7677.0,10795.067
2201-06-22 00:00:00,8493.0,11972.001
2201-06-22 01:00:00,9458.0,12596.706
2201-06-22 02:00:00,10475.0,13343.629
2201-06-22 03:00:00,11533.0,13774.244
2201-06-22 04:00:00,12632.0,15001.56
2201-06-22 05:00:00,13799.0,16170.634
2201-06-22 06:00:00,14932.0,16709.734
2201-06-22 07:00:00,16046.0,17338.506
2201-06-22 08:00:00,17122.0,17052.258
2201-06-22 09:00:00,18043.998,17656.492
2201-06-22 10:00:00,18762.998,17657.193
2201-06-22 11:00:00,19191.0,17994.838
2201-06-22 12:00:00,19561.0,18565.172
2201-06-22 13:00:00,19817.0,18945.975
2201-06-22 14:00:00,19948.0,19044.084
2201-06-22 15:00:00,20063.0,19154.334
2201-06-22 16:00:00,20141.0,19265.654
2201-06-22 17:00:00,20094.0,18998.242
2201-06-22 18:00:00,20056.0,18937.652
2201-06-22 19:00:00,19944.0,18794.043
2201-06-22 20:00:00,19808.0,18605.176
2201-06-22 21:00:00,19589.0,18631.88
2201-06-22 22:00:00,19348.0,18262.518
2201-06-22 23:00:00,19152.0,18321.143
2201-06-23 00:00:00,18888.0,17941.99
2201-06-23 01:00:00,18640.0,17973.576
2201-06-23 02:00:00,18381.998,18159.748
2201-06-23 03:00:00,18121.998,18477.18
2201-06-23 04:00:00,17861.0,18514.238
2201-06-23 05:00:00,17538.0,18514.13
2201-06-23 06:00:00,17222.0,18526.82
2201-06-23 07:00:00,16967.0,18590.967
2201-06-23 08:00:00,16644.998,18516.365
2201-06-23 09:00:00,16378.0,18772.443
2201-06-23 10:00:00,16109.999,18502.646
2201-06-23 11:00:00,15828.001,18318.863
2201-06-23 12:00:00,15630.0,18032.492
2201-06-23 13:00:00,15394.0,17754.008
2201-06-23 14:00:00,15174.0,17603.896
2201-06-23 15:00:00,15004.0,17367.852
2201-06-23 16:00:00,14842.0,16705.457
2201-06-23 17:00:00,14691.0,16013.583
2201-06-23 18:00:00,14590.0,15557.465
2201-06-23 19:00:00,14521.0,15129.057
2201-06-23 20:00:00,14436.0,14624.58
2201-06-23 21:00:00,14419.0,14178.717
2201-06-23 22:00:00,14361.0,13766.193
2201-06-23 23:00:00,14359.0,13472.435
2201-06-24 00:00:00,14349.0,13128.855
2201-06-24 01:00:00,14339.0,12840.662
2201-06-24 02:00:00,14275.0,12562.715
2201-06-24 03:00:00,14196.0,12277.948
2201-06-24 04:00:00,14142.0,12108.559
2201-06-24 05:00:00,14035.0,11949.8545
2201-06-24 06:00:00,13868.0,11658.199
2201-06-24 07:00:00,13659.0,11404.6875
2201-06-24 08:00:00,13440.0,11244.045
2201-06-24 09:00:00,13247.0,11470.53
2201-06-24 10:00:00,12976.0,11203.223
2201-06-24 11:00:00,12726.0,11127.777
2201-06-24 12:00:00,12490.0,11187.575
2201-06-24 13:00:00,12191.0,10851.447
2201-06-24 14:00:00,11927.0,10912.67
2201-06-24 15:00:00,11672.0,10554.413
2201-06-24 16:00:00,11447.0,10449.889
2201-06-24 17:00:00,11220.0,10012.123
2201-06-24 18:00:00,11021.0,9676.43
2201-06-24 19:00:00,10803.0,9471.016
2201-06-24 20:00:00,10618.0,9402.928
2201-06-24 21:00:00,10419.0,9201.509
2201-06-24 22:00:00,10239.0,8982.067
2201-06-24 23:00:00,10048.0,8883.071
2201-06-25 00:00:00,9864.0,8729.004
2201-06-25 01:00:00,9695.0,8505.766
2201-06-25 02:00:00,9526.999,8267.303
2201-06-25 03:00:00,9361.0,8126.993
2201-06-25 04:00:00,9225.999,7981.622
2201-06-25 05:00:00,9072.0,7737.172
2201-06-25 06:00:00,8928.0,7572.4424
2201-06-25 07:00:00,8785.0,7390.041
2201-06-25 08:00:00,8668.0,7621.914
2201-06-25 09:00:00,8518.0,7329.468
2201-06-25 10:00:00,8404.0,7235.2754
2201-06-25 11:00:00,8297.0,7148.623
2201-06-25 12:00:00,8170.0,7098.626
2201-06-25 13:00:00,8058.0,7139.879
2201-06-25 14:00:00,7946.0,7049.6904
2201-06-25 15:00:00,7849.0,6913.913
2201-06-25 16:00:00,7760.0,6836.635
2201-06-25 17:00:00,7675.0,6878.0967
2201-06-25 18:00:00,7570.0,6438.786
2201-06-25 19:00:00,7464.0,6312.0938
2201-06-25 20:00:00,7362.0,6134.903
2201-06-25 21:00:00,7259.0,6004.6396
2201-06-25 22:00:00,7155.0,5933.0547
2201-06-25 23:00:00,7081.0,5759.9043
2201-06-26 00:00:00,6992.0,5488.798
2201-06-26 01:00:00,6915.0,5485.0527
2201-06-26 02:00:00,6839.0,5378.753
2201-06-26 03:00:00,6773.0,5365.356
2201-06-26 04:00:00,6715.0,5319.195
2201-06-26 05:00:00,6664.0,5321.1562
2201-06-26 06:00:00,6595.0,5300.1035
2201-06-26 07:00:00,6537.0,5240.708
2201-06-26 08:00:00,6473.0,5418.745
2201-06-26 09:00:00,6406.0,5248.6006
2201-06-26 10:00:00,6370.0,5322.087
2201-06-26 11:00:00,6287.0,5333.7803
2201-06-26 12:00:00,6228.0,5398.6904
2201-06-26 13:00:00,6173.0,5231.577
2201-06-26 14:00:00,6137.0,5253.9155
2201-06-26 15:00:00,6079.0,5328.9805
2201-06-26 16:00:00,6024.0,5169.1953
2201-06-26 17:00:00,5976.0,5321.5107
2201-06-26 18:00:00,5925.0,5151.251
2201-06-26 19:00:00,5886.0,5133.6465
2201-06-26 20:00:00,5832.0,5095.1084
2201-06-26 21:00:00,5793.0,5012.085
2201-06-26 22:00:00,5742.0,5077.3594
2201-06-26 23:00:00,5703.0,4997.0215
2201-06-27 00:00:00,5664.0,4901.67
2201-06-27 01:00:00,5630.0,4873.1465
2201-06-27 02:00:00,5581.0,4767.7
2201-06-27 03:00:00,5550.0,4659.585
2201-06-27 04:00:00,5521.0,4649.7217
2201-06-27 05:00:00,5483.0,4562.119
2201-06-27 06:00:00,5447.0,4491.6416
2201-06-27 07:00:00,5414.0,4367.3745
2201-06-27 08:00:00,5388.0,4953.089
2201-06-27 09:00:00,5352.0,4772.241
2201-06-27 10:00:00,5313.0,5031.8467
2201-06-27 11:00:00,5286.0,5281.837
2201-06-27 12:00:00,5252.0,5562.2324
2201-06-27 13:00:00,5220.0,5888.58
2201-06-27 14:00:00,5204.0,4886.223
2201-06-27 15:00:00,5173.0,3107.9111
2201-06-27 16:00:00,5170.0,2973.4094
2201-06-27 17:00:00,5168.0,4021.338
2201-06-27 18:00:00,5197.0,4196.1743
2201-06-27 19:00:00,5275.0,4966.5796
2201-06-27 20:00:00,5427.0,6830.411
2201-06-27 21:00:00,5685.0,8344.513
2201-06-27 22:00:00,6063.0,8739.863
2201-06-27 23:00:00,6497.0,9054.374
2201-06-28 00:00:00,6872.0,10081.801
2201-06-28 01:00:00,7204.0,11077.124
2201-06-28 02:00:00,7544.0,11912.272
2201-06-28 03:00:00,7917.0,12466.193
2201-06-28 04:00:00,8349.0,12858.592
2201-06-28 05:00:00,8865.0,13172.538
2201-06-28 06:00:00,9379.0,13065.683
2201-06-28 07:00:00,9965.0,12618.779
2201-06-28 08:00:00,10497.0,12851.738
2201-06-28 09:00:00,11006.0,12627.104
2201-06-28 10:00:00,11415.0,12429.061
2201-06-28 11:00:00,11717.0,12333.043
2201-06-28 12:00:00,11848.0,12270.065
2201-06-28 13:00:00,11941.0,12444.49
2201-06-28 14:00:00,11989.0,12493.694
2201-06-28 15:00:00,11988.0,12600.978
2201-06-28 16:00:00,11977.0,12713.147
2201-06-28 17:00:00,11925.0,12666.89
2201-06-28 18:00:00,11880.0,12244.19
2201-06-28 19:00:00,11784.0,11968.14
2201-06-28 20:00:00,11661.0,11701.335
2201-06-28 21:00:00,11485.0,11528.968
2201-06-28 22:00:00,11244.0,11329.826
2201-06-28 23:00:00,11014.0,11204.245
2201-06-29 00:00:00,10747.0,10936.456
2201-06-29 01:00:00,10513.0,11224.054
2201-06-29 02:00:00,10280.0,11044.829
2201-06-29 03:00:00,10057.0,10994.053
2201-06-29 04:00:00,9847.0,10597.116
2201-06-29 05:00:00,9655.0,10710.244
2201-06-29 06:00:00,9501.999,11107.194
2201-06-29 07:00:00,9366.0,11200.684
2201-06-29 08:00:00,9234.0,10674.149
2201-06-29 09:00:00,9164.0,10446.723
2201-06-29 10:00:00,9108.0,10507.849
2201-06-29 11:00:00,9065.0,10335.979
2201-06-29 12:00:00,9039.0,10335.524
2201-06-29 13:00:00,9029.0,10321.204
2201-06-29 14:00:00,9037.0,10348.611
2201-06-29 15:00:00,9012.0,10327.612
2201-06-29 16:00:00,8976.0,10379.426
2201-06-29 17:00:00,8881.0,10206.913
2201-06-29 18:00:00,8779.0,10001.459
2201-06-29 19:00:00,8668.0,9656.741
2201-06-29 20:00:00,8542.0,9544.918
2201-06-29 21:00:00,8439.0,9346.648
2201-06-29 22:00:00,8363.0,8993.247
2201-06-29 23:00:00,8303.0,8582.148
2201-06-30 00:00:00,8285.0,8145.2607
2201-06-30 01:00:00,8274.0,7830.909
2201-06-30 02:00:00,8265.0,7448.676
2201-06-30 03:00:00,8256.0,7137.708
2201-06-30 04:00:00,8259.0,6926.535
2201-06-30 05:00:00,8240.0,6493.0083
2201-06-30 06:00:00,8220.0,6233.6953
2201-06-30 07:00:00,8170.0,5893.1104
2201-06-30 08:00:00,8126.0,5942.3965
2201-06-30 09:00:00,8052.0,6177.7915
2201-06-30 10:00:00,7987.0,6331.997
2201-06-30 11:00:00,7910.0,6868.3945
2201-06-30 12:00:00,7828.0,7118.207
2201-06-30 13:00:00,7722.0,7339.498
2201-06-30 14:00:00,7607.0,7523.376
2201-06-30 15:00:00,7541.0,7704.173
2201-06-30 16:00:00,7449.0,7589.24
2201-06-30 17:00:00,7377.0,7637.083
2201-06-30 18:00:00,7286.0,7445.2393
2201-06-30 19:00:00,7211.0,7272.2627
2201-06-30 20:00:00,7131.0,7106.7207
2201-06-30 21:00:00,7059.0,6947.4883
2201-06-30 22:00:00,6984.0,6782.208
2201-06-30 23:00:00,6913.0,6578.5625
2201-07-01 00:00:00,6860.0,6435.108
2201-07-01 01:00:00,6822.0,6279.6885
2201-07-01 02:00:00,6779.0,6066.049
2201-07-01 03:00:00,6732.0,5899.789
2201-07-01 04:00:00,6669.0,5708.1807
2201-07-01 05:00:00,6593.0,5575.171
2201-07-01 06:00:00,6524.0,5415.7236
2201-07-01 07:00:00,6448.0,5341.7295
2201-07-01 08:00:00,6371.0,5606.2715
2201-07-01 09:00:00,6307.0,5677.6597
2201-07-01 10:00:00,6239.0,5796.665
2201-07-01 11:00:00,6175.0,6132.925
2201-07-01 12:00:00,6100.0,6120.1357
2201-07-01 13:00:00,6034.0,6121.506
2201-07-01 14:00:00,5968.0,6228.4395
2201-07-01 15:00:00,5913.0,6283.033
2201-07-01 16:00:00,5860.0,6115.1216
2201-07-01 17:00:00,5812.0,6245.8384
2201-07-01 18:00:00,5768.0,6119.192
2201-07-01 19:00:00,5702.0,6066.246
2201-07-01 20:00:00,5674.0,5959.957
2201-07-01 21:00:00,5630.0,5901.499
2201-07-01 22:00:00,5592.0,5773.3574
2201-07-01 23:00:00,5548.0,5661.1094
2201-07-02 00:00:00,5519.0,5536.3223
2201-07-02 01:00:00,5477.0,5422.436
2201-07-02 02:00:00,5453.0,5304.9814
2201-07-02 03:00:00,5417.0,5176.377
2201-07-02 04:00:00,5377.0,5026.0195
2201-07-02 05:00:00,5336.0,4848.0615
2201-07-02 06:00:00,5301.0,4784.086
2201-07-02 07:00:00,5267.0,4631.7583
2201-07-02 08:00:00,5204.0,4897.6973
2201-07-02 09:00:00,5154.0,4824.567
2201-07-02 10:00:00,5114.0,4701.231
2201-07-02 11:00:00,5072.0,4799.951
2201-07-02 12:00:00,5024.0,4596.0166
2201-07-02 13:00:00,4984.0,4408.304
2201-07-02 14:00:00,4941.0,4235.491
2201-07-02 15:00:00,4908.0,4084.2046
2201-07-02 16:00:00,4878.0,3901.9807
2201-07-02 17:00:00,4852.0,4016.167
2201-07-02 18:00:00,4818.0,4071.9976
2201-07-02 19:00:00,4786.0,4164.986
2201-07-02 20:00:00,4749.0,4168.5527
2201-07-02 21:00:00,4696.0,4126.455
2201-07-02 22:00:00,4622.0,4082.3306
2201-07-02 23:00:00,4537.0,4020.4978
2201-07-03 00:00:00,4454.0,4008.8389
2201-07-03 01:00:00,4384.0,3958.6282
2201-07-03 02:00:00,4318.0,3878.0757
2201-07-03 03:00:00,4270.0,3820.4119
2201-07-03 04:00:00,4228.0,3723.984
2201-07-03 05:00:00,4190.0,3628.4521
2201-07-03 06:00:00,4154.0,3538.5737
2201-07-03 07:00:00,4117.0,3459.4224
2201-07-03 08:00:00,4081.0,3449.9346
2201-07-03 09:00:00,4051.0,3389.015
2201-07-03 10:00:00,4018.0,3377.5305
2201-07-03 11:00:00,3978.0,3112.426
2201-07-03 12:00:00,3938.0,2906.0764
2201-07-03 13:00:00,3905.0,2677.9146
2201-07-03 14:00:00,3863.0,2643.2207
2201-07-03 15:00:00,3818.0,2487.396
2201-07-03 16:00:00,3783.0,2604.6636
2201-07-03 17:00:00,3746.0,2670.6104
2201-07-03 18:00:00,3719.0,2767.7803
2201-07-03 19:00:00,3689.0,2751.7124
2201-07-03 20:00:00,3661.0,2769.725
2201-07-03 21:00:00,3636.0,2786.0205
2201-07-03 22:00:00,3614.0,2811.3164
2201-07-03 23:00:00,3576.0,2863.9607
2201-07-04 00:00:00,3555.0,2808.136
2201-07-04 01:00:00,3530.0,2779.895
2201-07-04 02:00:00,3507.0,2832.512
2201-07-04 03:00:00,3490.0,2873.258
2201-07-04 04:00:00,3470.0,2889.7312
2201-07-04 05:00:00,3444.0,2867.9927
2201-07-04 06:00:00,3431.0,2857.6877
2201-07-04 07:00:00,3412.0,2890.204
2201-07-04 08:00:00,3395.0,2911.6797
2201-07-04 09:00:00,3378.0,2923.3616
2201-07-04 10:00:00,3352.0,3031.165
2201-07-04 11:00:00,3334.0,2656.8164
2201-07-04 12:00:00,3313.0,2090.9082
2201-07-04 13:00:00,3304.0,1425.3229
2201-07-04 14:00:00,3291.0,1858.1306
2201-07-04 15:00:00,3296.0,3067.5425
2201-07-04 16:00:00,3320.0,4161.67
2201-07-04 17:00:00,3352.0,4794.3066
2201-07-04 18:00:00,3399.0,4632.526
2201-07-04 19:00:00,3490.0,4852.544
2201-07-04 20:00:00,3617.0,4338.5884
2201-07-04 21:00:00,3768.0,4146.153
2201-07-04 22:00:00,3884.0,4009.4104
2201-07-04 23:00:00,3972.0,3903.9893
2201-07-05 00:00:00,4049.0,3827.2927
2201-07-05 01:00:00,4136.0,3737.2407
2201-07-05 02:00:00,4213.0,3764.929
2201-07-05 03:00:00,4286.0,3732.394
2201-07-05 04:00:00,4349.0,3762.0469
2201-07-05 05:00:00,4407.0,3704.162
2201-07-05 06:00:00,4487.0,3657.9468
2201-07-05 07:00:00,4574.0,3542.4363
2201-07-05 08:00:00,4654.0,3441.5217
2201-07-05 09:00:00,4749.0,3387.3154
2201-07-05 10:00:00,4811.0,3409.8728
2201-07-05 11:00:00,4840.0,3572.9321
2201-07-05 12:00:00,4869.0,3640.642
2201-07-05 13:00:00,4887.0,3744.1714
2201-07-05 14:00:00,4886.0,3776.5293
2201-07-05 15:00:00,4910.0,3762.9746
2201-07-05 16:00:00,4904.0,3803.8955
2201-07-05 17:00:00,4872.0,3892.2188
2201-07-05 18:00:00,4828.0,3775.8086
2201-07-05 19:00:00,4764.0,3762.9229
2201-07-05 20:00:00,4688.0,3571.6006
2201-07-05 21:00:00,4607.0,3527.8472
2201-07-05 22:00:00,4525.0,3458.259
2201-07-05 23:00:00,4456.0,3396.8076
2201-07-06 00:00:00,4393.0,3263.2368
2201-07-06 01:00:00,4321.0,3143.1855
2201-07-06 02:00:00,4261.0,3041.8281
2201-07-06 03:00:00,4201.0,2956.1594
2201-07-06 04:00:00,4151.0,2855.3523
2201-07-06 05:00:00,4122.0,2816.937
2201-07-06 06:00:00,4101.0,2751.612
2201-07-06 07:00:00,4082.0,2683.501
2201-07-06 08:00:00,4090.0,3037.7476
2201-07-06 09:00:00,4090.0,3162.342
2201-07-06 10:00:00,4106.0,3694.037
2201-07-06 11:00:00,4106.0,3845.6528
2201-07-06 12:00:00,4099.0,4092.6094
2201-07-06 13:00:00,4085.0,4312.5786
2201-07-06 14:00:00,4076.0,4473.584
2201-07-06 15:00:00,4061.0,4582.6445
2201-07-06 16:00:00,4049.0,4602.5303
2201-07-06 17:00:00,4026.0,4745.3794
2201-07-06 18:00:00,4005.0,4773.157
2201-07-06 19:00:00,3990.0,4803.054
2201-07-06 20:00:00,3973.0,4646.4927
2201-07-06 21:00:00,3957.0,4530.409
2201-07-06 22:00:00,3944.0,4439.379
2201-07-06 23:00:00,3921.0,4306.5728
2201-07-07 00:00:00,3896.0,4082.2717
2201-07-07 01:00:00,3893.0,3980.1372
2201-07-07 02:00:00,3867.0,3873.2666
2201-07-07 03:00:00,3854.0,3601.7808
2201-07-07 04:00:00,3846.0,3569.6658
2201-07-07 05:00:00,3819.0,3421.3418
2201-07-07 06:00:00,3815.0,3278.5515
2201-07-07 07:00:00,3798.0,3161.229
2201-07-07 08:00:00,3790.0,3468.8374
2201-07-07 09:00:00,3762.0,3493.5059
2201-07-07 10:00:00,3737.0,3784.5835
2201-07-07 11:00:00,3702.0,3807.447
2201-07-07 12:00:00,3672.0,3877.1587
2201-07-07 13:00:00,3646.0,4003.5635
2201-07-07 14:00:00,3619.0,4164.9043
2201-07-07 15:00:00,3592.0,3386.0056
2201-07-07 16:00:00,3564.0,4411.4956
2201-07-07 17:00:00,3551.0,4556.0923
2201-07-07 18:00:00,3534.0,4806.057
2201-07-07 19:00:00,3503.0,4741.775
2201-07-07 20:00:00,3484.0,4623.2607
2201-07-07 21:00:00,3450.0,4494.4775
2201-07-07 22:00:00,3407.0,4300.2686
2201-07-07 23:00:00,3360.0,4076.5815
2201-07-08 00:00:00,3322.0,3307.8416
2201-07-08 01:00:00,3296.0,2799.9058
2201-07-08 02:00:00,3295.0,2008.7885
2201-07-08 03:00:00,3272.0,2365.9504
2201-07-08 04:00:00,3264.0,2211.9324
2201-07-08 05:00:00,3264.0,2233.6074
2201-07-08 06:00:00,3265.0,2345.362
2201-07-08 07:00:00,3277.0,2409.1277
2201-07-08 08:00:00,3288.0,1640.3927
2201-07-08 09:00:00,3288.0,2344.603
2201-07-08 10:00:00,3262.0,2514.535
2201-07-08 11:00:00,3246.0,2952.1765
2201-07-08 12:00:00,3226.0,2723.5505
2201-07-08 13:00:00,3212.0,2835.4036
2201-07-08 14:00:00,3199.0,2943.3706
2201-07-08 15:00:00,3183.0,2891.681
2201-07-08 16:00:00,3167.0,2804.1494
2201-07-08 17:00:00,3151.0,2801.3914
2201-07-08 18:00:00,3143.0,2824.745
2201-07-08 19:00:00,3129.0,2720.74
2201-07-08 20:00:00,3122.0,2654.4524
2201-07-08 21:00:00,3131.0,2635.1396
2201-07-08 22:00:00,3129.0,2638.404
2201-07-08 23:00:00,3119.0,2626.6868
2201-07-09 00:00:00,3110.0,2416.3665
2201-07-09 01:00:00,3102.0,2429.832
2201-07-09 02:00:00,3095.0,2415.4307
2201-07-09 03:00:00,3079.0,2367.0798
2201-07-09 04:00:00,3072.0,2479.8335
2201-07-09 05:00:00,3062.0,1946.2017
2201-07-09 06:00:00,3067.0,1609.1165
2201-07-09 07:00:00,3084.0,1855.6431
2201-07-09 08:00:00,3128.0,1586.1003
2201-07-09 09:00:00,3201.0,2625.7583
2201-07-09 10:00:00,3357.0,3069.3745
2201-07-09 11:00:00,3577.0,3616.1138
2201-07-09 12:00:00,3846.0,3922.4663
2201-07-09 13:00:00,4102.0,3905.5972
2201-07-09 14:00:00,4284.0,4229.5645
2201-07-09 15:00:00,4400.0,4545.9653
2201-07-09 16:00:00,4491.0,4875.8105
2201-07-09 17:00:00,4555.0,5358.4033
2201-07-09 18:00:00,4605.0,5446.229
2201-07-09 19:00:00,4618.0,5371.3584
2201-07-09 20:00:00,4623.0,5144.0645
2201-07-09 21:00:00,4630.0,5227.218
2201-07-09 22:00:00,4645.0,5357.049
2201-07-09 23:00:00,4662.0,5207.325
2201-07-10 00:00:00,4699.0,5182.7256
2201-07-10 01:00:00,4750.0,4949.6807
2201-07-10 02:00:00,4815.0,4730.6504
2201-07-10 03:00:00,4891.0,4558.883
2201-07-10 04:00:00,4992.0,4350.2607
2201-07-10 05:00:00,5117.0,4176.796
2201-07-10 06:00:00,5252.0,3949.8135
2201-07-10 07:00:00,5406.0,3924.8462
2201-07-10 08:00:00,5546.0,4128.662
2201-07-10 09:00:00,5660.0,4233.789
2201-07-10 10:00:00,5730.0,4123.3354
2201-07-10 11:00:00,5766.0,4523.01
2201-07-10 12:00:00,5789.0,4728.159
2201-07-10 13:00:00,5792.0,4957.9297
2201-07-10 14:00:00,5785.0,4986.4316
2201-07-10 15:00:00,5791.0,4956.757
2201-07-10 16:00:00,5775.0,4832.801
2201-07-10 17:00:00,5766.0,4817.411
2201-07-10 18:00:00,5774.0,4737.7114
2201-07-10 19:00:00,5789.0,4630.796
2201-07-10 20:00:00,5794.0,4319.0303
2201-07-10 21:00:00,5800.0,4054.314
2201-07-10 22:00:00,5791.0,3763.2598
2201-07-10 23:00:00,5776.0,3448.4714
2201-07-11 00:00:00,5735.0,2829.0068
2201-07-11 01:00:00,5672.0,2632.9854
2201-07-11 02:00:00,5587.0,2553.0317
2201-07-11 03:00:00,5497.0,2476.4634
2201-07-11 04:00:00,5399.0,2392.631
2201-07-11 05:00:00,5298.0,2259.9817
2201-07-11 06:00:00,5215.0,2229.1958
2201-07-11 07:00:00,5124.0,2175.4285
2201-07-11 08:00:00,5029.0,2251.1711
2201-07-11 09:00:00,4950.0,2236.629
2201-07-11 10:00:00,4876.0,2519.5098
2201-07-11 11:00:00,4794.0,2725.1294
2201-07-11 12:00:00,4723.0,2777.652
2201-07-11 13:00:00,4655.0,2843.4495
2201-07-11 14:00:00,4587.0,3034.8313
2201-07-11 15:00:00,4540.0,3228.1958
2201-07-11 16:00:00,4474.0,3418.0906
2201-07-11 17:00:00,4431.0,3577.5293
2201-07-11 18:00:00,4391.0,3657.9287
2201-07-11 19:00:00,4339.0,3492.1292
2201-07-11 20:00:00,4289.0,3469.0166
2201-07-11 21:00:00,4242.0,3324.44
2201-07-11 22:00:00,4196.0,3158.7415
2201-07-11 23:00:00,4148.0,2926.8435
2201-07-12 00:00:00,4102.0,2360.7168
2201-07-12 01:00:00,4070.0,2244.7188
2201-07-12 02:00:00,4032.0,2139.8677
2201-07-12 03:00:00,3996.0,2003.8112
2201-07-12 04:00:00,3955.0,1909.1635
2201-07-12 05:00:00,3917.0,1794.6516
2201-07-12 06:00:00,3896.0,1778.709
2201-07-12 07:00:00,3858.0,1727.209
2201-07-12 08:00:00,3817.0,1680.8164
2201-07-12 09:00:00,3789.0,1717.5444
2201-07-12 10:00:00,3750.0,1574.3721
2201-07-12 11:00:00,3719.0,1569.8733
2201-07-12 12:00:00,3688.0,1748.0603
2201-07-12 13:00:00,3660.0,1941.1084
2201-07-12 14:00:00,,1913.5391
2201-07-12 15:00:00,,2141.314
2201-07-12 16:00:00,3606.0,2439.8108
2201-07-12 17:00:00,3568.0,2511.4482
2201-07-12 18:00:00,3552.0,2716.7073
2201-07-12 19:00:00,3540.0,2630.0847
2201-07-12 20:00:00,3553.0,2497.1516
2201-07-12 21:00:00,3590.0,2357.1301
2201-07-12 22:00:00,3619.0,2319.3296
2201-07-12 23:00:00,3635.0,2202.858
2201-07-13 00:00:00,3643.0,2138.7017
2201-07-13 01:00:00,3648.0,2041.1968
2201-07-13 02:00:00,3641.0,1918.4954
2201-07-13 03:00:00,3642.0,1828.768
2201-07-13 04:00:00,3627.0,1745.6641
2201-07-13 05:00:00,3629.0,1699.8326
2201-07-13 06:00:00,3633.0,1679.3547
2201-07-13 07:00:00,3644.0,1775.3308
2201-07-13 08:00:00,3665.0,1871.3269
2201-07-13 09:00:00,3682.0,1975.5767
2201-07-13 10:00:00,3705.0,1847.6172
2201-07-13 11:00:00,3724.0,1729.0984
2201-07-13 12:00:00,3735.0,2034.7311
2201-07-13 13:00:00,3737.0,1776.8982
2201-07-13 14:00:00,3742.0,1604.9337
2201-07-13 15:00:00,3737.0,1702.9543
2201-07-13 16:00:00,3733.0,1928.6842
2201-07-13 17:00:00,3721.0,1942.1077
2201-07-13 18:00:00,3712.0,2191.6658
2201-07-13 19:00:00,3701.0,2167.0835
2201-07-13 20:00:00,3691.0,2134.5293
2201-07-13 21:00:00,3680.0,2144.1533
2201-07-13 22:00:00,3662.0,2089.5527
2201-07-13 23:00:00,3652.0,2117.3381
2201-07-14 00:00:00,3643.0,2068.1821
2201-07-14 01:00:00,3634.0,1970.49
2201-07-14 02:00:00,3615.0,1849.0725
2201-07-14 03:00:00,3620.0,1830.9525
2201-07-14 04:00:00,3600.0,1763.1748
2201-07-14 05:00:00,3590.0,1770.4557
2201-07-14 06:00:00,3579.0,1746.1165
2201-07-14 07:00:00,3560.0,1878.1224
2201-07-14 08:00:00,3534.0,2023.486
2201-07-14 09:00:00,3527.0,2144.4036
2201-07-14 10:00:00,3520.0,2354.3105
2201-07-14 11:00:00,3511.0,2472.931
2201-07-14 12:00:00,3491.0,2550.8467
2201-07-14 13:00:00,3481.0,2280.9182
2201-07-14 14:00:00,3471.0,2449.3425
2201-07-14 15:00:00,3455.0,2331.7358
2201-07-14 16:00:00,3446.0,2333.6475
2201-07-14 17:00:00,3438.0,2344.2314
2201-07-14 18:00:00,3427.0,2304.2568
2201-07-14 19:00:00,3412.0,2391.3657
2201-07-14 20:00:00,3401.0,2323.4106
2201-07-14 21:00:00,3381.0,2230.7827
2201-07-14 22:00:00,3363.0,2245.109
2201-07-14 23:00:00,3348.0,2273.0413
2201-07-15 00:00:00,3328.0,2462.4321
2201-07-15 01:00:00,3310.0,2508.8005
2201-07-15 02:00:00,3293.0,2533.406
2201-07-15 03:00:00,3291.0,2553.03
2201-07-15 04:00:00,3280.0,2587.2734
2201-07-15 05:00:00,3261.0,2586.815
2201-07-15 06:00:00,3253.0,2587.5605
2201-07-15 07:00:00,3243.0,2616.3345
2201-07-15 08:00:00,3232.0,2784.4333
2201-07-15 09:00:00,3228.0,2877.8816
2201-07-15 10:00:00,3222.0,2707.9626
2201-07-15 11:00:00,3219.0,2557.8022
2201-07-15 12:00:00,3209.0,2318.463
2201-07-15 13:00:00,3206.0,2150.8333
2201-07-15 14:00:00,3194.0,1991.3776
2201-07-15 15:00:00,3184.0,1960.2555
2201-07-15 16:00:00,3177.0,2271.7297
2201-07-15 17:00:00,3174.0,2301.758
2201-07-15 18:00:00,3160.0,2677.2424
2201-07-15 19:00:00,3153.0,2721.9893
2201-07-15 20:00:00,3145.0,2731.0425
2201-07-15 21:00:00,3129.0,2775.1355
2201-07-15 22:00:00,3103.0,2737.7612
2201-07-15 23:00:00,3081.0,2755.3015
2201-07-16 00:00:00,3064.0,2110.8616
2201-07-16 01:00:00,3044.0,2080.0376
2201-07-16 02:00:00,3033.0,2058.7258
2201-07-16 03:00:00,3028.0,2033.8187
2201-07-16 04:00:00,3027.0,2017.6982
2201-07-16 05:00:00,3018.0,1968.3289
2201-07-16 06:00:00,3018.0,1931.1138
2201-07-16 07:00:00,3017.0,1969.1782
2201-07-16 08:00:00,3022.0,2038.5315
2201-07-16 09:00:00,3018.0,2131.3416
2201-07-16 10:00:00,3018.0,1875.5874
2201-07-16 11:00:00,3007.0,1544.7432
2201-07-16 12:00:00,3008.0,1251.5007
2201-07-16 13:00:00,2999.0,1165.8328
2201-07-16 14:00:00,2986.0,1195.2755
2201-07-16 15:00:00,2986.0,1298.1738
2201-07-16 16:00:00,2983.0,1596.2466
2201-07-16 17:00:00,2976.0,1657.0054
2201-07-16 18:00:00,2968.0,2043.0764
2201-07-16 19:00:00,2961.0,2050.3484
2201-07-16 20:00:00,2956.0,2081.0708
2201-07-16 21:00:00,2941.0,2080.109
2201-07-16 22:00:00,2914.0,2056.1572
2201-07-16 23:00:00,2886.0,1885.8364
2201-07-17 00:00:00,2850.0,1665.1354
2201-07-17 01:00:00,2823.0,1516.5532
2201-07-17 02:00:00,2801.0,1427.6278
2201-07-17 03:00:00,2783.0,1344.9329
2201-07-17 04:00:00,2763.0,1293.4242
2201-07-17 05:00:00,2743.0,1213.9628
2201-07-17 06:00:00,2727.0,1196.5304
2201-07-17 07:00:00,2707.0,1278.9517
2201-07-17 08:00:00,2679.0,1424.122
2201-07-17 09:00:00,2647.0,1451.8743
2201-07-17 10:00:00,2613.0,1308.8502
2201-07-17 11:00:00,2570.0,1236.2162
2201-07-17 12:00:00,2545.0,1411.7057
2201-07-17 13:00:00,2524.0,1517.919
2201-07-17 14:00:00,2511.0,1543.648
2201-07-17 15:00:00,2484.0,1591.381
2201-07-17 16:00:00,2476.0,1853.5562
2201-07-17 17:00:00,2459.0,1809.291
2201-07-17 18:00:00,2444.0,1901.3777
2201-07-17 19:00:00,2426.0,1804.0216
2201-07-17 20:00:00,2417.0,1679.8313
2201-07-17 21:00:00,2409.0,1567.2972
2201-07-17 22:00:00,2399.0,1533.3064
2201-07-17 23:00:00,2390.0,1438.8204
2201-07-18 00:00:00,2370.0,1312.8109
2201-07-18 01:00:00,2367.0,1321.4591
2201-07-18 02:00:00,2354.0,1223.4403
2201-07-18 03:00:00,2339.0,1090.0905
2201-07-18 04:00:00,2339.0,979.7777
2201-07-18 05:00:00,2326.0,840.1925
2201-07-18 06:00:00,2320.0,840.5282
2201-07-18 07:00:00,2304.0,952.95215
2201-07-18 08:00:00,2302.0,1062.4501
2201-07-18 09:00:00,2291.0,1186.4198
2201-07-18 10:00:00,2280.0,1292.5522
2201-07-18 11:00:00,2269.0,1386.2589
2201-07-18 12:00:00,2258.0,1528.8472
2201-07-18 13:00:00,2255.0,1535.6079
2201-07-18 14:00:00,2250.0,1507.7439
2201-07-18 15:00:00,2239.0,1454.752
2201-07-18 16:00:00,2225.0,1350.5939
2201-07-18 17:00:00,2223.0,1479.6245
2201-07-18 18:00:00,2212.0,1498.5466
2201-07-18 19:00:00,2209.0,1557.5178
2201-07-18 20:00:00,2190.0,1455.5208
2201-07-18 21:00:00,2187.0,1462.0242
2201-07-18 22:00:00,2179.0,1368.8335
2201-07-18 23:00:00,2172.0,1287.5957
2201-07-19 00:00:00,2161.0,1052.2424
2201-07-19 01:00:00,2155.0,977.6305
2201-07-19 02:00:00,2151.0,911.3573
2201-07-19 03:00:00,2141.0,877.0762
2201-07-19 04:00:00,2139.0,815.54504
2201-07-19 05:00:00,2128.0,817.56226
2201-07-19 06:00:00,2130.0,854.2711
2201-07-19 07:00:00,2114.0,961.9977
2201-07-19 08:00:00,2109.0,1112.6587
2201-07-19 09:00:00,2106.0,1235.9918
2201-07-19 10:00:00,2105.0,1235.4468
2201-07-19 11:00:00,2092.0,1224.6606
2201-07-19 12:00:00,2085.0,1217.8157
2201-07-19 13:00:00,2080.0,1050.7057
2201-07-19 14:00:00,2074.0,1040.9316
2201-07-19 15:00:00,2070.0,948.87256
2201-07-19 16:00:00,2065.0,1141.7804
2201-07-19 17:00:00,2059.0,1084.6757
2201-07-19 18:00:00,2053.0,1048.9198
2201-07-19 19:00:00,2045.0,1269.0933
2201-07-19 20:00:00,2041.0,1162.8058
2201-07-19 21:00:00,2013.0,1190.9266
2201-07-19 22:00:00,1992.0,1157.9283
2201-07-19 23:00:00,1968.0,1200.2809
2201-07-20 00:00:00,1934.0,940.2289
2201-07-20 01:00:00,1908.0,1005.71436
2201-07-20 02:00:00,1889.0,1057.5326
2201-07-20 03:00:00,1872.0,1074.9745
2201-07-20 04:00:00,1859.0,1076.139
2201-07-20 05:00:00,1848.0,1080.4181
2201-07-20 06:00:00,1829.0,1090.9779
2201-07-20 07:00:00,1826.0,1169.2946
2201-07-20 08:00:00,1817.0,1309.9847
2201-07-20 09:00:00,1803.0,1391.6191
2201-07-20 10:00:00,1795.0,1324.1989
2201-07-20 11:00:00,1790.0,1201.661
2201-07-20 12:00:00,1782.0,1017.411
2201-07-20 13:00:00,1771.0,709.43286
2201-07-20 14:00:00,1762.0,642.1449
2201-07-20 15:00:00,1753.0,586.813
2201-07-20 16:00:00,1748.0,510.9756
2201-07-20 17:00:00,1736.0,688.24023
2201-07-20 18:00:00,1730.0,720.86597
2201-07-20 19:00:00,1726.0,967.00195
2201-07-20 20:00:00,1719.0,983.55457
2201-07-20 21:00:00,1718.0,1064.3986
2201-07-20 22:00:00,1705.0,1096.4843
2201-07-20 23:00:00,1697.0,1042.56
2201-07-21 00:00:00,1685.0,1037.3907
2201-07-21 01:00:00,1678.0,988.4579
2201-07-21 02:00:00,1671.0,899.2235
2201-07-21 03:00:00,1668.0,811.3971
2201-07-21 04:00:00,1657.0,752.1107
2201-07-21 05:00:00,1653.0,700.4176
2201-07-21 06:00:00,1645.0,667.5603
2201-07-21 07:00:00,1645.0,674.74976
2201-07-21 08:00:00,1643.0,744.8712
2201-07-21 09:00:00,1638.0,841.7571
2201-07-21 10:00:00,1622.0,980.3469
2201-07-21 11:00:00,1619.0,895.22864
2201-07-21 12:00:00,1620.0,956.6079
2201-07-21 13:00:00,1616.0,970.60657
2201-07-21 14:00:00,1621.0,900.11707
2201-07-21 15:00:00,1615.0,760.7422
2201-07-21 16:00:00,1613.0,1069.23
2201-07-21 17:00:00,1606.0,1004.4861
2201-07-21 18:00:00,1597.0,1358.5121
2201-07-21 19:00:00,1599.0,1295.3584
2201-07-21 20:00:00,1588.0,1235.4515
2201-07-21 21:00:00,1586.0,1108.1449
2201-07-21 22:00:00,1582.0,972.14685
2201-07-21 23:00:00,1584.0,845.7993
2201-07-22 00:00:00,1596.0,708.53186
2201-07-22 01:00:00,1610.0,595.66504
2201-07-22 02:00:00,1621.0,519.02747
2201-07-22 03:00:00,1637.0,498.93408
2201-07-22 04:00:00,1646.0,437.70337
2201-07-22 05:00:00,1654.0,413.3247
2201-07-22 06:00:00,1657.0,425.47998
2201-07-22 07:00:00,1655.0,444.25464
2201-07-22 08:00:00,1655.0,610.12915
2201-07-22 09:00:00,1649.0,713.75964
2201-07-22 10:00:00,1649.0,854.04456
2201-07-22 11:00:00,1656.0,916.1636
2201-07-22 12:00:00,1651.0,897.5962
2201-07-22 13:00:00,1643.0,858.6771
2201-07-22 14:00:00,1651.0,751.47205
2201-07-22 15:00:00,1645.0,702.4104
2201-07-22 16:00:00,1633.0,461.42297
2201-07-22 17:00:00,1629.0,757.72314
2201-07-22 18:00:00,1610.0,876.057
2201-07-22 19:00:00,1590.0,1021.6322
2201-07-22 20:00:00,1576.0,956.30005
2201-07-22 21:00:00,1554.0,814.7433
2201-07-22 22:00:00,1552.0,714.64685
2201-07-22 23:00:00,1539.0,679.1487
2201-07-23 00:00:00,1531.0,621.07056
2201-07-23 01:00:00,1529.0,588.65247
2201-07-23 02:00:00,1518.0,479.57715
2201-07-23 03:00:00,1518.0,492.3695
2201-07-23 04:00:00,1516.0,543.6769
2201-07-23 05:00:00,1511.0,524.7245
2201-07-23 06:00:00,1502.0,538.5885
2201-07-23 07:00:00,1504.0,640.7428
2201-07-23 08:00:00,1502.0,839.90686
2201-07-23 09:00:00,1493.0,851.4061
2201-07-23 10:00:00,1490.0,904.91626
2201-07-23 11:00:00,1490.0,887.453
2201-07-23 12:00:00,1483.0,561.21204
2201-07-23 13:00:00,1479.0,327.92236
2201-07-23 14:00:00,1476.0,469.21924
2201-07-23 15:00:00,1471.0,489.88306
2201-07-23 16:00:00,1465.0,837.0209
2201-07-23 17:00:00,1464.0,1019.17334
2201-07-23 18:00:00,1460.0,872.8563
2201-07-23 19:00:00,1455.0,937.9044
2201-07-23 20:00:00,1460.0,828.5061
2201-07-23 21:00:00,1466.0,737.7925
2201-07-23 22:00:00,1456.0,648.3695
2201-07-23 23:00:00,1455.0,513.2146
2201-07-24 00:00:00,1455.0,577.6196
2201-07-24 01:00:00,1454.0,405.85156
2201-07-24 02:00:00,1453.0,390.35986
2201-07-24 03:00:00,1452.0,354.27222
2201-07-24 04:00:00,1452.0,311.68774
2201-07-24 05:00:00,1456.0,296.87427
2201-07-24 06:00:00,1464.0,303.5476
2201-07-24 07:00:00,1466.0,361.54126
2201-07-24 08:00:00,1467.0,443.40405
2201-07-24 09:00:00,1471.0,677.89575
2201-07-24 10:00:00,1472.0,643.083
2201-07-24 11:00:00,1475.0,701.38293
2201-07-24 12:00:00,1477.0,842.67346
2201-07-24 13:00:00,1484.0,865.8579
2201-07-24 14:00:00,1481.0,921.5043
2201-07-24 15:00:00,1472.0,1053.7723
2201-07-24 16:00:00,1468.0,1157.1428
2201-07-24 17:00:00,1472.0,968.7101
2201-07-24 18:00:00,1474.0,858.2295
2201-07-24 19:00:00,1478.0,675.5105
2201-07-24 20:00:00,1483.0,540.10815
2201-07-24 21:00:00,1486.0,440.33325
2201-07-24 22:00:00,1511.0,350.79834
2201-07-24 23:00:00,1524.0,281.69434
2201-07-25 00:00:00,1532.0,129.16016
2201-07-25 01:00:00,1523.0,91.80176
2201-07-25 02:00:00,1505.0,116.63965
2201-07-25 03:00:00,1495.0,163.44458
2201-07-25 04:00:00,1487.0,226.1372
2201-07-25 05:00:00,1474.0,310.55615
2201-07-25 06:00:00,1465.0,418.26392
2201-07-25 07:00:00,1461.0,488.1775
2201-07-25 08:00:00,1457.0,653.1179
2201-07-25 09:00:00,1453.0,636.6398
2201-07-25 10:00:00,1450.0,511.41638
2201-07-25 11:00:00,1450.0,638.5912
2201-07-25 12:00:00,1446.0,704.26294
2201-07-25 13:00:00,1441.0,821.6881
2201-07-25 14:00:00,1438.0,994.70337
2201-07-25 15:00:00,1435.0,896.76624
2201-07-25 16:00:00,1431.0,994.57275
2201-07-25 17:00:00,1428.0,915.287
2201-07-25 18:00:00,1424.0,893.56055
2201-07-25 19:00:00,1423.0,785.71985
2201-07-25 20:00:00,1419.0,735.5491
2201-07-25 21:00:00,1411.0,712.2853
2201-07-25 22:00:00,1408.0,683.38086
2201-07-25 23:00:00,1405.0,702.1113
2201-07-26 00:00:00,1403.0,637.3596
2201-07-26 01:00:00,1400.0,636.65515
2201-07-26 02:00:00,1394.0,638.1089
2201-07-26 03:00:00,1391.0,698.3519
2201-07-26 04:00:00,1390.0,779.10046
2201-07-26 05:00:00,1386.0,849.26636
2201-07-26 06:00:00,1381.0,928.65515
2201-07-26 07:00:00,1382.0,1019.37036
2201-07-26 08:00:00,1379.0,1147.429
2201-07-26 09:00:00,1377.0,1215.0571
2201-07-26 10:00:00,1373.0,1520.3348
2201-07-26 11:00:00,1369.0,1540.9624
2201-07-26 12:00:00,1366.0,1571.2168
2201-07-26 13:00:00,1365.0,1558.2117
2201-07-26 14:00:00,1363.0,1496.3889
2201-07-26 15:00:00,1363.0,1539.4436
2201-07-26 16:00:00,1357.0,1581.2523
2201-07-26 17:00:00,1355.0,1546.9294
2201-07-26 18:00:00,1357.0,1423.43
2201-07-26 19:00:00,1354.0,1227.947
2201-07-26 20:00:00,1347.0,1103.9532
2201-07-26 21:00:00,1348.0,1049.9993
2201-07-26 22:00:00,1348.0,1015.6389
2201-07-26 23:00:00,1345.0,1033.6997
2201-07-27 00:00:00,1340.0,968.52356
2201-07-27 01:00:00,1337.0,990.04626
2201-07-27 02:00:00,1332.0,1029.9835
2201-07-27 03:00:00,1333.0,1074.8806
2201-07-27 04:00:00,1328.0,1125.9252
2201-07-27 05:00:00,1331.0,1209.1593
2201-07-27 06:00:00,1328.0,1324.2485
2201-07-27 07:00:00,1326.0,1438.2922
2201-07-27 08:00:00,1324.0,1649.614
2201-07-27 09:00:00,1323.0,1654.6437
2201-07-27 10:00:00,1319.0,1735.949
2201-07-27 11:00:00,1317.0,1594.8335
2201-07-27 12:00:00,1314.0,1608.3801
2201-07-27 13:00:00,1310.0,1574.4236
2201-07-27 14:00:00,1306.0,1510.8733
2201-07-27 15:00:00,1305.0,1438.521
2201-07-27 16:00:00,1302.0,1211.5612
2201-07-27 17:00:00,1300.0,1342.9446
2201-07-27 18:00:00,1295.0,1303.1085
2201-07-27 19:00:00,1296.0,1116.9438
2201-07-27 20:00:00,1292.0,1000.8446
2201-07-27 21:00:00,1282.0,922.1831
2201-07-27 22:00:00,1279.0,850.1051
2201-07-27 23:00:00,1275.0,814.7074
2201-07-28 00:00:00,1274.0,756.5785
2201-07-28 01:00:00,1269.0,787.60547
2201-07-28 02:00:00,1267.0,840.41907
2201-07-28 03:00:00,1264.0,918.9518
2201-07-28 04:00:00,1262.0,950.56616
2201-07-28 05:00:00,1261.0,1044.2018
2201-07-28 06:00:00,1257.0,1060.3192
2201-07-28 07:00:00,1259.0,1052.1515
2201-07-28 08:00:00,1255.0,1119.6033
2201-07-28 09:00:00,1255.0,1411.6692
2201-07-28 10:00:00,1253.0,1674.0471
2201-07-28 11:00:00,1248.0,1659.155
2201-07-28 12:00:00,1247.0,1934.6575
2201-07-28 13:00:00,1248.0,1932.127
2201-07-28 14:00:00,1244.0,1886.8866
2201-07-28 15:00:00,1244.0,1858.0109
2201-07-28 16:00:00,1242.0,1696.6111
2201-07-28 17:00:00,1235.0,1757.7554
2201-07-28 18:00:00,1232.0,1661.697
2201-07-28 19:00:00,1231.0,1567.1204
2201-07-28 20:00:00,1229.0,1467.9625
2201-07-28 21:00:00,1228.0,1444.3383
2201-07-28 22:00:00,1226.0,1443.7872
2201-07-28 23:00:00,1226.0,1380.9115
2201-07-29 00:00:00,1226.0,1405.1632
2201-07-29 01:00:00,1227.0,1456.4762
2201-07-29 02:00:00,1228.0,1494.8218
2201-07-29 03:00:00,1229.0,1550.3303
2201-07-29 04:00:00,1228.0,1525.3896
2201-07-29 05:00:00,1227.0,1529.3932
2201-07-29 06:00:00,1228.0,1520.1433
2201-07-29 07:00:00,1228.0,1609.9014
2201-07-29 08:00:00,1221.0,1837.3838
2201-07-29 09:00:00,1219.0,1784.0444
2201-07-29 10:00:00,1219.0,1924.6719
2201-07-29 11:00:00,1217.0,1974.6892
2201-07-29 12:00:00,1214.0,1822.9806
2201-07-29 13:00:00,1211.0,1867.6671
2201-07-29 14:00:00,1209.0,1888.5182
2201-07-29 15:00:00,1208.0,1862.0006
2201-07-29 16:00:00,1208.0,1886.4114
2201-07-29 17:00:00,1204.0,1781.8992
2201-07-29 18:00:00,1201.0,1811.9594
2201-07-29 19:00:00,1199.0,1564.722
2201-07-29 20:00:00,1196.0,1452.1388
2201-07-29 21:00:00,1191.0,1326.4741
2201-07-29 22:00:00,1188.0,1237.2577
2201-07-29 23:00:00,1186.0,1147.9736
2201-07-30 00:00:00,1184.0,1170.3014
2201-07-30 01:00:00,1181.0,1107.0741
2201-07-30 02:00:00,1178.0,1077.7192
2201-07-30 03:00:00,1180.0,1062.0613
2201-07-30 04:00:00,1176.0,1046.0953
2201-07-30 05:00:00,1172.0,1053.6741
2201-07-30 06:00:00,1172.0,1060.5837
2201-07-30 07:00:00,1173.0,1077.1829
2201-07-30 08:00:00,1169.0,1172.0869
2201-07-30 09:00:00,1168.0,1261.737
2201-07-30 10:00:00,1165.0,1422.6019
2201-07-30 11:00:00,1162.0,1474.7161
2201-07-30 12:00:00,1162.0,1557.0912
2201-07-30 13:00:00,1159.0,1581.5815
2201-07-30 14:00:00,1155.0,1602.4944
2201-07-30 15:00:00,1155.0,1476.7725
2201-07-30 16:00:00,1156.0,1582.2056
2201-07-30 17:00:00,1151.0,1464.2153
2201-07-30 18:00:00,1150.0,1405.2694
2201-07-30 19:00:00,1146.0,1222.0426
2201-07-30 20:00:00,1144.0,1126.6559
2201-07-30 21:00:00,1138.0,892.0569
2201-07-30 22:00:00,1135.0,829.91174
2201-07-30 23:00:00,1135.0,800.1205
2201-07-31 00:00:00,1134.0,612.3126
2201-07-31 01:00:00,1130.0,578.8745
2201-07-31 02:00:00,1130.0,545.06335
2201-07-31 03:00:00,1128.0,514.1022
2201-07-31 04:00:00,1126.0,512.0386
2201-07-31 05:00:00,1124.0,572.9813
2201-07-31 06:00:00,1126.0,535.0332
2201-07-31 07:00:00,1122.0,760.7903
2201-07-31 08:00:00,1122.0,829.85156
2201-07-31 09:00:00,1123.0,872.9241
2201-07-31 10:00:00,1121.0,1100.3517
2201-07-31 11:00:00,1116.0,1038.7073
2201-07-31 12:00:00,1115.0,1121.0518
2201-07-31 13:00:00,1114.0,1254.525
2201-07-31 14:00:00,1113.0,1139.2693
2201-07-31 15:00:00,1112.0,1156.9148
2201-07-31 16:00:00,1111.0,878.55115
2201-07-31 17:00:00,1108.0,951.765
2201-07-31 18:00:00,1107.0,956.2112
2201-07-31 19:00:00,1103.0,988.5775
2201-07-31 20:00:00,1103.0,895.6487
2201-07-31 21:00:00,1098.0,841.1554
2201-07-31 22:00:00,1098.0,741.68115
2201-07-31 23:00:00,1097.0,768.28357
2201-08-01 00:00:00,1096.0,663.20557
2201-08-01 01:00:00,994.0,577.40186
2201-08-01 02:00:00,994.0,631.9564
2201-08-01 03:00:00,995.0,554.22705
2201-08-01 04:00:00,990.0,540.2429
2201-08-01 05:00:00,991.0,578.6145
2201-08-01 06:00:00,990.0,533.70667
2201-08-01 07:00:00,990.0,576.64966
2201-08-01 08:00:00,991.0,642.0405
2201-08-01 09:00:00,990.0,701.13074
2201-08-01 10:00:00,990.0,791.27075
2201-08-01 11:00:00,987.0,857.3379
2201-08-01 12:00:00,986.0,803.5884
2201-08-01 13:00:00,985.0,804.37195
2201-08-01 14:00:00,983.0,776.4966
2201-08-01 15:00:00,983.0,792.9917
2201-08-01 16:00:00,982.0,972.6677
2201-08-01 17:00:00,979.0,799.0819
2201-08-01 18:00:00,977.0,981.0604
2201-08-01 19:00:00,978.0,890.9336
2201-08-01 20:00:00,973.0,796.2479
2201-08-01 21:00:00,973.0,766.8356
2201-08-01 22:00:00,970.0,700.79626
2201-08-01 23:00:00,967.0,549.8861
2201-08-02 00:00:00,972.0,551.0563
2201-08-02 01:00:00,968.0,461.58496
2201-08-02 02:00:00,966.0,424.48242
2201-08-02 03:00:00,965.0,394.83643
2201-08-02 04:00:00,965.0,375.29932
2201-08-02 05:00:00,964.0,360.90308
2201-08-02 06:00:00,964.0,345.82983
2201-08-02 07:00:00,960.0,564.5023
2201-08-02 08:00:00,961.0,560.1929
2201-08-02 09:00:00,959.0,653.84985
2201-08-02 10:00:00,958.0,793.444
2201-08-02 11:00:00,958.0,709.5956
2201-08-02 12:00:00,957.0,699.8231
2201-08-02 13:00:00,952.0,574.9883
2201-08-02 14:00:00,952.0,482.2893
2201-08-02 15:00:00,948.0,288.47046
2201-08-02 16:00:00,949.0,321.3152
2201-08-02 17:00:00,948.0,446.38086
2201-08-02 18:00:00,945.0,840.7019
2201-08-02 19:00:00,941.0,756.7732
2201-08-02 20:00:00,939.0,602.46497
2201-08-02 21:00:00,939.0,533.04944
2201-08-02 22:00:00,935.0,556.7363
2201-08-02 23:00:00,935.0,389.51904
2201-08-03 00:00:00,934.0,322.80713
2201-08-03 01:00:00,931.0,280.07886
2201-08-03 02:00:00,933.0,227.24097
2201-08-03 03:00:00,933.0,215.22705
2201-08-03 04:00:00,930.0,206.4978
2201-08-03 05:00:00,929.0,189.34668
2201-08-03 06:00:00,929.0,199.1377
2201-08-03 07:00:00,928.0,128.11987
2201-08-03 08:00:00,927.0,257.6543
2201-08-03 09:00:00,927.0,342.99512
2201-08-03 10:00:00,924.0,511.00708
2201-08-03 11:00:00,925.0,448.87988
2201-08-03 12:00:00,924.0,380.36523
2201-08-03 13:00:00,922.0,259.5537
2201-08-03 14:00:00,923.0,-329.99707
2201-08-03 15:00:00,921.0,-311.71484
2201-08-03 16:00:00,909.0,-770.09863
2201-08-03 17:00:00,901.0,-1321.3486
2201-08-03 18:00:00,897.0,-454.5056
2201-08-03 19:00:00,889.0,-321.92432
2201-08-03 20:00:00,884.0,-164.03809
2201-08-03 21:00:00,881.0,-3.581787
2201-08-03 22:00:00,886.0,704.11755
2201-08-03 23:00:00,894.0,795.8535
2201-08-04 00:00:00,902.0,1128.7361
2201-08-04 01:00:00,901.0,1255.3035
2201-08-04 02:00:00,898.0,1524.3098
2201-08-04 03:00:00,898.0,1496.0452
2201-08-04 04:00:00,897.0,1446.4099
2201-08-04 05:00:00,897.0,1411.2468
2201-08-04 06:00:00,895.0,1403.8256
2201-08-04 07:00:00,881.0,1275.0116
2201-08-04 08:00:00,858.0,1421.4163
2201-08-04 09:00:00,847.0,1367.072
2201-08-04 10:00:00,838.0,1546.928
2201-08-04 11:00:00,831.0,1159.8678
2201-08-04 12:00:00,821.0,1035.1952
2201-08-04 13:00:00,824.0,1155.4894
2201-08-04 14:00:00,825.0,1108.8104
2201-08-04 15:00:00,820.0001,1654.3672
2201-08-04 16:00:00,813.0001,1217.143
2201-08-04 17:00:00,808.0,1688.5555
2201-08-04 18:00:00,810.0001,2190.1245
2201-08-04 19:00:00,849.0,2567.403
2201-08-04 20:00:00,894.0,2886.957
2201-08-04 21:00:00,941.0,2986.8894
2201-08-04 22:00:00,987.0,3358.6128
2201-08-04 23:00:00,1026.0,3026.5767
2201-08-05 00:00:00,1063.0,2851.7542
2201-08-05 01:00:00,1094.0,2529.8057
2201-08-05 02:00:00,1123.0,2170.8694
2201-08-05 03:00:00,1143.0,1812.5605
2201-08-05 04:00:00,1162.0,1454.6605
2201-08-05 05:00:00,1169.0,1062.0321
2201-08-05 06:00:00,1176.0,898.83826
2201-08-05 07:00:00,1184.0,876.95874
2201-08-05 08:00:00,1196.0,1249.9939
2201-08-05 09:00:00,1205.0,1169.8124
2201-08-05 10:00:00,1213.0,1226.7292
2201-08-05 11:00:00,1222.0,963.10205
2201-08-05 12:00:00,1227.0,711.77466
2201-08-05 13:00:00,1232.0,589.6682
2201-08-05 14:00:00,1242.0,593.694
2201-08-05 15:00:00,1239.0,761.9601
2201-08-05 16:00:00,1218.0,717.6743
2201-08-05 17:00:00,1195.0,708.2013
2201-08-05 18:00:00,1204.0,733.1426
2201-08-05 19:00:00,1234.0,675.20166
2201-08-05 20:00:00,1256.0,653.7494
2201-08-05 21:00:00,1261.0,582.1316
2201-08-05 22:00:00,1267.0,471.98425
2201-08-05 23:00:00,1268.0,385.50952
2201-08-06 00:00:00,1264.0,326.9651
2201-08-06 01:00:00,1263.0,241.03784
2201-08-06 02:00:00,1256.0,166.74097
2201-08-06 03:00:00,1243.0,109.37329
2201-08-06 04:00:00,1239.0,71.32324
2201-08-06 05:00:00,1226.0,19.505127
2201-08-06 06:00:00,1219.0,-14.243408
2201-08-06 07:00:00,1213.0,6.5512695
2201-08-06 08:00:00,1201.0,360.0598
2201-08-06 09:00:00,1192.0,480.74255
2201-08-06 10:00:00,1182.0,598.0089
2201-08-06 11:00:00,1174.0,666.44763
2201-08-06 12:00:00,1161.0,758.56506
2201-08-06 13:00:00,1154.0,1187.1589
2201-08-06 14:00:00,1151.0,1262.8608
2201-08-06 15:00:00,1148.0,1399.9059
2201-08-06 16:00:00,1143.0,1130.0366
2201-08-06 17:00:00,1132.0,1157.9867
2201-08-06 18:00:00,1120.0,1112.3649
2201-08-06 19:00:00,1109.0,1088.959
2201-08-06 20:00:00,1101.0,973.501
2201-08-06 21:00:00,1092.0,828.11646
2201-08-06 22:00:00,1089.0,685.6017
2201-08-06 23:00:00,1091.0,511.0476
2201-08-07 00:00:00,1095.0,511.578
2201-08-07 01:00:00,1101.0,356.7556
2201-08-07 02:00:00,1105.0,281.19116
2201-08-07 03:00:00,1102.0,186.61914
2201-08-07 04:00:00,1099.0,116.765625
2201-08-07 05:00:00,1094.0,67.01367
2201-08-07 06:00:00,1099.0,79.16431
2201-08-07 07:00:00,1101.0,148.75195
2201-08-07 08:00:00,1101.0,386.45776
2201-08-07 09:00:00,1098.0,538.4944
2201-08-07 10:00:00,1092.0,532.3225
2201-08-07 11:00:00,1082.0,1002.08765
2201-08-07 12:00:00,1081.0,1355.6798
2201-08-07 13:00:00,1073.0,1486.4915
2201-08-07 14:00:00,1066.0,1444.1339
2201-08-07 15:00:00,1061.0,1305.3008
2201-08-07 16:00:00,1056.0,1321.6581
2201-08-07 17:00:00,1053.0,1613.8
2201-08-07 18:00:00,1047.0,1418.1235
2201-08-07 19:00:00,1042.0,1433.1876
2201-08-07 20:00:00,1037.0,1360.8221
2201-08-07 21:00:00,1034.0,1271.4489
2201-08-07 22:00:00,1028.0,1246.9127
2201-08-07 23:00:00,1025.0,1218.1702
2201-08-08 00:00:00,1021.0,1170.9106
2201-08-08 01:00:00,1018.0,1115.7509
2201-08-08 02:00:00,1012.0,994.8689
2201-08-08 03:00:00,1011.0,876.4863
2201-08-08 04:00:00,1007.0,777.03284
2201-08-08 05:00:00,1008.0,457.3058
2201-08-08 06:00:00,1008.0,475.5797
2201-08-08 07:00:00,1008.0,124.3479
2201-08-08 08:00:00,1016.0,-584.8462
2201-08-08 09:00:00,1021.0,925.61707
2201-08-08 10:00:00,1030.0,1410.5266
2201-08-08 11:00:00,1044.0,1929.5789
2201-08-08 12:00:00,1074.0,2255.9688
2201-08-08 13:00:00,1117.0,1842.0303
2201-08-08 14:00:00,1178.0,1961.7151
2201-08-08 15:00:00,1273.0,1893.4827
2201-08-08 16:00:00,1412.0,1472.3739
2201-08-08 17:00:00,1612.0,1453.3389
2201-08-08 18:00:00,1825.0,1408.8738
2201-08-08 19:00:00,2028.0,1266.9149
2201-08-08 20:00:00,2182.0,1689.5945
2201-08-08 21:00:00,2305.0,2442.6594
2201-08-08 22:00:00,2528.0,3045.5723
2201-08-08 23:00:00,2860.0,3043.5505
2201-08-09 00:00:00,3076.0,3230.7324
2201-08-09 01:00:00,3245.0,3416.8948
2201-08-09 02:00:00,3368.0,3460.0977
2201-08-09 03:00:00,3484.0,3759.3716
2201-08-09 04:00:00,3608.0,3704.935
2201-08-09 05:00:00,3748.0,3801.7334
2201-08-09 06:00:00,3901.0,3743.1091
2201-08-09 07:00:00,4073.0,3790.2183
2201-08-09 08:00:00,4234.0,3720.7866
2201-08-09 09:00:00,4389.0,4160.919
2201-08-09 10:00:00,4520.0,3879.0078
2201-08-09 11:00:00,4620.0,4030.192
2201-08-09 12:00:00,4688.0,3775.0806
2201-08-09 13:00:00,4731.0,3355.7537
2201-08-09 14:00:00,4703.0,3117.8403
2201-08-09 15:00:00,4659.0,3130.6023
2201-08-09 16:00:00,4607.0,2835.3508
2201-08-09 17:00:00,4535.0,2839.5837
2201-08-09 18:00:00,4460.0,2670.6597
2201-08-09 19:00:00,4366.0,2771.5427
2201-08-09 20:00:00,4295.0,2688.862
2201-08-09 21:00:00,4203.0,2661.3015
2201-08-09 22:00:00,4125.0,2580.4543
2201-08-09 23:00:00,4069.0,2518.659
2201-08-10 00:00:00,4023.0,2350.3584
2201-08-10 01:00:00,3994.0,2301.7937
2201-08-10 02:00:00,3954.0,2266.7112
2201-08-10 03:00:00,3900.0,2231.2046
2201-08-10 04:00:00,3845.0,2197.3281
2201-08-10 05:00:00,3784.0,2119.8777
2201-08-10 06:00:00,3711.0,2147.2744
2201-08-10 07:00:00,3643.0,2150.0344
2201-08-10 08:00:00,3592.0,2350.3643
2201-08-10 09:00:00,3538.0,2389.0864
2201-08-10 10:00:00,3505.0,2883.6628
2201-08-10 11:00:00,3478.0,3220.3052
2201-08-10 12:00:00,3447.0,3413.198
2201-08-10 13:00:00,3419.0,3737.3662
2201-08-10 14:00:00,3396.0,3826.257
2201-08-10 15:00:00,3369.0,3752.0073
2201-08-10 16:00:00,3355.0,3604.9768
2201-08-10 17:00:00,3329.0,3492.7275
2201-08-10 18:00:00,3295.0,3460.5488
2201-08-10 19:00:00,3264.0,3489.0676
2201-08-10 20:00:00,3220.0,3285.6738
2201-08-10 21:00:00,3186.0,3155.9233
2201-08-10 22:00:00,3133.0,3055.0432
2201-08-10 23:00:00,3083.0,2941.926
2201-08-11 00:00:00,3036.0,2865.4607
2201-08-11 01:00:00,2997.0,2841.8481
2201-08-11 02:00:00,2942.0,2818.6206
2201-08-11 03:00:00,2904.0,2779.393
2201-08-11 04:00:00,2856.0,2650.453
2201-08-11 05:00:00,2810.0,2560.1155
2201-08-11 06:00:00,2785.0,2472.8435
2201-08-11 07:00:00,2750.0,2370.4937
2201-08-11 08:00:00,2718.0,2520.8818
2201-08-11 09:00:00,2700.0,2745.8542
2201-08-11 10:00:00,2680.0,2833.6646
2201-08-11 11:00:00,2670.0,2874.4922
2201-08-11 12:00:00,2654.0,2852.604
2201-08-11 13:00:00,2627.0,2724.531
2201-08-11 14:00:00,2604.0,2731.2192
2201-08-11 15:00:00,2583.0,2721.5754
2201-08-11 16:00:00,2544.0,2763.9192
2201-08-11 17:00:00,2509.0,3065.1953
2201-08-11 18:00:00,2476.0,3062.2742
2201-08-11 19:00:00,2452.0,3306.9114
2201-08-11 20:00:00,2422.0,3219.67
2201-08-11 21:00:00,2395.0,3119.8445
2201-08-11 22:00:00,2369.0,2956.9653
2201-08-11 23:00:00,2346.0,2807.532
2201-08-12 00:00:00,2320.0,2657.395
2201-08-12 01:00:00,2295.0,2523.8196
2201-08-12 02:00:00,2278.0,2435.424
2201-08-12 03:00:00,2268.0,2310.2996
2201-08-12 04:00:00,2242.0,2189.2532
2201-08-12 05:00:00,2228.0,2035.1353
2201-08-12 06:00:00,2205.0,1878.5283
2201-08-12 07:00:00,2195.0,2004.573
2201-08-12 08:00:00,2173.0,2155.6511
2201-08-12 09:00:00,2155.0,2359.1418
2201-08-12 10:00:00,2144.0,2511.3337
2201-08-12 11:00:00,2126.0,2505.893
2201-08-12 12:00:00,2108.0,2561.044
2201-08-12 13:00:00,2084.0,2520.7273
2201-08-12 14:00:00,2062.0,2343.7502
2201-08-12 15:00:00,2042.0,2352.5012
2201-08-12 16:00:00,2016.0,2296.2856
2201-08-12 17:00:00,1987.0,2584.8838
2201-08-12 18:00:00,1961.0,2663.5396
2201-08-12 19:00:00,1930.0,2879.9019
2201-08-12 20:00:00,1914.0,2741.8875
2201-08-12 21:00:00,1892.0,2579.7788
2201-08-12 22:00:00,1867.0,2363.6365
2201-08-12 23:00:00,1843.0,2149.4453
2201-08-13 00:00:00,1825.0,1858.4958
2201-08-13 01:00:00,1808.0,1678.4913
2201-08-13 02:00:00,1798.0,1524.6472
2201-08-13 03:00:00,1781.0,1419.427
2201-08-13 04:00:00,1770.0,1338.4734
2201-08-13 05:00:00,1758.0,1267.4883
2201-08-13 06:00:00,1742.0,1179.7667
2201-08-13 07:00:00,1725.0,1213.1144
2201-08-13 08:00:00,1716.0,1373.948
2201-08-13 09:00:00,1705.0,1459.1906
2201-08-13 10:00:00,1687.0,1435.4923
2201-08-13 11:00:00,1675.0,1535.1821
2201-08-13 12:00:00,1665.0,1628.7646
2201-08-13 13:00:00,1653.0,1769.1875
2201-08-13 14:00:00,1642.0,1813.907
2201-08-13 15:00:00,1627.0,1866.0403
2201-08-13 16:00:00,1613.0,1877.5605
2201-08-13 17:00:00,1604.0,2235.7388
2201-08-13 18:00:00,1594.0,2154.7358
2201-08-13 19:00:00,1584.0,2328.0576
2201-08-13 20:00:00,1568.0,2182.2869
2201-08-13 21:00:00,1559.0,2034.3037
2201-08-13 22:00:00,1546.0,1901.4755
2201-08-13 23:00:00,1536.0,1739.5837
2201-08-14 00:00:00,1529.0,1482.5615
2201-08-14 01:00:00,1513.0,1392.7523
2201-08-14 02:00:00,1506.0,1241.8729
2201-08-14 03:00:00,1492.0,1085.2974
2201-08-14 04:00:00,1488.0,995.4352
2201-08-14 05:00:00,1485.0,920.2794
2201-08-14 06:00:00,1471.0,900.41235
2201-08-14 07:00:00,1465.0,898.89233
2201-08-14 08:00:00,1457.0,1051.9308
2201-08-14 09:00:00,1447.0,1065.8845
2201-08-14 10:00:00,1434.0,1146.62
2201-08-14 11:00:00,1425.0,1286.2666
2201-08-14 12:00:00,1429.0,1148.4016
2201-08-14 13:00:00,1419.0,1588.9954
2201-08-14 14:00:00,1413.0,1541.3835
2201-08-14 15:00:00,1401.0,1467.3317
2201-08-14 16:00:00,1394.0,1716.7925
2201-08-14 17:00:00,1388.0,1703.9126
2201-08-14 18:00:00,1384.0,2076.342
2201-08-14 19:00:00,1375.0,2119.9368
2201-08-14 20:00:00,1372.0,2045.2117
2201-08-14 21:00:00,1365.0,1982.4331
2201-08-14 22:00:00,1352.0,1873.9495
2201-08-14 23:00:00,1349.0,1765.1506
2201-08-15 00:00:00,1341.0,1531.3936
2201-08-15 01:00:00,1332.0,1401.9834
2201-08-15 02:00:00,1330.0,1320.8177
2201-08-15 03:00:00,1323.0,1230.9447
2201-08-15 04:00:00,1318.0,1122.7041
2201-08-15 05:00:00,1315.0,1047.0339
2201-08-15 06:00:00,1311.0,998.81055
2201-08-15 07:00:00,1305.0,1009.7031
2201-08-15 08:00:00,1302.0,1126.0975
2201-08-15 09:00:00,1290.0,1208.5582
2201-08-15 10:00:00,1291.0,1265.5457
2201-08-15 11:00:00,1289.0,1368.4019
2201-08-15 12:00:00,1286.0,1606.139
2201-08-15 13:00:00,1277.0,1768.2429
2201-08-15 14:00:00,1277.0,1842.0404
2201-08-15 15:00:00,1272.0,1997.2211
2201-08-15 16:00:00,1270.0,2023.0707
2201-08-15 17:00:00,1266.0,2144.856
2201-08-15 18:00:00,1261.0,2181.793
2201-08-15 19:00:00,1260.0,2078.5183
2201-08-15 20:00:00,1255.0,1897.8159
2201-08-15 21:00:00,1249.0,1823.2432
2201-08-15 22:00:00,1245.0,1666.7983
2201-08-15 23:00:00,1240.0,1546.9246
2201-08-16 00:00:00,1234.0,1326.441
2201-08-16 01:00:00,1234.0,1172.0558
2201-08-16 02:00:00,1227.0,1028.4202
2201-08-16 03:00:00,1229.0,881.69617
2201-08-16 04:00:00,1225.0,852.2019
2201-08-16 05:00:00,1221.0,778.1749
2201-08-16 06:00:00,1221.0,807.8441
2201-08-16 07:00:00,1219.0,906.5221
2201-08-16 08:00:00,1212.0,1046.6469
2201-08-16 09:00:00,1210.0,1226.5917
2201-08-16 10:00:00,1212.0,1330.3328
2201-08-16 11:00:00,1204.0,1449.2555
2201-08-16 12:00:00,1203.0,1426.6683
2201-08-16 13:00:00,1199.0,1625.9949
2201-08-16 14:00:00,1195.0,1564.9862
2201-08-16 15:00:00,1193.0,1663.1964
2201-08-16 16:00:00,1190.0,1864.233
2201-08-16 17:00:00,1184.0,1773.2043
2201-08-16 18:00:00,1179.0,1715.269
2201-08-16 19:00:00,1176.0,1750.7501
2201-08-16 20:00:00,1170.0,1583.6638
2201-08-16 21:00:00,1165.0,1469.084
2201-08-16 22:00:00,1159.0,1483.0331
2201-08-16 23:00:00,1155.0,1326.4042
2201-08-17 00:00:00,1151.0,1134.3531
2201-08-17 01:00:00,1150.0,803.83496
2201-08-17 02:00:00,1144.0,706.06506
2201-08-17 03:00:00,1143.0,629.38367
2201-08-17 04:00:00,1137.0,617.9265
2201-08-17 05:00:00,1134.0,682.2627
2201-08-17 06:00:00,1130.0,884.72876
2201-08-17 07:00:00,1131.0,1271.4816
2201-08-17 08:00:00,1126.0,1596.5493
2201-08-17 09:00:00,1125.0,2114.7285
2201-08-17 10:00:00,1120.0,2377.6562
2201-08-17 11:00:00,1120.0,2733.901
2201-08-17 12:00:00,1115.0,2991.2385
2201-08-17 13:00:00,1115.0,3250.6123
2201-08-17 14:00:00,1113.0,3186.9172
2201-08-17 15:00:00,1111.0,2978.9941
2201-08-17 16:00:00,1107.0,2822.6802
2201-08-17 17:00:00,1105.0,2752.304
2201-08-17 18:00:00,1100.0,2752.5308
2201-08-17 19:00:00,1093.0,2655.7039
2201-08-17 20:00:00,1087.0,2590.2048
2201-08-17 21:00:00,1082.0,2361.875
2201-08-17 22:00:00,1077.0,2345.1145
2201-08-17 23:00:00,1071.0,1963.107
2201-08-18 00:00:00,1067.0,1638.0781
2201-08-18 01:00:00,1064.0,1748.4993
2201-08-18 02:00:00,1064.0,1164.4017
2201-08-18 03:00:00,1073.0,995.3229
2201-08-18 04:00:00,1089.0,1402.6971
2201-08-18 05:00:00,1113.0,929.76074
2201-08-18 06:00:00,1161.0,2431.388
2201-08-18 07:00:00,1250.0,2936.3406
2201-08-18 08:00:00,1473.0,3680.2524
2201-08-18 09:00:00,1838.0,3920.8271
2201-08-18 10:00:00,2358.0,4979.542
2201-08-18 11:00:00,3062.0,5819.803
2201-08-18 12:00:00,3902.0,6977.298
2201-08-18 13:00:00,4634.0,8245.436
2201-08-18 14:00:00,5264.0,9256.911
2201-08-18 15:00:00,5845.0,9943.631
2201-08-18 16:00:00,6551.0,10292.772
2201-08-18 17:00:00,7389.0,10768.42
2201-08-18 18:00:00,8240.0,11176.545
2201-08-18 19:00:00,9006.0,12374.228
2201-08-18 20:00:00,9657.999,12988.2295
2201-08-18 21:00:00,10252.0,14034.322
2201-08-18 22:00:00,10838.0,15374.908
2201-08-18 23:00:00,11421.0,16020.755
2201-08-19 00:00:00,12019.0,16718.543
2201-08-19 01:00:00,12606.0,17378.379
2201-08-19 02:00:00,13148.0,18266.436
2201-08-19 03:00:00,13636.0,18965.527
2201-08-19 04:00:00,14184.0,19336.45
2201-08-19 05:00:00,14715.0,19419.451
2201-08-19 06:00:00,15151.0,19452.146
2201-08-19 07:00:00,15442.0,19603.607
2201-08-19 08:00:00,15676.0,19657.297
2201-08-19 09:00:00,15802.001,20192.824
2201-08-19 10:00:00,15868.0,20253.104
2201-08-19 11:00:00,15929.0,20520.621
2201-08-19 12:00:00,15847.0,20680.775
2201-08-19 13:00:00,15716.0,20918.785
2201-08-19 14:00:00,15628.0,20783.781
2201-08-19 15:00:00,15350.0,20676.316
2201-08-19 16:00:00,15087.0,21015.174
2201-08-19 17:00:00,14749.0,20796.06
2201-08-19 18:00:00,14346.0,20487.516
2201-08-19 19:00:00,13895.0,19924.768
2201-08-19 20:00:00,13430.0,19632.0
2201-08-19 21:00:00,12931.0,19465.098
2201-08-19 22:00:00,12452.0,19134.684
2201-08-19 23:00:00,11983.0,18892.648
2201-08-20 00:00:00,11588.0,18702.701
2201-08-20 01:00:00,11164.0,18404.56
2201-08-20 02:00:00,10784.0,18215.703
2201-08-20 03:00:00,10457.0,17874.008
2201-08-20 04:00:00,10132.0,17502.467
2201-08-20 05:00:00,9877.0,17124.816
2201-08-20 06:00:00,9643.0,16757.027
2201-08-20 07:00:00,9480.0,16990.79
2201-08-20 08:00:00,9369.999,16509.826
2201-08-20 09:00:00,9285.0,16361.862
2201-08-20 10:00:00,9205.0,16096.637
2201-08-20 11:00:00,9148.999,15803.201
2201-08-20 12:00:00,9086.0,15695.029
2201-08-20 13:00:00,9021.0,15296.903
2201-08-20 14:00:00,8946.0,14995.346
2201-08-20 15:00:00,8871.0,14378.42
2201-08-20 16:00:00,8778.0,14102.622
2201-08-20 17:00:00,8662.0,13538.965
2201-08-20 18:00:00,8564.0,13537.997
2201-08-20 19:00:00,8440.0,13044.444
2201-08-20 20:00:00,8296.0,13054.898
2201-08-20 21:00:00,8117.0,12876.919
2201-08-20 22:00:00,7896.0,12579.011
2201-08-20 23:00:00,7695.0,12181.168
2201-08-21 00:00:00,7517.0,11928.384
2201-08-21 01:00:00,7349.0,11505.357
2201-08-21 02:00:00,7198.0,11231.849
2201-08-21 03:00:00,7075.0,10772.261
2201-08-21 04:00:00,6953.0,10427.495
2201-08-21 05:00:00,6849.0,10041.053
2201-08-21 06:00:00,6750.0,9635.799
2201-08-21 07:00:00,6627.0,10011.844
2201-08-21 08:00:00,6494.0,9786.846
2201-08-21 09:00:00,6332.0,9844.3
2201-08-21 10:00:00,6150.0,9519.793
2201-08-21 11:00:00,5935.0,9292.171
2201-08-21 12:00:00,5737.0,9379.76
2201-08-21 13:00:00,5550.0,9269.6455
2201-08-21 14:00:00,5362.0,9118.249
2201-08-21 15:00:00,5209.0,8632.915
2201-08-21 16:00:00,5060.0,8504.271
2201-08-21 17:00:00,4943.0,8326.47
2201-08-21 18:00:00,4848.0,8355.018
2201-08-21 19:00:00,4758.0,8085.4307
2201-08-21 20:00:00,4678.0,8086.33
2201-08-21 21:00:00,4613.0,7988.457
2201-08-21 22:00:00,4554.0,7955.927
2201-08-21 23:00:00,4491.0,7772.122
2201-08-22 00:00:00,4419.0,7519.7275
2201-08-22 01:00:00,4363.0,7318.4395
2201-08-22 02:00:00,4298.0,7094.049
2201-08-22 03:00:00,4248.0,6885.367
2201-08-22 04:00:00,4200.0,6616.491
2201-08-22 05:00:00,4142.0,6421.0786
2201-08-22 06:00:00,4089.0,6276.5815
2201-08-22 07:00:00,4042.0,6262.173
2201-08-22 08:00:00,3995.0,6338.124
2201-08-22 09:00:00,3955.0,6228.126
2201-08-22 10:00:00,3916.0,6254.8433
2201-08-22 11:00:00,3876.0,6052.5117
2201-08-22 12:00:00,3831.0,5848.8896
2201-08-22 13:00:00,3785.0,5774.741
2201-08-22 14:00:00,3738.0,5753.463
2201-08-22 15:00:00,3699.0,5717.916
2201-08-22 16:00:00,3660.0,6019.245
2201-08-22 17:00:00,3631.0,6069.906
2201-08-22 18:00:00,3596.0,6191.5176
2201-08-22 19:00:00,3551.0,6234.1113
2201-08-22 20:00:00,3509.0,6244.9717
2201-08-22 21:00:00,3487.0,6183.2627
2201-08-22 22:00:00,3445.0,6076.3633
2201-08-22 23:00:00,3408.0,6038.829
2201-08-23 00:00:00,3379.0,5702.1606
2201-08-23 01:00:00,3338.0,5533.1934
2201-08-23 02:00:00,3311.0,5311.093
2201-08-23 03:00:00,3286.0,5138.916
2201-08-23 04:00:00,3253.0,4945.6133
2201-08-23 05:00:00,3221.0,4780.549
2201-08-23 06:00:00,3196.0,4467.868
2201-08-23 07:00:00,3175.0,4560.79
2201-08-23 08:00:00,3149.0,4415.867
2201-08-23 09:00:00,3116.0,4581.8945
2201-08-23 10:00:00,3101.0,4607.7495
2201-08-23 11:00:00,3071.0,4610.5557
2201-08-23 12:00:00,3044.0,4789.2534
2201-08-23 13:00:00,3015.0,5050.9717
2201-08-23 14:00:00,3006.0,5267.731
2201-08-23 15:00:00,2975.0,5263.676
2201-08-23 16:00:00,2951.0,5281.2793
2201-08-23 17:00:00,2933.0,5210.507
2201-08-23 18:00:00,2914.0,5246.4556
2201-08-23 19:00:00,2891.0,5087.449
2201-08-23 20:00:00,2871.0,4906.748
2201-08-23 21:00:00,2851.0,4713.8535
2201-08-23 22:00:00,2827.0,4481.532
2201-08-23 23:00:00,2814.0,4179.961
2201-08-24 00:00:00,2781.0,3929.85
2201-08-24 01:00:00,2769.0,3647.7349
2201-08-24 02:00:00,2754.0,3348.4182
2201-08-24 03:00:00,2736.0,3094.6575
2201-08-24 04:00:00,2713.0,2897.8208
2201-08-24 05:00:00,2698.0,2665.5964
2201-08-24 06:00:00,2682.0,2488.266
2201-08-24 07:00:00,2664.0,2651.8804
2201-08-24 08:00:00,2649.0,2702.449
2201-08-24 09:00:00,2640.0,2838.122
2201-08-24 10:00:00,2625.0,2758.5566
2201-08-24 11:00:00,2610.0,2711.294
2201-08-24 12:00:00,2586.0,2780.6973
2201-08-24 13:00:00,2571.0,2846.23
2201-08-24 14:00:00,2554.0,2850.492
2201-08-24 15:00:00,2525.0,2837.0645
2201-08-24 16:00:00,2499.0,2686.821
2201-08-24 17:00:00,2476.0,2707.3804
2201-08-24 18:00:00,2457.0,2851.658
2201-08-24 19:00:00,2444.0,3021.334
2201-08-24 20:00:00,2424.0,2937.8662
2201-08-24 21:00:00,2408.0,2832.876
2201-08-24 22:00:00,2391.0,2804.1936
2201-08-24 23:00:00,2384.0,2742.8457
2201-08-25 00:00:00,2365.0,2612.7617
2201-08-25 01:00:00,2355.0,2525.4978
2201-08-25 02:00:00,2338.0,2417.9521
2201-08-25 03:00:00,2321.0,2319.1992
2201-08-25 04:00:00,2311.0,2244.168
2201-08-25 05:00:00,2305.0,2105.2327
2201-08-25 06:00:00,2286.0,1971.4426
2201-08-25 07:00:00,2276.0,1936.5404
2201-08-25 08:00:00,2277.0,1962.111
2201-08-25 09:00:00,2256.0,1898.6696
2201-08-25 10:00:00,2246.0,1891.1663
2201-08-25 11:00:00,2222.0,1848.2468
2201-08-25 12:00:00,2198.0,1943.276
2201-08-25 13:00:00,2184.0,1929.5851
2201-08-25 14:00:00,2172.0,1858.4186
2201-08-25 15:00:00,2157.0,1883.5173
2201-08-25 16:00:00,2160.0,1741.1382
2201-08-25 17:00:00,2152.0,1917.2688
2201-08-25 18:00:00,2143.0,2049.2986
2201-08-25 19:00:00,2130.0,2341.793
2201-08-25 20:00:00,2113.0,2484.128
2201-08-25 21:00:00,2073.0,2596.6719
2201-08-25 22:00:00,2062.0,2625.3218
2201-08-25 23:00:00,2040.0,2607.4822
2201-08-26 00:00:00,2025.0,2587.1484
2201-08-26 01:00:00,2015.0,2534.147
2201-08-26 02:00:00,2005.0,2383.0544
2201-08-26 03:00:00,2000.0,2251.7744
2201-08-26 04:00:00,1991.0,2143.5117
2201-08-26 05:00:00,1977.0,2020.4733
2201-08-26 06:00:00,1965.0,1895.2952
2201-08-26 07:00:00,1955.0,1833.1147
2201-08-26 08:00:00,1948.0,1721.7134
2201-08-26 09:00:00,1946.0,1588.0823
2201-08-26 10:00:00,1930.0,1826.0831
2201-08-26 11:00:00,1930.0,1617.9392
2201-08-26 12:00:00,1915.0,1815.7413
2201-08-26 13:00:00,1891.0,1928.7036
2201-08-26 14:00:00,1863.0,2312.772
2201-08-26 15:00:00,1846.0,2336.8223
2201-08-26 16:00:00,1839.0,2304.818
2201-08-26 17:00:00,1826.0,2201.8699
2201-08-26 18:00:00,1824.0,2379.6772
2201-08-26 19:00:00,1807.0,2715.787
2201-08-26 20:00:00,1789.0,2768.349
2201-08-26 21:00:00,1774.0,2788.552
2201-08-26 22:00:00,1758.0,2696.0972
2201-08-26 23:00:00,1737.0,2617.728
2201-08-27 00:00:00,1738.0,2142.954
2201-08-27 01:00:00,1756.0,2006.0306
2201-08-27 02:00:00,1776.0,1846.6321
2201-08-27 03:00:00,1777.0,1671.3866
2201-08-27 04:00:00,1777.0,1561.9575
2201-08-27 05:00:00,1772.0,1478.5974
2201-08-27 06:00:00,1771.0,1420.4138
2201-08-27 07:00:00,1764.0,1386.8529
2201-08-27 08:00:00,1764.0,1444.8971
2201-08-27 09:00:00,1764.0,1533.323
2201-08-27 10:00:00,1757.0,1576.1786
2201-08-27 11:00:00,1757.0,1936.8984
2201-08-27 12:00:00,1735.0,2081.4077
2201-08-27 13:00:00,1722.0,2154.6438
2201-08-27 14:00:00,1712.0,2183.5835
2201-08-27 15:00:00,1717.0,2196.172
2201-08-27 16:00:00,1712.0,2109.1523
2201-08-27 17:00:00,1696.0,2292.5056
2201-08-27 18:00:00,1672.0,2187.9463
2201-08-27 19:00:00,1645.0,2227.8818
2201-08-27 20:00:00,1619.0,2082.397
2201-08-27 21:00:00,1595.0,1976.7556
2201-08-27 22:00:00,1570.0,1880.1146
2201-08-27 23:00:00,1556.0,1770.5608
2201-08-28 00:00:00,1539.0,1717.3999
2201-08-28 01:00:00,1532.0,1588.6531
2201-08-28 02:00:00,1521.0,1482.2983
2201-08-28 03:00:00,1507.0,1340.9531
2201-08-28 04:00:00,1505.0,1236.3633
2201-08-28 05:00:00,1490.0,1213.9473
2201-08-28 06:00:00,1483.0,1183.4347
2201-08-28 07:00:00,1477.0,1131.9282
2201-08-28 08:00:00,1472.0,1264.7125
2201-08-28 09:00:00,1461.0,1284.708
2201-08-28 10:00:00,1455.0,1365.3615
2201-08-28 11:00:00,1452.0,1408.7856
2201-08-28 12:00:00,1439.0,1322.1903
2201-08-28 13:00:00,1436.0,1221.1642
2201-08-28 14:00:00,1432.0,1104.665
2201-08-28 15:00:00,1422.0,1087.8544
2201-08-28 16:00:00,1413.0,1113.864
2201-08-28 17:00:00,1403.0,1337.8292
2201-08-28 18:00:00,1397.0,1330.6202
2201-08-28 19:00:00,1385.0,1463.3658
2201-08-28 20:00:00,1383.0,1316.8613
2201-08-28 21:00:00,1373.0,1208.6254
2201-08-28 22:00:00,1365.0,1116.3046
2201-08-28 23:00:00,1356.0,951.36084
2201-08-29 00:00:00,1345.0,953.02563
2201-08-29 01:00:00,1337.0,870.0187
2201-08-29 02:00:00,1332.0,752.8932
2201-08-29 03:00:00,1327.0,648.07166
2201-08-29 04:00:00,1316.0,604.30164
2201-08-29 05:00:00,1310.0,542.5398
2201-08-29 06:00:00,1306.0,550.3313
2201-08-29 07:00:00,1305.0,682.5204
2201-08-29 08:00:00,1296.0,810.5465
2201-08-29 09:00:00,1293.0,808.97925
2201-08-29 10:00:00,1287.0,903.115
2201-08-29 11:00:00,1286.0,938.25037
2201-08-29 12:00:00,1279.0,839.8545
2201-08-29 13:00:00,1275.0,846.6677
2201-08-29 14:00:00,1266.0,834.0991
2201-08-29 15:00:00,1262.0,700.25415
2201-08-29 16:00:00,1259.0,768.6987
2201-08-29 17:00:00,1252.0,910.7483
2201-08-29 18:00:00,1249.0,842.89526
2201-08-29 19:00:00,1243.0,1162.0172
2201-08-29 20:00:00,1239.0,1105.9563
2201-08-29 21:00:00,1236.0,1050.315
2201-08-29 22:00:00,1230.0,990.8573
2201-08-29 23:00:00,1224.0,813.55664
2201-08-30 00:00:00,1218.0,876.9784
2201-08-30 01:00:00,1213.0,753.6631
2201-08-30 02:00:00,1209.0,616.6417
2201-08-30 03:00:00,1209.0,491.9381
2201-08-30 04:00:00,1205.0,374.96118
2201-08-30 05:00:00,1203.0,343.63623
2201-08-30 06:00:00,1198.0,299.5608
2201-08-30 07:00:00,1195.0,386.47095
2201-08-30 08:00:00,1194.0,542.10767
2201-08-30 09:00:00,1191.0,635.17175
2201-08-30 10:00:00,1187.0,783.35547
2201-08-30 11:00:00,1184.0,879.39685
2201-08-30 12:00:00,1176.0,694.734
2201-08-30 13:00:00,1174.0,685.6991
2201-08-30 14:00:00,1173.0,923.6033
2201-08-30 15:00:00,1169.0,862.11096
2201-08-30 16:00:00,1166.0,769.8965
2201-08-30 17:00:00,1164.0,1029.1378
2201-08-30 18:00:00,1159.0,884.4105
2201-08-30 19:00:00,1154.0,1204.0807
2201-08-30 20:00:00,1151.0,1198.6997
2201-08-30 21:00:00,1142.0,1232.498
2201-08-30 22:00:00,1134.0,1146.9763
2201-08-30 23:00:00,1134.0,1068.4968
2201-08-31 00:00:00,1129.0,1009.44556
2201-08-31 01:00:00,1125.0,838.62366
2201-08-31 02:00:00,1119.0,660.907
2201-08-31 03:00:00,1119.0,523.72925
2201-08-31 04:00:00,1114.0,385.80664
2201-08-31 05:00:00,1112.0,285.8247
2201-08-31 06:00:00,1113.0,257.8181
2201-08-31 07:00:00,1107.0,287.64062
2201-08-31 08:00:00,1106.0,499.53613
2201-08-31 09:00:00,1104.0,660.0969
2201-08-31 10:00:00,1100.0,850.9282
2201-08-31 11:00:00,1073.0,1008.24414
2201-08-31 12:00:00,1025.0,796.86096
2201-08-31 13:00:00,991.0,673.9901
2201-08-31 14:00:00,971.0,545.83203
2201-08-31 15:00:00,953.0,636.037
2201-08-31 16:00:00,939.0,522.45276
2201-08-31 17:00:00,919.0,763.6305
2201-08-31 18:00:00,931.0,770.25073
2201-08-31 19:00:00,967.0,747.6196
2201-08-31 20:00:00,990.0,736.02576
2201-08-31 21:00:00,1001.0,672.73376
2201-08-31 22:00:00,1004.0,725.2184
2201-08-31 23:00:00,1006.0,989.3845
2201-09-01 00:00:00,1001.0,1001.99866
2201-09-01 01:00:00,997.0,1001.21814
2201-09-01 02:00:00,996.0,1000.1776
2201-09-01 03:00:00,993.0,962.5282
2201-09-01 04:00:00,990.0,850.10144
2201-09-01 05:00:00,986.0,764.1782
2201-09-01 06:00:00,985.0,756.1271
2201-09-01 07:00:00,982.0,751.77856
2201-09-01 08:00:00,981.0,925.33655
2201-09-01 09:00:00,981.0,712.7384
2201-09-01 10:00:00,972.0,650.8977
2201-09-01 11:00:00,923.0,181.34912
2201-09-01 12:00:00,873.0,91.89136
2201-09-01 13:00:00,853.0,21.972656
2201-09-01 14:00:00,877.0,-18.184326
2201-09-01 15:00:00,911.0,210.92188
2201-09-01 16:00:00,933.0,123.47046
2201-09-01 17:00:00,942.0,187.78296
2201-09-01 18:00:00,945.0,469.44336
2201-09-01 19:00:00,948.0,382.6311
2201-09-01 20:00:00,945.0,636.239
2201-09-01 21:00:00,943.0,796.13257
2201-09-01 22:00:00,942.0,903.4287
2201-09-01 23:00:00,939.0,971.50085
2201-09-02 00:00:00,935.0,976.76965
2201-09-02 01:00:00,934.0,845.83435
2201-09-02 02:00:00,931.0,746.4077
2201-09-02 03:00:00,929.0,614.4236
2201-09-02 04:00:00,926.0,367.79028
2201-09-02 05:00:00,926.0,213.73413
2201-09-02 06:00:00,924.0,106.531494
2201-09-02 07:00:00,922.0,258.7212
2201-09-02 08:00:00,921.0,444.2019
2201-09-02 09:00:00,921.0,313.92236
2201-09-02 10:00:00,917.0,326.87817
2201-09-02 11:00:00,916.0,174.00879
2201-09-02 12:00:00,916.0,-78.53076
2201-09-02 13:00:00,914.0,-131.40845
2201-09-02 14:00:00,912.0,-223.27686
2201-09-02 15:00:00,909.0,-3.8361816
2201-09-02 16:00:00,907.0,-23.500977
2201-09-02 17:00:00,906.0,3.6679688
2201-09-02 18:00:00,904.0,267.03442
2201-09-02 19:00:00,914.0,283.23755
2201-09-02 20:00:00,920.0,549.5189
2201-09-02 21:00:00,924.0,645.2106
2201-09-02 22:00:00,924.0,668.8274
2201-09-02 23:00:00,921.0,567.1471
2201-09-03 00:00:00,921.0,449.87524
2201-09-03 01:00:00,915.0,301.48828
2201-09-03 02:00:00,916.0,129.87134
2201-09-03 03:00:00,916.0,-44.580322
2201-09-03 04:00:00,913.0,-201.23169
2201-09-03 05:00:00,911.0,-268.18896
2201-09-03 06:00:00,906.0,-360.4148
2201-09-03 07:00:00,895.0,-292.56665
2201-09-03 08:00:00,882.0,-212.52734
2201-09-03 09:00:00,878.0,-154.31055
2201-09-03 10:00:00,873.0,-193.39209
2201-09-03 11:00:00,869.0,-79.028564
2201-09-03 12:00:00,868.0,-378.51074
2201-09-03 13:00:00,864.0,-383.74756
2201-09-03 14:00:00,861.0,-357.57642
2201-09-03 15:00:00,860.0,-120.36377
2201-09-03 16:00:00,856.0,-230.80469
2201-09-03 17:00:00,855.0,79.5083
2201-09-03 18:00:00,852.0,44.891357
2201-09-03 19:00:00,851.0,409.13428
2201-09-03 20:00:00,848.0,574.8026
2201-09-03 21:00:00,846.0001,514.4336
2201-09-03 22:00:00,841.9999,490.33105
2201-09-03 23:00:00,838.9999,374.15845
2201-09-04 00:00:00,837.0,238.03735
2201-09-04 01:00:00,835.0,83.23193
2201-09-04 02:00:00,836.0001,-92.28955
2201-09-04 03:00:00,833.0001,-207.36133
2201-09-04 04:00:00,831.0,-333.99902
2201-09-04 05:00:00,830.0,-424.9436
2201-09-04 06:00:00,828.0,-418.42163
2201-09-04 07:00:00,831.0,-390.97632
2201-09-04 08:00:00,828.9999,-145.67285
2201-09-04 09:00:00,830.0,-220.90991
2201-09-04 10:00:00,838.0,-138.15161
2201-09-04 11:00:00,848.0,-156.1128
2201-09-04 12:00:00,851.0,-418.9585
2201-09-04 13:00:00,851.0,-394.09082
2201-09-04 14:00:00,850.0,-412.12378
2201-09-04 15:00:00,851.0,-95.970215
2201-09-04 16:00:00,852.0,-38.959473
2201-09-04 17:00:00,844.9999,-49.80713
2201-09-04 18:00:00,833.0001,339.17236
2201-09-04 19:00:00,823.0001,312.10767
2201-09-04 20:00:00,815.9999,486.86
2201-09-04 21:00:00,812.0,489.32324
2201-09-04 22:00:00,805.9999,503.6194
2201-09-04 23:00:00,802.0,610.3955
2201-09-05 00:00:00,802.0,466.29736
2201-09-05 01:00:00,799.0,324.5608
2201-09-05 02:00:00,797.0001,149.94873
2201-09-05 03:00:00,795.9999,31.424072
2201-09-05 04:00:00,794.0,-98.91675
2201-09-05 05:00:00,792.9999,-247.15137
2201-09-05 06:00:00,799.0,-310.094
2201-09-05 07:00:00,808.9999,-299.08545
2201-09-05 08:00:00,817.0,-214.20898
2201-09-05 09:00:00,820.0001,-264.6145
2201-09-05 10:00:00,823.0001,-201.29834
2201-09-05 11:00:00,821.0,-217.90918
2201-09-05 12:00:00,814.0,-216.44995
2201-09-05 13:00:00,802.9999,-483.35303
2201-09-05 14:00:00,794.0,-343.3418
2201-09-05 15:00:00,788.0,-437.95898
2201-09-05 16:00:00,785.0,-381.6704
2201-09-05 17:00:00,795.0,-238.15942
2201-09-05 18:00:00,808.0,-107.93677
2201-09-05 19:00:00,808.0,365.4856
2201-09-05 20:00:00,807.0,365.96777
2201-09-05 21:00:00,805.0,449.0703
2201-09-05 22:00:00,800.0001,469.04028
2201-09-05 23:00:00,799.0,456.4768
2201-09-06 00:00:00,795.0,314.20068
2201-09-06 01:00:00,792.9999,239.4502
2201-09-06 02:00:00,792.0,117.92627
2201-09-06 03:00:00,791.0,27.688965
2201-09-06 04:00:00,789.0,-33.717285
2201-09-06 05:00:00,789.0,-66.16504
2201-09-06 06:00:00,789.0,-59.703613
2201-09-06 07:00:00,788.0,15.795898
2201-09-06 08:00:00,788.0,254.87866
2201-09-06 09:00:00,786.0,249.53857
2201-09-06 10:00:00,786.0,489.28735
2201-09-06 11:00:00,786.0,417.9978
2201-09-06 12:00:00,786.0,166.06494
2201-09-06 13:00:00,779.0,240.75903
2201-09-06 14:00:00,771.0001,336.5752
2201-09-06 15:00:00,766.9999,200.1709
2201-09-06 16:00:00,763.0,536.04224
2201-09-06 17:00:00,759.9999,647.0327
2201-09-06 18:00:00,759.0,642.1571
2201-09-06 19:00:00,758.0,875.1627
2201-09-06 20:00:00,753.9999,887.3838
2201-09-06 21:00:00,751.0001,847.7532
2201-09-06 22:00:00,748.0001,744.1388
2201-09-06 23:00:00,743.9999,706.95154
2201-09-07 00:00:00,742.0,595.5
2201-09-07 01:00:00,740.0,390.00146
2201-09-07 02:00:00,739.0,325.85547
2201-09-07 03:00:00,738.0001,204.00464
2201-09-07 04:00:00,733.9999,148.61987
2201-09-07 05:00:00,733.0,157.15015
2201-09-07 06:00:00,733.0,177.06152
2201-09-07 07:00:00,730.9999,360.81445
2201-09-07 08:00:00,729.0,508.38623
2201-09-07 09:00:00,729.0,511.16663
2201-09-07 10:00:00,727.0,546.17554
2201-09-07 11:00:00,727.0,468.06677
2201-09-07 12:00:00,728.0001,300.4458
2201-09-07 13:00:00,726.0,221.03687
2201-09-07 14:00:00,722.0,80.44702
2201-09-07 15:00:00,720.9999,140.48608
2201-09-07 16:00:00,719.0,138.18872
2201-09-07 17:00:00,723.0,397.1975
2201-09-07 18:00:00,726.0,333.4192
2201-09-07 19:00:00,723.0,491.1245
2201-09-07 20:00:00,720.0,397.84692
2201-09-07 21:00:00,716.0,506.32727
2201-09-07 22:00:00,714.0,633.83374
2201-09-07 23:00:00,713.0,275.85693
2201-09-08 00:00:00,710.0,63.02295
2201-09-08 01:00:00,707.9999,28.27295
2201-09-08 02:00:00,707.0,-171.6582
2201-09-08 03:00:00,706.0,-308.7339
2201-09-08 04:00:00,706.0,-260.87402
2201-09-08 05:00:00,706.0,-156.85645
2201-09-08 06:00:00,704.0,-76.86401
2201-09-08 07:00:00,704.0,41.211426
2201-09-08 08:00:00,704.0,173.49341
2201-09-08 09:00:00,703.0,145.00977
2201-09-08 10:00:00,703.0,212.33716
2201-09-08 11:00:00,703.0,389.86572
2201-09-08 12:00:00,704.0,430.6538
2201-09-08 13:00:00,704.0,433.25757
2201-09-08 14:00:00,706.0,292.71338
2201-09-08 15:00:00,706.0,-823.2534
2201-09-08 16:00:00,707.9999,-660.9641
2201-09-08 17:00:00,709.0,-918.77124
2201-09-08 18:00:00,710.0,-597.17993
2201-09-08 19:00:00,710.0,-478.99243
2201-09-08 20:00:00,710.0,-12.28125
2201-09-08 21:00:00,716.0,-118.52637
2201-09-08 22:00:00,722.0,777.2329
2201-09-08 23:00:00,722.0,930.27124
2201-09-09 00:00:00,726.0,934.0725
2201-09-09 01:00:00,730.9999,856.9424
2201-09-09 02:00:00,736.0,750.39526
2201-09-09 03:00:00,743.9999,600.9098
2201-09-09 04:00:00,751.0001,424.56665
2201-09-09 05:00:00,758.0,243.77979
2201-09-09 06:00:00,769.9999,124.26245
2201-09-09 07:00:00,786.0,40.30298
2201-09-09 08:00:00,799.0,176.65771
2201-09-09 09:00:00,814.0,110.40625
2201-09-09 10:00:00,827.0,42.11377
2201-09-09 11:00:00,835.0,154.55176
2201-09-09 12:00:00,841.0,142.49805
2201-09-09 13:00:00,848.0,229.96606
2201-09-09 14:00:00,855.0,522.74084
2201-09-09 15:00:00,862.0,686.14185
2201-09-09 16:00:00,870.0,828.6637
2201-09-09 17:00:00,879.0,1031.291
2201-09-09 18:00:00,891.0,1013.666
2201-09-09 19:00:00,902.0,1119.4348
2201-09-09 20:00:00,915.0,857.7715
2201-09-09 21:00:00,930.0,639.65063
2201-09-09 22:00:00,948.0,498.34033
2201-09-09 23:00:00,965.0,411.09277
2201-09-10 00:00:00,981.0,176.37524
2201-09-10 01:00:00,995.0,39.6875
2201-09-10 02:00:00,1013.0,65.43823
2201-09-10 03:00:00,1022.0,-14.138916
2201-09-10 04:00:00,1031.0,-28.525879
2201-09-10 05:00:00,1036.0,-48.472168
2201-09-10 06:00:00,1037.0,-28.626709
2201-09-10 07:00:00,1037.0,36.849365
2201-09-10 08:00:00,1028.0,336.02148
2201-09-10 09:00:00,1022.0,547.01086
2201-09-10 10:00:00,1015.0,904.4509
2201-09-10 11:00:00,1006.0,1041.7452
2201-09-10 12:00:00,992.0,1133.8098
2201-09-10 13:00:00,983.0,1212.4918
2201-09-10 14:00:00,972.0,1075.8795
2201-09-10 15:00:00,963.0,1217.9874
2201-09-10 16:00:00,953.0,1192.8165
2201-09-10 17:00:00,945.0,1066.5165
2201-09-10 18:00:00,938.0,1378.0698
2201-09-10 19:00:00,929.0,1325.6691
2201-09-10 20:00:00,917.0,1528.6333
2201-09-10 21:00:00,911.0,1687.0392
2201-09-10 22:00:00,903.0,1619.2743
2201-09-10 23:00:00,895.0,1416.6218
2201-09-11 00:00:00,887.0,1241.2683
2201-09-11 01:00:00,879.0,1164.5688
2201-09-11 02:00:00,873.0,1047.0563
2201-09-11 03:00:00,867.0,966.4606
2201-09-11 04:00:00,861.0,980.7511
2201-09-11 05:00:00,851.0,955.26526
2201-09-11 06:00:00,849.0,1054.4352
2201-09-11 07:00:00,849.0,1174.7255
2201-09-11 08:00:00,844.0,1302.1189
2201-09-11 09:00:00,838.9999,1386.4376
2201-09-11 10:00:00,836.0001,1413.3118
2201-09-11 11:00:00,831.0,1373.1085
2201-09-11 12:00:00,828.9999,1030.3839
2201-09-11 13:00:00,826.0001,1104.805
2201-09-11 14:00:00,820.0001,962.3511
2201-09-11 15:00:00,815.9999,934.14185
2201-09-11 16:00:00,813.0001,954.4822
2201-09-11 17:00:00,810.0001,841.41943
2201-09-11 18:00:00,808.9999,1210.6471
2201-09-11 19:00:00,804.0,1120.6252
2201-09-11 20:00:00,799.0,1180.9843
2201-09-11 21:00:00,792.9999,1422.0299
2201-09-11 22:00:00,789.0,1370.1151
2201-09-11 23:00:00,788.0,1326.2134
2201-09-12 00:00:00,781.0,1228.34
2201-09-12 01:00:00,779.0,1066.3134
2201-09-12 02:00:00,776.0,877.25476
2201-09-12 03:00:00,771.0001,771.6505
2201-09-12 04:00:00,768.0,695.22095
2201-09-12 05:00:00,766.0,472.79504
2201-09-12 06:00:00,765.0,633.20264
2201-09-12 07:00:00,764.0001,745.8191
2201-09-12 08:00:00,759.9999,799.0858
2201-09-12 09:00:00,758.0,801.0259
2201-09-12 10:00:00,756.9999,822.6625
2201-09-12 11:00:00,755.0,457.29834
2201-09-12 12:00:00,753.0,553.8312
2201-09-12 13:00:00,749.0,584.7599
2201-09-12 14:00:00,746.0,456.5238
2201-09-12 15:00:00,745.0,243.6001
2201-09-12 16:00:00,741.0001,432.18213
2201-09-12 17:00:00,740.0,424.37012
2201-09-12 18:00:00,739.0,762.406
2201-09-12 19:00:00,746.0,975.0054
2201-09-12 20:00:00,752.0,986.57837
2201-09-12 21:00:00,755.0,1246.701
2201-09-12 22:00:00,750.0,1152.6759
2201-09-12 23:00:00,740.0,1022.0901
2201-09-13 00:00:00,729.0,891.0305
2201-09-13 01:00:00,724.0,1036.4412
2201-09-13 02:00:00,719.0,899.6981
2201-09-13 03:00:00,716.0,639.521
2201-09-13 04:00:00,714.0,679.5111
2201-09-13 05:00:00,712.0001,682.1638
2201-09-13 06:00:00,710.9999,729.4592
2201-09-13 07:00:00,710.0,646.5525
2201-09-13 08:00:00,709.0,656.7516
2201-09-13 09:00:00,706.0,501.79126
2201-09-13 10:00:00,706.0,209.09961
2201-09-13 11:00:00,704.9999,322.30713
2201-09-13 12:00:00,703.0,350.96704
2201-09-13 13:00:00,701.0,349.52905
2201-09-13 14:00:00,699.0001,268.38452
2201-09-13 15:00:00,697.0,142.56226
2201-09-13 16:00:00,692.0001,334.8672
2201-09-13 17:00:00,690.0,355.687
2201-09-13 18:00:00,690.0,614.1301
2201-09-13 19:00:00,688.0,862.8711
2201-09-13 20:00:00,686.0001,977.40356
2201-09-13 21:00:00,684.0,991.3533
2201-09-13 22:00:00,680.0,932.1283
2201-09-13 23:00:00,679.0001,902.7633
2201-09-14 00:00:00,676.0001,788.7134
2201-09-14 01:00:00,674.9999,604.64404
2201-09-14 02:00:00,673.0,508.4773
2201-09-14 03:00:00,671.0,439.60547
2201-09-14 04:00:00,671.0,304.1294
2201-09-14 05:00:00,670.0,299.44092
2201-09-14 06:00:00,667.0,330.83228
2201-09-14 07:00:00,667.0,326.95508
2201-09-14 08:00:00,665.0,363.04663
2201-09-14 09:00:00,664.0,393.14453
2201-09-14 10:00:00,663.0001,481.67786
2201-09-14 11:00:00,661.0,423.98047
2201-09-14 12:00:00,661.9999,444.33862
2201-09-14 13:00:00,661.0,414.5713
2201-09-14 14:00:00,658.0,317.29028
2201-09-14 15:00:00,655.0,277.03345
2201-09-14 16:00:00,653.0001,451.42676
2201-09-14 17:00:00,652.0,420.9734
2201-09-14 18:00:00,651.0,310.75244
2201-09-14 19:00:00,648.9999,535.81604
2201-09-14 20:00:00,647.0,702.1677
2201-09-14 21:00:00,645.0,652.9619
2201-09-14 22:00:00,640.0001,649.89307
2201-09-14 23:00:00,634.0,659.08997
2201-09-15 00:00:00,634.0,447.24292
2201-09-15 01:00:00,632.0,320.57104
2201-09-15 02:00:00,631.0,204.72656
2201-09-15 03:00:00,628.0,87.24585
2201-09-15 04:00:00,628.0,-68.833496
2201-09-15 05:00:00,627.0001,-145.81543
2201-09-15 06:00:00,625.9999,-126.58569
2201-09-15 07:00:00,625.0,-75.68994
2201-09-15 08:00:00,625.0,49.59546
2201-09-15 09:00:00,625.0,87.217285
2201-09-15 10:00:00,625.0,257.8955
2201-09-15 11:00:00,625.9999,370.74292
2201-09-15 12:00:00,632.0,103.52881
2201-09-15 13:00:00,629.0,675.12683
2201-09-15 14:00:00,622.9999,312.01978
2201-09-15 15:00:00,619.0,554.1522
2201-09-15 16:00:00,621.0,508.56665
2201-09-15 17:00:00,627.0001,568.26526
2201-09-15 18:00:00,625.0,309.72046
2201-09-15 19:00:00,621.0,550.6323
2201-09-15 20:00:00,616.0,375.81616
2201-09-15 21:00:00,612.0,401.4231
2201-09-15 22:00:00,608.0,360.0725
2201-09-15 23:00:00,607.0001,188.29126
2201-09-16 00:00:00,604.0001,-344.37012
2201-09-16 01:00:00,603.0,-208.31836
2201-09-16 02:00:00,601.0001,-196.36841
2201-09-16 03:00:00,601.0001,-229.81421
2201-09-16 04:00:00,599.0,-215.00049
2201-09-16 05:00:00,599.0,-190.74463
2201-09-16 06:00:00,596.9999,-191.81348
2201-09-16 07:00:00,596.0,46.185547
2201-09-16 08:00:00,596.0,240.72437
2201-09-16 09:00:00,596.0,195.13452
2201-09-16 10:00:00,594.0001,66.8125
2201-09-16 11:00:00,593.0,188.6416
2201-09-16 12:00:00,593.0,35.660645
2201-09-16 13:00:00,589.9999,199.6394
2201-09-16 14:00:00,593.0,-68.859375
2201-09-16 15:00:00,596.9999,-904.9697
2201-09-16 16:00:00,602.0,-231.06787
2201-09-16 17:00:00,606.0,221.38428
2201-09-16 18:00:00,612.9999,595.3251
2201-09-16 19:00:00,619.9999,701.2986
2201-09-16 20:00:00,627.0001,684.89734
2201-09-16 21:00:00,632.0,684.32043
2201-09-16 22:00:00,635.0,634.0709
2201-09-16 23:00:00,641.0,606.2551
2201-09-17 00:00:00,656.0001,378.4253
2201-09-17 01:00:00,667.0,326.42676
2201-09-17 02:00:00,671.0,286.35718
2201-09-17 03:00:00,668.0,252.94019
2201-09-17 04:00:00,663.0001,232.45923
2201-09-17 05:00:00,661.0,227.64941
2201-09-17 06:00:00,661.9999,344.87207
2201-09-17 07:00:00,661.0,454.2461
2201-09-17 08:00:00,663.0001,363.42065
2201-09-17 09:00:00,661.9999,766.589
2201-09-17 10:00:00,664.0,1073.8289
2201-09-17 11:00:00,664.0,1075.099
2201-09-17 12:00:00,664.0,1392.9617
2201-09-17 13:00:00,661.9999,1220.0752
2201-09-17 14:00:00,660.0,1020.20715
2201-09-17 15:00:00,661.9999,907.3889
2201-09-17 16:00:00,661.9999,794.25244
2201-09-17 17:00:00,661.9999,769.6372
2201-09-17 18:00:00,663.0001,828.577
2201-09-17 19:00:00,664.0,825.5342
2201-09-17 20:00:00,664.0,837.6162
2201-09-17 21:00:00,666.0001,835.03955
2201-09-17 22:00:00,668.0,827.8126
2201-09-17 23:00:00,668.9999,793.95215
2201-09-18 00:00:00,668.0,669.50146
2201-09-18 01:00:00,670.0,628.1387
2201-09-18 02:00:00,670.0,577.0055
2201-09-18 03:00:00,671.0,520.5553
2201-09-18 04:00:00,670.0,461.04626
2201-09-18 05:00:00,668.9999,402.55542
2201-09-18 06:00:00,670.0,379.39648
2201-09-18 07:00:00,671.0,405.5315
2201-09-18 08:00:00,671.9999,551.4104
2201-09-18 09:00:00,674.0,704.6786
2201-09-18 10:00:00,674.9999,843.121
2201-09-18 11:00:00,677.0,571.40967
2201-09-18 12:00:00,678.0,423.15625
2201-09-18 13:00:00,680.0,363.96875
2201-09-18 14:00:00,680.0,387.23438
2201-09-18 15:00:00,683.0,60.825684
2201-09-18 16:00:00,683.0,152.44995
2201-09-18 17:00:00,684.9999,208.05005
2201-09-18 18:00:00,684.0,162.53076
2201-09-18 19:00:00,686.0001,351.33984
2201-09-18 20:00:00,689.0001,321.208
2201-09-18 21:00:00,692.0001,288.82593
2201-09-18 22:00:00,694.0,320.16675
2201-09-18 23:00:00,697.0,295.82617
2201-09-19 00:00:00,700.0,477.11157
2201-09-19 01:00:00,702.0001,468.31653
2201-09-19 02:00:00,706.0,447.24585
2201-09-19 03:00:00,706.0,423.68164
2201-09-19 04:00:00,706.0,383.35767
2201-09-19 05:00:00,707.9999,260.56738
2201-09-19 06:00:00,710.0,174.95093
2201-09-19 07:00:00,710.0,158.2439
2201-09-19 08:00:00,712.0001,414.9834
2201-09-19 09:00:00,713.0,656.3246
2201-09-19 10:00:00,713.0,945.0217
2201-09-19 11:00:00,712.0001,929.1067
2201-09-19 12:00:00,713.0,956.7029
2201-09-19 13:00:00,710.9999,836.9708
2201-09-19 14:00:00,712.0001,623.9852
2201-09-19 15:00:00,707.9999,468.114
2201-09-19 16:00:00,706.0,258.60156
2201-09-19 17:00:00,703.0,635.02954
2201-09-19 18:00:00,700.0,420.38184
2201-09-19 19:00:00,697.9999,594.454
2201-09-19 20:00:00,694.0,592.9734
2201-09-19 21:00:00,691.0,731.86414
2201-09-19 22:00:00,688.0,729.11487
2201-09-19 23:00:00,687.0,659.2538
2201-09-20 00:00:00,683.0,691.30945
2201-09-20 01:00:00,680.0,644.5105
2201-09-20 02:00:00,678.0,592.155
2201-09-20 03:00:00,674.9999,540.5383
2201-09-20 04:00:00,673.0,482.72314
2201-09-20 05:00:00,671.0,403.36572
2201-09-20 06:00:00,670.0,305.40723
2201-09-20 07:00:00,668.0,250.07373
2201-09-20 08:00:00,666.0001,460.1067
2201-09-20 09:00:00,666.0001,968.8596
2201-09-20 10:00:00,664.0,813.56445
2201-09-20 11:00:00,663.0001,832.5259
2201-09-20 12:00:00,660.0,1022.86584
2201-09-20 13:00:00,658.0,849.0918
2201-09-20 14:00:00,650.0001,892.8429
2201-09-20 15:00:00,644.0,558.921
2201-09-20 16:00:00,645.0,544.1725
2201-09-20 17:00:00,645.0,535.8617
2201-09-20 18:00:00,642.0,629.3877
2201-09-20 19:00:00,640.0001,849.0359
2201-09-20 20:00:00,637.0,939.07056
2201-09-20 21:00:00,638.0,952.51953
2201-09-20 22:00:00,637.0,957.50256
2201-09-20 23:00:00,637.0,936.527
2201-09-21 00:00:00,635.9999,885.32715
2201-09-21 01:00:00,632.9999,840.9391
2201-09-21 02:00:00,631.0,795.8425
2201-09-21 03:00:00,631.0,795.2201
2201-09-21 04:00:00,629.0,778.9728
2201-09-21 05:00:00,628.0,772.69775
2201-09-21 06:00:00,628.0,731.2976
2201-09-21 07:00:00,625.0,710.345
2201-09-21 08:00:00,624.0,629.2761
2201-09-21 09:00:00,624.0,578.20557
2201-09-21 10:00:00,622.0,509.50122
2201-09-21 11:00:00,619.9999,609.68787
2201-09-21 12:00:00,619.0,598.8533
2201-09-21 13:00:00,615.0,669.5117
2201-09-21 14:00:00,612.9999,424.08472
2201-09-21 15:00:00,612.9999,370.0979
2201-09-21 16:00:00,612.9999,210.16895
2201-09-21 17:00:00,612.0,323.35596
2201-09-21 18:00:00,609.9999,369.83984
2201-09-21 19:00:00,609.9999,572.37024
2201-09-21 20:00:00,609.0,607.7699
2201-09-21 21:00:00,606.0,574.46106
2201-09-21 22:00:00,604.0001,448.20874
2201-09-21 23:00:00,604.0001,438.7434
2201-09-22 00:00:00,599.9999,493.3994
2201-09-22 01:00:00,596.9999,392.88574
2201-09-22 02:00:00,596.0,470.16943
2201-09-22 03:00:00,594.0001,455.55457
2201-09-22 04:00:00,593.0,429.79126
2201-09-22 05:00:00,592.0,354.1587
2201-09-22 06:00:00,593.0,349.8733
2201-09-22 07:00:00,593.0,261.66553
2201-09-22 08:00:00,593.0,489.2987
2201-09-22 09:00:00,592.0,495.22754
2201-09-22 10:00:00,591.0001,505.94983
2201-09-22 11:00:00,589.9999,475.4198
2201-09-22 12:00:00,589.0,345.35205
2201-09-22 13:00:00,586.9999,222.22314
2201-09-22 14:00:00,583.9999,129.14673
2201-09-22 15:00:00,585.0,147.11572
2201-09-22 16:00:00,583.9999,59.82495
2201-09-22 17:00:00,581.0001,114.61963
2201-09-22 18:00:00,581.0001,445.07373
2201-09-22 19:00:00,581.0001,733.82104
2201-09-22 20:00:00,580.0,837.6461
2201-09-22 21:00:00,578.0001,854.5176
2201-09-22 22:00:00,576.0,840.4387
2201-09-22 23:00:00,573.9999,798.01855
2201-09-23 00:00:00,573.0,881.0453
2201-09-23 01:00:00,570.9999,792.1493
2201-09-23 02:00:00,568.0001,742.3075
2201-09-23 03:00:00,568.0001,768.5597
2201-09-23 04:00:00,566.0,837.3944
2201-09-23 05:00:00,566.0,890.0006
2201-09-23 06:00:00,565.0001,899.6874
2201-09-23 07:00:00,563.9999,1066.8551
2201-09-23 08:00:00,563.9999,1032.7004
2201-09-23 09:00:00,563.9999,1298.9133
2201-09-23 10:00:00,562.0,1079.6594
2201-09-23 11:00:00,560.9999,1177.4783
2201-09-23 12:00:00,560.0,1156.553
2201-09-23 13:00:00,557.0,1110.9464
2201-09-23 14:00:00,558.0001,1001.3915
2201-09-23 15:00:00,553.0,901.9215
2201-09-23 16:00:00,527.0,964.2838
2201-09-23 17:00:00,494.0,907.2937
2201-09-23 18:00:00,491.0,1053.65
2201-09-23 19:00:00,510.0,947.5353
2201-09-23 20:00:00,527.9999,883.3773
2201-09-23 21:00:00,540.0,861.0499
2201-09-23 22:00:00,543.0,885.24243
2201-09-23 23:00:00,546.0,837.54724
2201-09-24 00:00:00,546.0,814.71924
2201-09-24 01:00:00,547.0,877.92993
2201-09-24 02:00:00,547.0,869.52795
2201-09-24 03:00:00,546.0,843.28455
2201-09-24 04:00:00,546.0,842.91223
2201-09-24 05:00:00,546.0,801.9186
2201-09-24 06:00:00,544.0,823.3484
2201-09-24 07:00:00,544.0,939.03235
2201-09-24 08:00:00,545.0001,917.6996
2201-09-24 09:00:00,543.0,1287.9718
2201-09-24 10:00:00,542.0001,1269.5046
2201-09-24 11:00:00,540.0,1430.5896
2201-09-24 12:00:00,539.0,1300.5898
2201-09-24 13:00:00,537.9999,921.0658
2201-09-24 14:00:00,537.9999,623.0055
2201-09-24 15:00:00,537.0,408.9226
2201-09-24 16:00:00,534.9999,243.00269
2201-09-24 17:00:00,534.9999,238.05103
2201-09-24 18:00:00,532.0001,233.01978
2201-09-24 19:00:00,532.0001,369.3977
2201-09-24 20:00:00,532.0001,356.17236
2201-09-24 21:00:00,532.0001,402.77905
2201-09-24 22:00:00,530.0,488.06836
2201-09-24 23:00:00,527.9999,612.4541
2201-09-25 00:00:00,527.9999,674.089
2201-09-25 01:00:00,526.0,712.1786
2201-09-25 02:00:00,526.0,739.8518
2201-09-25 03:00:00,524.9999,675.09094
2201-09-25 04:00:00,526.0,679.82275
2201-09-25 05:00:00,524.9999,649.3329
2201-09-25 06:00:00,524.9999,579.12744
2201-09-25 07:00:00,524.9999,595.3928
2201-09-25 08:00:00,524.0,579.44385
2201-09-25 09:00:00,524.0,967.25134
2201-09-25 10:00:00,523.0,1096.959
2201-09-25 11:00:00,521.0,1378.9622
2201-09-25 12:00:00,521.0,1312.6335
2201-09-25 13:00:00,521.0,1243.7977
2201-09-25 14:00:00,521.0,1053.1166
2201-09-25 15:00:00,520.0,647.381
2201-09-25 16:00:00,519.0001,430.23364
2201-09-25 17:00:00,518.0,232.20312
2201-09-25 18:00:00,514.9999,136.74316
2201-09-25 19:00:00,514.9999,236.00757
2201-09-25 20:00:00,516.0001,315.29785
2201-09-25 21:00:00,514.9999,465.63672
2201-09-25 22:00:00,514.9999,613.17346
2201-09-25 23:00:00,516.0001,684.61475
2201-09-26 00:00:00,514.9999,714.71545
2201-09-26 01:00:00,514.9999,680.61816
2201-09-26 02:00:00,513.0,601.272
2201-09-26 03:00:00,511.99988,533.90125
2201-09-26 04:00:00,511.99988,422.65454
2201-09-26 05:00:00,511.99988,345.00366
2201-09-26 06:00:00,511.99988,312.8694
2201-09-26 07:00:00,511.99988,298.64014
2201-09-26 08:00:00,511.99988,326.66675
2201-09-26 09:00:00,511.0,941.49207
2201-09-26 10:00:00,509.00012,1235.1357
2201-09-26 11:00:00,511.0,1427.3307
2201-09-26 12:00:00,509.00012,1550.9177
2201-09-26 13:00:00,509.00012,1529.7689
2201-09-26 14:00:00,509.00012,1124.18
2201-09-26 15:00:00,509.00012,611.4175
2201-09-26 16:00:00,508.0,244.5271
2201-09-26 17:00:00,507.0,117.031494
2201-09-26 18:00:00,507.0,70.41626
2201-09-26 19:00:00,507.0,159.84058
2201-09-26 20:00:00,506.00012,215.36108
2201-09-26 21:00:00,504.0,329.4712
2201-09-26 22:00:00,503.0,370.94922
2201-09-26 23:00:00,501.0,396.68726
2201-09-27 00:00:00,498.0,541.1885
2201-09-27 01:00:00,498.0,554.6089
2201-09-27 02:00:00,497.0,635.4763
2201-09-27 03:00:00,494.0,659.2578
2201-09-27 04:00:00,495.0,597.4896
2201-09-27 05:00:00,494.0,512.0936
2201-09-27 06:00:00,493.00012,522.1179
2201-09-27 07:00:00,493.00012,530.3247
2201-09-27 08:00:00,494.0,602.3845
2201-09-27 09:00:00,494.0,1417.9164
2201-09-27 10:00:00,495.0,1646.0613
2201-09-27 11:00:00,495.0,1830.9309
2201-09-27 12:00:00,495.0,1597.5156
2201-09-27 13:00:00,496.00012,1193.556
2201-09-27 14:00:00,496.00012,635.80566
2201-09-27 15:00:00,495.0,219.33325
2201-09-27 16:00:00,495.0,-62.759033
2201-09-27 17:00:00,495.0,-119.008545
2201-09-27 18:00:00,494.0,-160.61157
2201-09-27 19:00:00,493.00012,-32.595215
2201-09-27 20:00:00,493.00012,90.69238
2201-09-27 21:00:00,491.0,156.27905
2201-09-27 22:00:00,490.0,273.6206
2201-09-27 23:00:00,488.0,431.1045
2201-09-28 00:00:00,487.0,671.69995
2201-09-28 01:00:00,485.99988,829.3645
2201-09-28 02:00:00,484.0,921.8425
2201-09-28 03:00:00,482.0,945.792
2201-09-28 04:00:00,480.00012,948.07837
2201-09-28 05:00:00,478.99988,907.26917
2201-09-28 06:00:00,478.99988,823.853
2201-09-28 07:00:00,477.0,1197.106
2201-09-28 08:00:00,477.0,1491.9675
2201-09-28 09:00:00,475.99988,1989.513
2201-09-28 10:00:00,482.0,2184.393
2201-09-28 11:00:00,497.0,2361.4268
2201-09-28 12:00:00,506.00012,2198.6074
2201-09-28 13:00:00,508.0,1682.4185
2201-09-28 14:00:00,503.0,1176.0806
2201-09-28 15:00:00,496.00012,637.6299
2201-09-28 16:00:00,474.0,262.79932
2201-09-28 17:00:00,439.0,398.03467
2201-09-28 18:00:00,404.0,296.24854
2201-09-28 19:00:00,372.0,421.1902
2201-09-28 20:00:00,348.0,474.031
2201-09-28 21:00:00,338.0,570.3624
2201-09-28 22:00:00,342.0,712.3783
2201-09-28 23:00:00,356.0,820.4265
2201-09-29 00:00:00,373.0,987.0845
2201-09-29 01:00:00,391.0,1039.3524
2201-09-29 02:00:00,407.0,1055.1528
2201-09-29 03:00:00,416.0,1019.8463
2201-09-29 04:00:00,425.0,975.60913
2201-09-29 05:00:00,430.0,893.70105
2201-09-29 06:00:00,435.0,823.5122
2201-09-29 07:00:00,438.0,1046.2454
2201-09-29 08:00:00,441.0,1274.257
2201-09-29 09:00:00,446.0,1847.0756
2201-09-29 10:00:00,462.99988,1804.1263
2201-09-29 11:00:00,478.99988,1699.9978
2201-09-29 12:00:00,488.0,1167.2534
2201-09-29 13:00:00,494.0,746.5393
2201-09-29 14:00:00,498.0,386.56104
2201-09-29 15:00:00,498.0,158.42627
2201-09-29 16:00:00,501.0,355.6394
2201-09-29 17:00:00,501.99988,285.67383
2201-09-29 18:00:00,501.0,498.60315
2201-09-29 19:00:00,488.99988,726.23047
2201-09-29 20:00:00,470.00012,806.7374
2201-09-29 21:00:00,457.00012,949.0576
2201-09-29 22:00:00,446.0,1107.8746
2201-09-29 23:00:00,439.0,1295.5746
2201-09-30 00:00:00,435.0,1327.0569
2201-09-30 01:00:00,431.0,1403.8561
2201-09-30 02:00:00,428.0,1432.0387
2201-09-30 03:00:00,427.0,1336.2887
2201-09-30 04:00:00,425.0,1256.946
2201-09-30 05:00:00,424.0,1230.9579
2201-09-30 06:00:00,424.0,1098.2848
2201-09-30 07:00:00,424.0,1247.0173
2201-09-30 08:00:00,424.0,1534.2645
2201-09-30 09:00:00,424.0,1797.5309
2201-09-30 10:00:00,425.0,1793.777
2201-09-30 11:00:00,429.0,1723.5786
2201-09-30 12:00:00,433.0,1234.4982
2201-09-30 13:00:00,435.0,985.2118
2201-09-30 14:00:00,435.0,773.9491
2201-09-30 15:00:00,433.0,935.3069
2201-09-30 16:00:00,423.0,991.6007
2201-09-30 17:00:00,419.0,1137.1426
2201-09-30 18:00:00,423.0,1068.0668
2201-09-30 19:00:00,427.0,1143.8949
2201-09-30 20:00:00,429.0,1178.472
2201-09-30 21:00:00,427.0,1132.6846
2201-09-30 22:00:00,427.0,1311.7656
2201-09-30 23:00:00,424.0,1482.2692
2201-10-01 00:00:00,421.0,1343.9163
2201-10-01 01:00:00,419.0,1325.3796
2201-10-01 02:00:00,415.0,1212.7114
2201-10-01 03:00:00,414.0,1187.792
2201-10-01 04:00:00,413.0,1028.4545
2201-10-01 05:00:00,411.0,882.1516
2201-10-01 06:00:00,411.0,722.09717
2201-10-01 07:00:00,411.0,756.3689
2201-10-01 08:00:00,410.0,919.28735
2201-10-01 09:00:00,408.0,1473.7694
2201-10-01 10:00:00,408.0,1871.5869
2201-10-01 11:00:00,408.0,1986.8191
2201-10-01 12:00:00,408.0,1816.6326
2201-10-01 13:00:00,406.0,1480.1923
2201-10-01 14:00:00,405.0,1286.772
2201-10-01 15:00:00,403.0,1365.2491
2201-10-01 16:00:00,403.0,1215.0833
2201-10-01 17:00:00,403.0,1257.2533
2201-10-01 18:00:00,402.0,965.1006
2201-10-01 19:00:00,400.0,1030.9023
2201-10-01 20:00:00,400.0,1031.5402
2201-10-01 21:00:00,399.0,1061.5553
2201-10-01 22:00:00,398.0,1151.117
2201-10-01 23:00:00,396.0,1261.1611
2201-10-02 00:00:00,395.0,1331.4705
2201-10-02 01:00:00,393.0,1279.3862
2201-10-02 02:00:00,393.0,1164.8923
2201-10-02 03:00:00,392.0,1071.2573
2201-10-02 04:00:00,390.0,969.2224
2201-10-02 05:00:00,390.0,804.57764
2201-10-02 06:00:00,388.0,620.43665
2201-10-02 07:00:00,387.0,545.68506
2201-10-02 08:00:00,387.0,642.6942
2201-10-02 09:00:00,387.0,1144.5232
2201-10-02 10:00:00,387.0,1765.1272
2201-10-02 11:00:00,387.0,1954.6603
2201-10-02 12:00:00,386.0,2038.417
2201-10-02 13:00:00,385.0,1919.5796
2201-10-02 14:00:00,386.0,1772.1041
2201-10-02 15:00:00,387.0,1594.7214
2201-10-02 16:00:00,387.0,1414.6178
2201-10-02 17:00:00,387.0,1246.4309
2201-10-02 18:00:00,388.0,1037.671
2201-10-02 19:00:00,387.0,1045.4442
2201-10-02 20:00:00,387.0,988.10876
2201-10-02 21:00:00,387.0,1026.5428
2201-10-02 22:00:00,385.0,1056.6697
2201-10-02 23:00:00,385.0,1133.0247
2201-10-03 00:00:00,385.0,1033.7053
2201-10-03 01:00:00,385.0,1051.1932
2201-10-03 02:00:00,385.0,957.5071
2201-10-03 03:00:00,385.0,890.40625
2201-10-03 04:00:00,386.0,788.698
2201-10-03 05:00:00,387.0,555.6332
2201-10-03 06:00:00,387.0,423.37646
2201-10-03 07:00:00,390.0,382.92822
2201-10-03 08:00:00,390.0,538.42065
2201-10-03 09:00:00,390.0,1169.6304
2201-10-03 10:00:00,392.0,1696.4485
2201-10-03 11:00:00,393.0,1849.1891
2201-10-03 12:00:00,393.0,1989.2484
2201-10-03 13:00:00,393.0,1913.5931
2201-10-03 14:00:00,393.0,1665.436
2201-10-03 15:00:00,393.0,1605.6764
2201-10-03 16:00:00,392.0,1445.019
2201-10-03 17:00:00,392.0,1331.5405
2201-10-03 18:00:00,393.0,1206.7252
2201-10-03 19:00:00,393.0,1112.5763
2201-10-03 20:00:00,393.0,1061.3298
2201-10-03 21:00:00,390.0,1072.888
2201-10-03 22:00:00,390.0,1172.1493
2201-10-03 23:00:00,390.0,1216.1024
2201-10-04 00:00:00,392.0,1075.797
2201-10-04 01:00:00,392.0,1016.76465
2201-10-04 02:00:00,392.0,939.60205
2201-10-04 03:00:00,393.0,901.4519
2201-10-04 04:00:00,393.0,782.09827
2201-10-04 05:00:00,393.0,639.23413
2201-10-04 06:00:00,395.0,520.9863
2201-10-04 07:00:00,395.0,911.4474
2201-10-04 08:00:00,397.0,1294.3704
2201-10-04 09:00:00,398.0,1778.1064
2201-10-04 10:00:00,398.0,2080.4438
2201-10-04 11:00:00,400.0,2012.2295
2201-10-04 12:00:00,400.0,1932.1831
2201-10-04 13:00:00,400.0,1765.281
2201-10-04 14:00:00,400.0,1664.8352
2201-10-04 15:00:00,400.0,1694.0698
2201-10-04 16:00:00,400.0,1883.0398
2201-10-04 17:00:00,402.0,1684.8167
2201-10-04 18:00:00,404.0,1696.3296
2201-10-04 19:00:00,403.0,1585.6797
2201-10-04 20:00:00,400.0,1553.3937
2201-10-04 21:00:00,399.0,1467.2346
2201-10-04 22:00:00,398.0,1501.9756
2201-10-04 23:00:00,398.0,1590.5269
2201-10-05 00:00:00,398.0,1508.9393
2201-10-05 01:00:00,396.0,1549.1138
2201-10-05 02:00:00,395.0,1465.9607
2201-10-05 03:00:00,395.0,1371.7942
2201-10-05 04:00:00,395.0,1278.7593
2201-10-05 05:00:00,395.0,1166.725
2201-10-05 06:00:00,395.0,1123.5258
2201-10-05 07:00:00,395.0,1079.4136
2201-10-05 08:00:00,395.0,1680.1533
2201-10-05 09:00:00,395.0,2127.7896
2201-10-05 10:00:00,395.0,2634.5562
2201-10-05 11:00:00,395.0,2579.6255
2201-10-05 12:00:00,394.0,2493.8752
2201-10-05 13:00:00,393.0,2352.3325
2201-10-05 14:00:00,393.0,2189.8054
2201-10-05 15:00:00,393.0,2048.3157
2201-10-05 16:00:00,393.0,1926.528
2201-10-05 17:00:00,393.0,1793.4714
2201-10-05 18:00:00,393.0,1511.7843
2201-10-05 19:00:00,393.0,1291.2018
2201-10-05 20:00:00,393.0,1062.8738
2201-10-05 21:00:00,392.0,1116.4673
2201-10-05 22:00:00,390.0,1059.5688
2201-10-05 23:00:00,390.0,1033.0508
2201-10-06 00:00:00,387.0,1234.2218
2201-10-06 01:00:00,387.0,1223.2023
2201-10-06 02:00:00,387.0,1201.9165
2201-10-06 03:00:00,387.0,1072.7299
2201-10-06 04:00:00,385.0,960.2947
2201-10-06 05:00:00,385.0,861.6355
2201-10-06 06:00:00,385.0,849.6664
2201-10-06 07:00:00,385.0,884.4939
2201-10-06 08:00:00,385.0,1450.4922
2201-10-06 09:00:00,385.0,1861.2754
2201-10-06 10:00:00,385.0,1964.1932
2201-10-06 11:00:00,384.0,1883.081
2201-10-06 12:00:00,382.0,1666.2192
2201-10-06 13:00:00,382.0,1512.9888
2201-10-06 14:00:00,382.0,1420.328
2201-10-06 15:00:00,380.0,1344.5101
2201-10-06 16:00:00,381.0,1452.0441
2201-10-06 17:00:00,384.0,1304.1857
2201-10-06 18:00:00,395.0,1329.5679
2201-10-06 19:00:00,400.0,1150.5326
2201-10-06 20:00:00,397.0,1149.7228
2201-10-06 21:00:00,393.0,1137.1373
2201-10-06 22:00:00,392.0,1067.6973
2201-10-06 23:00:00,390.0,987.46924
2201-10-07 00:00:00,388.0,1096.8915
2201-10-07 01:00:00,387.0,1051.1036
2201-10-07 02:00:00,387.0,942.51624
2201-10-07 03:00:00,385.0,901.0459
2201-10-07 04:00:00,385.0,884.0056
2201-10-07 05:00:00,385.0,803.6593
2201-10-07 06:00:00,385.0,666.61865
2201-10-07 07:00:00,385.0,675.2781
2201-10-07 08:00:00,383.0,1298.3754
2201-10-07 09:00:00,382.0,1692.7815
2201-10-07 10:00:00,380.0,1878.0076
2201-10-07 11:00:00,379.0,1721.8403
2201-10-07 12:00:00,377.0,1808.7885
2201-10-07 13:00:00,377.0,1720.084
2201-10-07 14:00:00,376.0,1728.9658
2201-10-07 15:00:00,375.0,1653.9985
2201-10-07 16:00:00,375.0,1650.1274
2201-10-07 17:00:00,375.0,1356.8917
2201-10-07 18:00:00,375.0,1374.58
2201-10-07 19:00:00,374.0,1135.0153
2201-10-07 20:00:00,373.0,1053.039
2201-10-07 21:00:00,372.0,939.73645
2201-10-07 22:00:00,371.0,887.3552
2201-10-07 23:00:00,370.0,873.58875
2201-10-08 00:00:00,368.0,821.81775
2201-10-08 01:00:00,367.0,693.2412
2201-10-08 02:00:00,366.0,568.4331
2201-10-08 03:00:00,365.0,479.1737
2201-10-08 04:00:00,364.0,384.9839
2201-10-08 05:00:00,364.0,246.646
2201-10-08 06:00:00,364.0,149.82227
2201-10-08 07:00:00,364.0,374.2002
2201-10-08 08:00:00,363.0,587.5226
2201-10-08 09:00:00,362.0,700.121
2201-10-08 10:00:00,362.0,918.15796
2201-10-08 11:00:00,361.0,702.5653
2201-10-08 12:00:00,360.0,911.6516
2201-10-08 13:00:00,358.0,884.1405
2201-10-08 14:00:00,358.0,1049.0447
2201-10-08 15:00:00,358.0,1185.2863
2201-10-08 16:00:00,356.0,1498.101
2201-10-08 17:00:00,355.0,1550.0264
2201-10-08 18:00:00,356.0,1304.9589
2201-10-08 19:00:00,354.0,1319.4202
2201-10-08 20:00:00,354.0,1099.9001
2201-10-08 21:00:00,354.0,963.17236
2201-10-08 22:00:00,354.0,1011.64526
2201-10-08 23:00:00,352.0,858.3672
2201-10-09 00:00:00,351.0,761.172
2201-10-09 01:00:00,351.0,630.1914
2201-10-09 02:00:00,351.0,308.97363
2201-10-09 03:00:00,350.0,319.0144
2201-10-09 04:00:00,349.0,99.06372
2201-10-09 05:00:00,349.0,-7.189453
2201-10-09 06:00:00,347.0,-208.75879
2201-10-09 07:00:00,347.0,-356.1128
2201-10-09 08:00:00,347.0,-235.90308
2201-10-09 09:00:00,347.0,85.01782
2201-10-09 10:00:00,347.0,342.43018
2201-10-09 11:00:00,345.0,504.0453
2201-10-09 12:00:00,345.0,620.8353
2201-10-09 13:00:00,346.0,496.30188
2201-10-09 14:00:00,347.0,585.1168
2201-10-09 15:00:00,347.0,610.6343
2201-10-09 16:00:00,347.0,504.56458
2201-10-09 17:00:00,347.0,470.0221
2201-10-09 18:00:00,347.0,265.40283
2201-10-09 19:00:00,347.0,375.40918
2201-10-09 20:00:00,349.0,291.67822
2201-10-09 21:00:00,348.0,212.28662
2201-10-09 22:00:00,346.0,62.333984
2201-10-09 23:00:00,345.0,80.91235
2201-10-10 00:00:00,345.0,-116.700195
2201-10-10 01:00:00,344.0,-105.40723
2201-10-10 02:00:00,343.0,-213.41528
2201-10-10 03:00:00,341.0,-299.3999
2201-10-10 04:00:00,341.0,-434.094
2201-10-10 05:00:00,340.0,-491.88745
2201-10-10 06:00:00,339.0,-617.04736
2201-10-10 07:00:00,339.0,-417.1516
2201-10-10 08:00:00,339.0,-218.95044
2201-10-10 09:00:00,341.0,100.64014
2201-10-10 10:00:00,341.0,179.06885
2201-10-10 11:00:00,342.0,258.36816
2201-10-10 12:00:00,343.0,97.21118
2201-10-10 13:00:00,341.0,-107.33618
2201-10-10 14:00:00,342.0,-87.55249
2201-10-10 15:00:00,342.0,193.03418
2201-10-10 16:00:00,341.0,96.446045
2201-10-10 17:00:00,341.0,140.54956
2201-10-10 18:00:00,341.0,131.2998
2201-10-10 19:00:00,339.0,337.15454
2201-10-10 20:00:00,339.0,248.16724
2201-10-10 21:00:00,338.0,168.97217
2201-10-10 22:00:00,337.0,108.203125
2201-10-10 23:00:00,337.0,160.39038
2201-10-11 00:00:00,337.0,50.759277
2201-10-11 01:00:00,337.0,-33.298096
2201-10-11 02:00:00,336.0,-160.12354
2201-10-11 03:00:00,335.0,-143.6792
2201-10-11 04:00:00,335.0,-238.66357
2201-10-11 05:00:00,335.0,-355.80762
2201-10-11 06:00:00,335.0,-364.93018
2201-10-11 07:00:00,336.0,-358.80176
2201-10-11 08:00:00,337.0,-76.24902
2201-10-11 09:00:00,337.0,3.151123
2201-10-11 10:00:00,337.0,125.12573
2201-10-11 11:00:00,336.0,-187.42554
2201-10-11 12:00:00,335.0,-307.46997
2201-10-11 13:00:00,335.0,-293.16602
2201-10-11 14:00:00,334.0,-149.58594
2201-10-11 15:00:00,333.0,-39.700195
2201-10-11 16:00:00,333.0,267.58276
2201-10-11 17:00:00,333.0,406.9983
2201-10-11 18:00:00,333.0,742.3501
2201-10-11 19:00:00,335.0,516.9641
2201-10-11 20:00:00,335.0,616.01013
2201-10-11 21:00:00,334.0,764.95667
2201-10-11 22:00:00,333.0,702.5862
2201-10-11 23:00:00,331.0,687.51733
2201-10-12 00:00:00,330.0,576.3081
2201-10-12 01:00:00,330.0,515.34326
2201-10-12 02:00:00,330.0,545.037
2201-10-12 03:00:00,328.0,577.72217
2201-10-12 04:00:00,328.0,562.7656
2201-10-12 05:00:00,328.0,517.9199
2201-10-12 06:00:00,332.0,527.1117
2201-10-12 07:00:00,356.0,515.6482
2201-10-12 08:00:00,356.0,815.94653
2201-10-12 09:00:00,356.0,604.93713
2201-10-12 10:00:00,356.0,604.8308
2201-10-12 11:00:00,356.0,227.58594
2201-10-12 12:00:00,356.0,264.83667
2201-10-12 13:00:00,354.0,355.39746
2201-10-12 14:00:00,354.0,504.45117
2201-10-12 15:00:00,353.0,763.38513
2201-10-12 16:00:00,351.0,1083.948
2201-10-12 17:00:00,351.0,878.90515
2201-10-12 18:00:00,351.0,859.02405
2201-10-12 19:00:00,351.0,898.65344
2201-10-12 20:00:00,351.0,689.577
2201-10-12 21:00:00,349.0,565.756
2201-10-12 22:00:00,349.0,421.48755
2201-10-12 23:00:00,349.0,489.74194
2201-10-13 00:00:00,347.0,511.5464
2201-10-13 01:00:00,347.0,628.54456
2201-10-13 02:00:00,347.0,645.6699
2201-10-13 03:00:00,347.0,628.29553
2201-10-13 04:00:00,347.0,626.84204
2201-10-13 05:00:00,346.0,546.80164
2201-10-13 06:00:00,345.0,484.39563
2201-10-13 07:00:00,345.0,611.90564
2201-10-13 08:00:00,345.0,901.2554
2201-10-13 09:00:00,346.0,942.282
2201-10-13 10:00:00,347.0,855.2124
2201-10-13 11:00:00,347.0,720.5126
2201-10-13 12:00:00,347.0,702.574
2201-10-13 13:00:00,347.0,789.7306
2201-10-13 14:00:00,347.0,930.1736
2201-10-13 15:00:00,347.0,1002.8241
2201-10-13 16:00:00,346.0,1094.9501
2201-10-13 17:00:00,345.0,1090.3062
2201-10-13 18:00:00,347.0,1049.0013
2201-10-13 19:00:00,347.0,1084.0485
2201-10-13 20:00:00,347.0,823.2999
2201-10-13 21:00:00,344.0,730.1133
2201-10-13 22:00:00,343.0,738.1581
2201-10-13 23:00:00,342.0,759.21277
2201-10-14 00:00:00,341.0,802.78503
2201-10-14 01:00:00,339.0,929.39136
2201-10-14 02:00:00,338.0,945.3651
2201-10-14 03:00:00,337.0,841.0742
2201-10-14 04:00:00,337.0,709.1826
2201-10-14 05:00:00,336.0,557.7627
2201-10-14 06:00:00,335.0,495.34375
2201-10-14 07:00:00,335.0,608.25256
2201-10-14 08:00:00,335.0,879.5226
2201-10-14 09:00:00,335.0,1061.6598
2201-10-14 10:00:00,335.0,1127.5319
2201-10-14 11:00:00,335.0,960.67566
2201-10-14 12:00:00,335.0,916.37354
2201-10-14 13:00:00,335.0,869.5596
2201-10-14 14:00:00,335.0,981.93726
2201-10-14 15:00:00,334.0,1041.9121
2201-10-14 16:00:00,333.0,1092.4049
2201-10-14 17:00:00,333.0,1161.8649
2201-10-14 18:00:00,333.0,1203.4205
2201-10-14 19:00:00,331.0,991.4957
2201-10-14 20:00:00,333.0,938.32043
2201-10-14 21:00:00,333.0,845.8246
2201-10-14 22:00:00,331.0,830.97986
2201-10-14 23:00:00,330.0,875.3419
2201-10-15 00:00:00,329.0,748.9336
2201-10-15 01:00:00,328.0,788.20825
2201-10-15 02:00:00,326.0,761.15515
2201-10-15 03:00:00,325.0,727.5149
2201-10-15 04:00:00,324.0,657.042
2201-10-15 05:00:00,324.0,568.39087
2201-10-15 06:00:00,319.0,466.82336
2201-10-15 07:00:00,295.0,457.35974
2201-10-15 08:00:00,294.0,743.88306
2201-10-15 09:00:00,293.0,831.52637
2201-10-15 10:00:00,292.0,963.0498
2201-10-15 11:00:00,291.0,849.447
2201-10-15 12:00:00,289.0,691.4414
2201-10-15 13:00:00,287.0,672.9319
2201-10-15 14:00:00,286.0,680.9358
2201-10-15 15:00:00,285.0,737.6896
2201-10-15 16:00:00,285.0,928.089
2201-10-15 17:00:00,285.0,964.5912
2201-10-15 18:00:00,285.0,1114.9905
2201-10-15 19:00:00,284.0,1270.6058
2201-10-15 20:00:00,282.0,1019.0985
2201-10-15 21:00:00,282.0,898.97925
2201-10-15 22:00:00,280.0,918.5514
2201-10-15 23:00:00,279.0,927.40576
2201-10-16 00:00:00,278.0,645.0668
2201-10-16 01:00:00,276.0,604.09485
2201-10-16 02:00:00,276.0,581.92126
2201-10-16 03:00:00,274.0,523.3325
2201-10-16 04:00:00,274.0,360.1057
2201-10-16 05:00:00,274.0,288.29907
2201-10-16 06:00:00,272.0,183.7041
2201-10-16 07:00:00,272.0,266.49463
2201-10-16 08:00:00,272.0,388.67163
2201-10-16 09:00:00,272.0,611.41943
2201-10-16 10:00:00,272.0,819.1946
2201-10-16 11:00:00,272.0,886.4607
2201-10-16 12:00:00,272.0,770.036
2201-10-16 13:00:00,271.0,599.72705
2201-10-16 14:00:00,272.0,510.02283
2201-10-16 15:00:00,272.0,399.40967
2201-10-16 16:00:00,272.0,552.72363
2201-10-16 17:00:00,272.0,368.0984
2201-10-16 18:00:00,271.0,630.9601
2201-10-16 19:00:00,272.0,866.4783
2201-10-16 20:00:00,272.0,686.0852
2201-10-16 21:00:00,271.0,716.9198
2201-10-16 22:00:00,270.0,810.37915
2201-10-16 23:00:00,268.0,834.7976
2201-10-17 00:00:00,268.0,283.70703
2201-10-17 01:00:00,268.0,173.32422
2201-10-17 02:00:00,266.0,69.593994
2201-10-17 03:00:00,266.0,2.0129395
2201-10-17 04:00:00,266.0,-148.98071
2201-10-17 05:00:00,266.0,-193.42139
2201-10-17 06:00:00,266.0,-250.23438
2201-10-17 07:00:00,266.0,-256.979
2201-10-17 08:00:00,266.0,-49.070312
2201-10-17 09:00:00,266.0,37.898438
2201-10-17 10:00:00,266.0,73.49707
2201-10-17 11:00:00,266.0,136.4607
2201-10-17 12:00:00,266.0,50.50171
2201-10-17 13:00:00,266.0,-52.046143
2201-10-17 14:00:00,266.0,14.413574
2201-10-17 15:00:00,266.0,58.84961
2201-10-17 16:00:00,266.0,335.43848
2201-10-17 17:00:00,267.0,309.19507
2201-10-17 18:00:00,269.0,492.20093
2201-10-17 19:00:00,270.0,723.2051
2201-10-17 20:00:00,270.0,629.57324
2201-10-17 21:00:00,270.0,549.4901
2201-10-17 22:00:00,268.0,580.33813
2201-10-17 23:00:00,267.0,594.02136
2201-10-18 00:00:00,266.0,246.48364
2201-10-18 01:00:00,264.0,251.8352
2201-10-18 02:00:00,264.0,114.17798
2201-10-18 03:00:00,264.0,-1.0200195
2201-10-18 04:00:00,264.0,-168.65381
2201-10-18 05:00:00,264.0,-377.0083
2201-10-18 06:00:00,264.0,-519.74097
2201-10-18 07:00:00,265.0,-418.80566
2201-10-18 08:00:00,266.0,-176.4043
2201-10-18 09:00:00,266.0,54.56421
2201-10-18 10:00:00,266.0,176.09692
2201-10-18 11:00:00,266.0,456.51465
2201-10-18 12:00:00,266.0,499.61536
2201-10-18 13:00:00,264.0,506.11536
2201-10-18 14:00:00,264.0,445.9358
2201-10-18 15:00:00,264.0,389.07227
2201-10-18 16:00:00,263.0,272.2036
2201-10-18 17:00:00,257.0,426.27734
2201-10-18 18:00:00,254.0,268.5481
2201-10-18 19:00:00,255.0,428.2976
2201-10-18 20:00:00,258.0,323.44946
2201-10-18 21:00:00,260.0,378.67456
2201-10-18 22:00:00,262.0,295.09448
2201-10-18 23:00:00,262.0,240.93164
2201-10-19 00:00:00,262.0,187.3728
2201-10-19 01:00:00,262.0,15.357666
2201-10-19 02:00:00,262.0,-142.1206
2201-10-19 03:00:00,262.0,-163.45581
2201-10-19 04:00:00,263.0,-240.85156
2201-10-19 05:00:00,264.0,-392.02686
2201-10-19 06:00:00,264.0,-370.34888
2201-10-19 07:00:00,266.0,-415.59912
2201-10-19 08:00:00,267.0,-186.76245
2201-10-19 09:00:00,268.0,43.628662
2201-10-19 10:00:00,269.0,239.38794
2201-10-19 11:00:00,270.0,504.66785
2201-10-19 12:00:00,270.0,716.86975
2201-10-19 13:00:00,270.0,842.32275
2201-10-19 14:00:00,263.0,902.5637
2201-10-19 15:00:00,258.0,826.1122
2201-10-19 16:00:00,259.0,788.07227
2201-10-19 17:00:00,263.0,797.12854
2201-10-19 18:00:00,265.0,706.6655
2201-10-19 19:00:00,266.0,794.4214
2201-10-19 20:00:00,268.0,579.2339
2201-10-19 21:00:00,268.0,544.90295
2201-10-19 22:00:00,268.0,477.5702
2201-10-19 23:00:00,267.0,373.93262
2201-10-20 00:00:00,266.0,342.26538
2201-10-20 01:00:00,264.0,336.5857
2201-10-20 02:00:00,264.0,232.19873
2201-10-20 03:00:00,264.0,210.28687
2201-10-20 04:00:00,264.0,117.48901
2201-10-20 05:00:00,263.0,64.634766
2201-10-20 06:00:00,262.0,-31.490234
2201-10-20 07:00:00,262.0,189.30786
2201-10-20 08:00:00,262.0,409.80078
2201-10-20 09:00:00,262.0,510.9558
2201-10-20 10:00:00,262.0,703.6676
2201-10-20 11:00:00,262.0,1139.9535
2201-10-20 12:00:00,262.0,1317.3182
2201-10-20 13:00:00,262.0,1197.9927
2201-10-20 14:00:00,262.0,1265.0577
2201-10-20 15:00:00,260.0,1472.104
2201-10-20 16:00:00,260.0,1340.5774
2201-10-20 17:00:00,260.0,1342.8774
2201-10-20 18:00:00,257.0,1186.0222
2201-10-20 19:00:00,254.0,1453.3202
2201-10-20 20:00:00,254.0,1379.5514
2201-10-20 21:00:00,254.0,1170.0588
2201-10-20 22:00:00,256.0,1009.14307
2201-10-20 23:00:00,256.0,819.66064
2201-10-21 00:00:00,256.0,637.24646
2201-10-21 01:00:00,256.0,463.06433
2201-10-21 02:00:00,256.0,258.82642
2201-10-21 03:00:00,255.0,248.86841
2201-10-21 04:00:00,254.0,45.03076
2201-10-21 05:00:00,254.0,-116.06079
2201-10-21 06:00:00,254.0,-161.73413
2201-10-21 07:00:00,254.0,-239.14624
2201-10-21 08:00:00,254.0,45.21045
2201-10-21 09:00:00,254.0,368.06616
2201-10-21 10:00:00,254.0,554.9584
2201-10-21 11:00:00,254.0,897.1229
2201-10-21 12:00:00,259.0,1118.965
2201-10-21 13:00:00,271.0,1407.9194
2201-10-21 14:00:00,279.0,1568.3157
2201-10-21 15:00:00,281.0,1616.742
2201-10-21 16:00:00,276.0,1365.6688
2201-10-21 17:00:00,269.0,1392.9473
2201-10-21 18:00:00,264.0,1333.4244
2201-10-21 19:00:00,259.0,1452.6285
2201-10-21 20:00:00,256.0,1456.8839
2201-10-21 21:00:00,254.0,1432.4296
2201-10-21 22:00:00,251.0,1363.6013
2201-10-21 23:00:00,250.0,1286.9557
2201-10-22 00:00:00,250.0,1298.2069
2201-10-22 01:00:00,248.0,1237.7401
2201-10-22 02:00:00,248.0,1123.0131
2201-10-22 03:00:00,248.0,1053.8568
2201-10-22 04:00:00,248.0,960.60815
2201-10-22 05:00:00,248.0,814.5936
2201-10-22 06:00:00,246.0,674.0536
2201-10-22 07:00:00,246.0,645.73096
2201-10-22 08:00:00,246.0,617.7571
2201-10-22 09:00:00,246.0,864.69995
2201-10-22 10:00:00,246.0,971.57214
2201-10-22 11:00:00,246.0,1295.4363
2201-10-22 12:00:00,246.0,1437.7047
2201-10-22 13:00:00,246.0,1394.6836
2201-10-22 14:00:00,246.0,1345.4824
2201-10-22 15:00:00,246.0,1396.1525
2201-10-22 16:00:00,246.0,1229.419
2201-10-22 17:00:00,246.0,1262.7684
2201-10-22 18:00:00,246.0,1084.2498
2201-10-22 19:00:00,246.0,1176.1127
2201-10-22 20:00:00,246.0,1154.745
2201-10-22 21:00:00,246.0,1039.4673
2201-10-22 22:00:00,246.0,895.3345
2201-10-22 23:00:00,244.0,830.15137
2201-10-23 00:00:00,244.0,800.0602
2201-10-23 01:00:00,242.0,714.72534
2201-10-23 02:00:00,242.0,601.45825
2201-10-23 03:00:00,242.0,513.93286
2201-10-23 04:00:00,242.0,355.5437
2201-10-23 05:00:00,242.0,276.0642
2201-10-23 06:00:00,240.0,250.82129
2201-10-23 07:00:00,240.0,216.00513
2201-10-23 08:00:00,240.0,348.4751
2201-10-23 09:00:00,240.0,402.70776
2201-10-23 10:00:00,239.0,334.9673
2201-10-23 11:00:00,238.0,168.36572
2201-10-23 12:00:00,238.0,265.25
2201-10-23 13:00:00,238.0,347.50586
2201-10-23 14:00:00,238.0,444.5293
2201-10-23 15:00:00,238.0,514.6301
2201-10-23 16:00:00,238.0,491.35498
2201-10-23 17:00:00,238.0,673.47437
2201-10-23 18:00:00,238.0,861.87195
2201-10-23 19:00:00,238.0,748.66064
2201-10-23 20:00:00,238.0,842.99854
2201-10-23 21:00:00,238.0,732.26245
2201-10-23 22:00:00,238.0,479.91394
2201-10-23 23:00:00,238.0,473.8131
2201-10-24 00:00:00,236.0,503.463
2201-10-24 01:00:00,234.0,440.7356
2201-10-24 02:00:00,234.0,227.32593
2201-10-24 03:00:00,234.0,23.014893
2201-10-24 04:00:00,233.0,-99.44824
2201-10-24 05:00:00,231.0,-167.2539
2201-10-24 06:00:00,231.0,-180.11133
2201-10-24 07:00:00,231.0,-246.39062
2201-10-24 08:00:00,231.0,-163.92456
2201-10-24 09:00:00,231.0,-223.91211
2201-10-24 10:00:00,231.0,-185.81665
2201-10-24 11:00:00,230.0,-269.5901
2201-10-24 12:00:00,229.0,-72.05469
2201-10-24 13:00:00,228.0,-137.31567
2201-10-24 14:00:00,226.0,190.81763
2201-10-24 15:00:00,223.0,287.6018
2201-10-24 16:00:00,217.0,667.7892
2201-10-24 17:00:00,212.0,652.3705
2201-10-24 18:00:00,211.0,775.0475
2201-10-24 19:00:00,211.0,940.34216
2201-10-24 20:00:00,213.0,788.6704
2201-10-24 21:00:00,214.0,416.66162
2201-10-24 22:00:00,215.0,277.43604
2201-10-24 23:00:00,217.0,72.87158
2201-10-25 00:00:00,217.0,52.843506
2201-10-25 01:00:00,218.0,-41.20508
2201-10-25 02:00:00,219.0,-226.29492
2201-10-25 03:00:00,219.0,-247.2732
2201-10-25 04:00:00,219.0,-299.38745
2201-10-25 05:00:00,220.0,-352.55908
2201-10-25 06:00:00,221.0,-385.17017
2201-10-25 07:00:00,221.0,-345.44092
2201-10-25 08:00:00,221.0,-216.88574
2201-10-25 09:00:00,223.0,-216.35889
2201-10-25 10:00:00,223.0,-129.92114
2201-10-25 11:00:00,223.0,218.44165
2201-10-25 12:00:00,223.0,111.07422
2201-10-25 13:00:00,223.0,210.71558
2201-10-25 14:00:00,221.0,384.9519
2201-10-25 15:00:00,221.0,369.80835
2201-10-25 16:00:00,215.0,491.94873
2201-10-25 17:00:00,204.0,776.3418
2201-10-25 18:00:00,196.0,839.8729
2201-10-25 19:00:00,192.0,814.1605
2201-10-25 20:00:00,190.0,705.8369
2201-10-25 21:00:00,188.0,531.9431
2201-10-25 22:00:00,188.0,526.2744
2201-10-25 23:00:00,188.0,476.56506
2201-10-26 00:00:00,186.0,452.83276
2201-10-26 01:00:00,186.0,326.729
2201-10-26 02:00:00,184.0,232.1355
2201-10-26 03:00:00,184.0,127.00464
2201-10-26 04:00:00,184.0,20.324951
2201-10-26 05:00:00,184.0,-34.488525
2201-10-26 06:00:00,184.0,-72.982666
2201-10-26 07:00:00,184.0,-87.17432
2201-10-26 08:00:00,184.0,-3.5683594
2201-10-26 09:00:00,184.0,187.78613
2201-10-26 10:00:00,186.0,431.65015
2201-10-26 11:00:00,186.0,634.6864
2201-10-26 12:00:00,187.0,486.02197
2201-10-26 13:00:00,188.0,475.10925
2201-10-26 14:00:00,188.0,495.5907
2201-10-26 15:00:00,188.0,721.1019
2201-10-26 16:00:00,188.0,728.5602
2201-10-26 17:00:00,188.0,588.46106
2201-10-26 18:00:00,188.0,740.7091
2201-10-26 19:00:00,188.0,986.9603
2201-10-26 20:00:00,188.0,878.23755
2201-10-26 21:00:00,188.0,903.9309
2201-10-26 22:00:00,186.0,938.2202
2201-10-26 23:00:00,186.0,934.16504
2201-10-27 00:00:00,184.0,978.01074
2201-10-27 01:00:00,184.0,884.04736
2201-10-27 02:00:00,184.0,731.2573
2201-10-27 03:00:00,183.0,603.5094
2201-10-27 04:00:00,182.0,390.7705
2201-10-27 05:00:00,182.0,278.86426
2201-10-27 06:00:00,182.0,89.136475
2201-10-27 07:00:00,182.0,181.88745
2201-10-27 08:00:00,182.0,360.4585
2201-10-27 09:00:00,182.0,647.63354
2201-10-27 10:00:00,182.0,1003.6156
2201-10-27 11:00:00,183.0,1389.8191
2201-10-27 12:00:00,184.0,1701.3672
2201-10-27 13:00:00,184.0,1701.9375
2201-10-27 14:00:00,190.0,1473.0286
2201-10-27 15:00:00,195.0,1383.7766
2201-10-27 16:00:00,198.0,1343.275
2201-10-27 17:00:00,198.0,1439.1288
2201-10-27 18:00:00,198.0,1369.6824
2201-10-27 19:00:00,196.0,1378.355
2201-10-27 20:00:00,196.0,1583.2733
2201-10-27 21:00:00,196.0,1632.522
2201-10-27 22:00:00,196.0,1592.5919
2201-10-27 23:00:00,196.0,1553.3511
2201-10-28 00:00:00,194.0,1489.3566
2201-10-28 01:00:00,194.0,1362.994
2201-10-28 02:00:00,193.0,1078.631
2201-10-28 03:00:00,192.0,1015.81006
2201-10-28 04:00:00,192.0,869.0154
2201-10-28 05:00:00,192.0,766.479
2201-10-28 06:00:00,192.0,677.8197
2201-10-28 07:00:00,192.0,720.5685
2201-10-28 08:00:00,192.0,860.19714
2201-10-28 09:00:00,192.0,1120.6454
2201-10-28 10:00:00,192.0,1577.0227
2201-10-28 11:00:00,192.0,2001.345
2201-10-28 12:00:00,192.0,2170.874
2201-10-28 13:00:00,192.0,2045.3605
2201-10-28 14:00:00,192.0,1855.8547
2201-10-28 15:00:00,194.0,1860.7957
2201-10-28 16:00:00,194.0,1579.7996
2201-10-28 17:00:00,196.0,1630.4204
2201-10-28 18:00:00,196.0,1404.7257
2201-10-28 19:00:00,197.0,1710.7809
2201-10-28 20:00:00,199.0,1828.9221
2201-10-28 21:00:00,200.0,1781.7394
2201-10-28 22:00:00,200.0,1780.1948
2201-10-28 23:00:00,200.0,1634.2278
2201-10-29 00:00:00,200.0,1547.3604
2201-10-29 01:00:00,198.0,1404.7986
2201-10-29 02:00:00,198.0,1237.1888
2201-10-29 03:00:00,198.0,1040.092
2201-10-29 04:00:00,198.0,895.45557
2201-10-29 05:00:00,198.0,763.5762
2201-10-29 06:00:00,198.0,547.1621
2201-10-29 07:00:00,198.0,433.2151
2201-10-29 08:00:00,198.0,839.4369
2201-10-29 09:00:00,198.0,1118.4497
2201-10-29 10:00:00,198.0,1338.6846
2201-10-29 11:00:00,198.0,1761.3805
2201-10-29 12:00:00,198.0,1922.4838
2201-10-29 13:00:00,196.0,2076.7087
2201-10-29 14:00:00,196.0,1887.4027
2201-10-29 15:00:00,196.0,1823.9838
2201-10-29 16:00:00,196.0,1621.8616
2201-10-29 17:00:00,197.0,1718.0132
2201-10-29 18:00:00,198.0,1477.5409
2201-10-29 19:00:00,198.0,1702.7988
2201-10-29 20:00:00,198.0,1916.7589
2201-10-29 21:00:00,198.0,1856.6431
2201-10-29 22:00:00,198.0,1872.0598
2201-10-29 23:00:00,197.0,1813.4604
2201-10-30 00:00:00,196.0,1743.0859
2201-10-30 01:00:00,196.0,1587.0625
2201-10-30 02:00:00,196.0,1381.6221
2201-10-30 03:00:00,196.0,1330.7113
2201-10-30 04:00:00,198.0,1059.2117
2201-10-30 05:00:00,199.0,938.28735
2201-10-30 06:00:00,200.0,850.2328
2201-10-30 07:00:00,201.0,759.80493
2201-10-30 08:00:00,203.0,1024.2418
2201-10-30 09:00:00,203.0,1358.1951
2201-10-30 10:00:00,203.0,1576.8318
2201-10-30 11:00:00,203.0,1865.089
2201-10-30 12:00:00,204.0,2073.27
2201-10-30 13:00:00,205.0,2045.3722
2201-10-30 14:00:00,206.0,1983.0149
2201-10-30 15:00:00,208.0,1982.067
2201-10-30 16:00:00,209.0,1754.312
2201-10-30 17:00:00,209.0,1844.6216
2201-10-30 18:00:00,209.0,1700.2283
2201-10-30 19:00:00,209.0,1840.3247
2201-10-30 20:00:00,209.0,2016.7532
2201-10-30 21:00:00,209.0,2007.868
2201-10-30 22:00:00,209.0,1996.0488
2201-10-30 23:00:00,207.0,1915.2646
2201-10-31 00:00:00,207.0,1810.0364
2201-10-31 01:00:00,206.0,1683.4294
2201-10-31 02:00:00,205.0,1650.7961
2201-10-31 03:00:00,205.0,1519.6732
2201-10-31 04:00:00,205.0,1328.8845
2201-10-31 05:00:00,203.0,1189.6776
2201-10-31 06:00:00,203.0,1063.4
2201-10-31 07:00:00,203.0,1214.5547
2201-10-31 08:00:00,203.0,1344.5428
2201-10-31 09:00:00,203.0,1361.6877
2201-10-31 10:00:00,203.0,1659.3292
2201-10-31 11:00:00,203.0,1973.1929
2201-10-31 12:00:00,202.0,2117.479
2201-10-31 13:00:00,201.0,2232.534
2201-10-31 14:00:00,201.0,2068.4597
2201-10-31 15:00:00,203.0,2096.476
2201-10-31 16:00:00,205.0,1763.9578
2201-10-31 17:00:00,206.0,1828.4587
2201-10-31 18:00:00,209.0,1685.5934
2201-10-31 19:00:00,211.0,1887.1572
2201-10-31 20:00:00,211.0,1892.5972
2201-10-31 21:00:00,211.0,1718.5537
2201-10-31 22:00:00,211.0,1669.4226
2201-10-31 23:00:00,211.0,1619.0254
2201-11-01 00:00:00,211.0,1484.8188
2201-11-01 01:00:00,211.0,1430.9153
2201-11-01 02:00:00,211.0,1483.8557
2201-11-01 03:00:00,211.0,1412.561
2201-11-01 04:00:00,211.0,1386.429
2201-11-01 05:00:00,211.0,1244.9249
2201-11-01 06:00:00,211.0,1121.0472
2201-11-01 07:00:00,213.0,990.36206
2201-11-01 08:00:00,213.0,1056.9565
2201-11-01 09:00:00,213.0,1218.417
2201-11-01 10:00:00,213.0,1270.1155
2201-11-01 11:00:00,213.0,1561.9137
2201-11-01 12:00:00,213.0,1534.6157
2201-11-01 13:00:00,213.0,1595.9658
2201-11-01 14:00:00,213.0,1617.2686
2201-11-01 15:00:00,213.0,1565.7776
2201-11-01 16:00:00,218.0,1543.9813
2201-11-01 17:00:00,232.0,1371.9529
2201-11-01 18:00:00,239.0,1413.6194
2201-11-01 19:00:00,237.0,1664.0459
2201-11-01 20:00:00,231.0,1791.0911
2201-11-01 21:00:00,225.0,1714.4216
2201-11-01 22:00:00,220.0,1544.0693
2201-11-01 23:00:00,217.0,1565.7649
2201-11-02 00:00:00,214.0,1521.7922
2201-11-02 01:00:00,212.0,1441.8906
2201-11-02 02:00:00,211.0,1380.9005
2201-11-02 03:00:00,209.0,1402.3677
2201-11-02 04:00:00,209.0,1282.83
2201-11-02 05:00:00,208.0,1221.513
2201-11-02 06:00:00,207.0,1117.6198
2201-11-02 07:00:00,207.0,1140.5762
2201-11-02 08:00:00,207.0,1144.0931
2201-11-02 09:00:00,207.0,1193.0226
2201-11-02 10:00:00,206.0,1354.4563
2201-11-02 11:00:00,205.0,1604.0781
2201-11-02 12:00:00,205.0,1654.0579
2201-11-02 13:00:00,205.0,1454.1544
2201-11-02 14:00:00,205.0,966.2335
2201-11-02 15:00:00,205.0,1122.0458
2201-11-02 16:00:00,203.0,985.7047
2201-11-02 17:00:00,203.0,1141.8267
2201-11-02 18:00:00,205.0,1347.7108
2201-11-02 19:00:00,205.0,1445.5352
2201-11-02 20:00:00,205.0,1532.769
2201-11-02 21:00:00,206.0,1488.6836
2201-11-02 22:00:00,207.0,1462.5148
2201-11-02 23:00:00,208.0,1461.8887
2201-11-03 00:00:00,209.0,1391.7007
2201-11-03 01:00:00,210.0,1366.8334
2201-11-03 02:00:00,211.0,1228.7617
2201-11-03 03:00:00,211.0,1250.3485
2201-11-03 04:00:00,211.0,1131.6815
2201-11-03 05:00:00,213.0,1014.3275
2201-11-03 06:00:00,213.0,938.8364
2201-11-03 07:00:00,213.0,913.06055
2201-11-03 08:00:00,210.0,925.6317
2201-11-03 09:00:00,198.0,1124.2341
2201-11-03 10:00:00,198.0,1144.2223
2201-11-03 11:00:00,198.0,1343.397
2201-11-03 12:00:00,198.0,1542.1426
2201-11-03 13:00:00,198.0,1518.5574
2201-11-03 14:00:00,201.0,1320.6135
2201-11-03 15:00:00,205.0,1393.469
2201-11-03 16:00:00,205.0,1303.8055
2201-11-03 17:00:00,207.0,1391.9917
2201-11-03 18:00:00,207.0,1463.1377
2201-11-03 19:00:00,207.0,1832.105
2201-11-03 20:00:00,207.0,1736.7158
2201-11-03 21:00:00,207.0,1565.7384
2201-11-03 22:00:00,207.0,1532.0659
2201-11-03 23:00:00,206.0,1436.6489
2201-11-04 00:00:00,205.0,1371.2949
2201-11-04 01:00:00,203.0,1418.1022
2201-11-04 02:00:00,203.0,1382.325
2201-11-04 03:00:00,203.0,1318.5336
2201-11-04 04:00:00,203.0,1272.22
2201-11-04 05:00:00,203.0,1295.09
2201-11-04 06:00:00,203.0,1359.2594
2201-11-04 07:00:00,201.0,1214.7333
2201-11-04 08:00:00,201.0,1283.4672
2201-11-04 09:00:00,201.0,1377.5934
2201-11-04 10:00:00,201.0,1439.1262
2201-11-04 11:00:00,201.0,1506.2994
2201-11-04 12:00:00,200.0,1750.4688
2201-11-04 13:00:00,200.0,1475.78
2201-11-04 14:00:00,200.0,1343.8783
2201-11-04 15:00:00,198.0,1404.7358
2201-11-04 16:00:00,198.0,1286.2332
2201-11-04 17:00:00,198.0,1519.8386
2201-11-04 18:00:00,198.0,1288.0919
2201-11-04 19:00:00,198.0,1482.8214
2201-11-04 20:00:00,198.0,1604.7146
2201-11-04 21:00:00,197.0,1578.853
2201-11-04 22:00:00,196.0,1570.5537
2201-11-04 23:00:00,195.0,1486.4385
2201-11-05 00:00:00,194.0,1518.3114
2201-11-05 01:00:00,192.0,1507.8706
2201-11-05 02:00:00,191.0,1418.9393
2201-11-05 03:00:00,190.0,1414.4247
2201-11-05 04:00:00,190.0,1348.5723
2201-11-05 05:00:00,189.0,1311.4362
2201-11-05 06:00:00,188.0,1307.0468
2201-11-05 07:00:00,188.0,1246.0125
2201-11-05 08:00:00,188.0,1308.4231
2201-11-05 09:00:00,188.0,1421.3646
2201-11-05 10:00:00,188.0,1531.625
2201-11-05 11:00:00,188.0,1472.1667
2201-11-05 12:00:00,187.0,1492.8346
2201-11-05 13:00:00,186.0,1332.3014
2201-11-05 14:00:00,186.0,1261.043
2201-11-05 15:00:00,186.0,1117.4946
2201-11-05 16:00:00,185.0,1022.0963
2201-11-05 17:00:00,184.0,887.1979
2201-11-05 18:00:00,184.0,1227.048
2201-11-05 19:00:00,184.0,1647.1516
2201-11-05 20:00:00,184.0,1527.9054
2201-11-05 21:00:00,184.0,1498.8872
2201-11-05 22:00:00,184.0,1492.488
2201-11-05 23:00:00,183.0,1458.9167
2201-11-06 00:00:00,182.0,1354.6245
2201-11-06 01:00:00,181.0,1317.7312
2201-11-06 02:00:00,180.0,1308.2765
2201-11-06 03:00:00,180.0,1309.6521
2201-11-06 04:00:00,179.0,1272.5493
2201-11-06 05:00:00,178.0,1256.6132
2201-11-06 06:00:00,178.0,1246.4923
2201-11-06 07:00:00,176.0,1295.1952
2201-11-06 08:00:00,176.0,1205.7421
2201-11-06 09:00:00,175.0,1206.8171
2201-11-06 10:00:00,174.0,1452.5532
2201-11-06 11:00:00,174.0,1566.8616
2201-11-06 12:00:00,173.0,1527.8374
2201-11-06 13:00:00,171.0,1421.8806
2201-11-06 14:00:00,170.0,1276.0428
2201-11-06 15:00:00,171.0,1062.8309
2201-11-06 16:00:00,170.0,996.97595
2201-11-06 17:00:00,170.0,1088.2742
2201-11-06 18:00:00,171.0,1250.5886
2201-11-06 19:00:00,171.0,1550.7129
2201-11-06 20:00:00,172.0,1512.8542
2201-11-06 21:00:00,172.0,1435.0428
2201-11-06 22:00:00,172.0,1410.684
2201-11-06 23:00:00,172.0,1129.8441
2201-11-07 00:00:00,172.0,1226.9729
2201-11-07 01:00:00,171.0,1246.3173
2201-11-07 02:00:00,171.0,1202.5151
2201-11-07 03:00:00,171.0,1103.8213
2201-11-07 04:00:00,171.0,1101.9712
2201-11-07 05:00:00,171.0,1086.3176
2201-11-07 06:00:00,171.0,1084.716
2201-11-07 07:00:00,171.0,1088.1471
2201-11-07 08:00:00,171.0,1078.4703
2201-11-07 09:00:00,172.0,1015.63293
2201-11-07 10:00:00,172.0,1245.3021
2201-11-07 11:00:00,172.0,1355.1625
2201-11-07 12:00:00,172.0,1249.7432
2201-11-07 13:00:00,172.0,1091.8866
2201-11-07 14:00:00,173.0,876.33704
2201-11-07 15:00:00,174.0,830.7289
2201-11-07 16:00:00,175.0,644.95215
2201-11-07 17:00:00,178.0,842.07776
2201-11-07 18:00:00,178.0,891.9923
2201-11-07 19:00:00,179.0,1179.8387
2201-11-07 20:00:00,180.0,1138.5875
2201-11-07 21:00:00,180.0,1292.3716
2201-11-07 22:00:00,180.0,1325.315
2201-11-07 23:00:00,180.0,1271.74
2201-11-08 00:00:00,180.0,1173.8862
2201-11-08 01:00:00,182.0,1068.5398
2201-11-08 02:00:00,182.0,1134.104
2201-11-08 03:00:00,182.0,1110.9546
2201-11-08 04:00:00,182.0,1083.1636
2201-11-08 05:00:00,182.0,971.3198
2201-11-08 06:00:00,183.0,1040.2656
2201-11-08 07:00:00,184.0,935.51404
2201-11-08 08:00:00,184.0,942.9193
2201-11-08 09:00:00,185.0,958.5637
2201-11-08 10:00:00,186.0,1282.0858
2201-11-08 11:00:00,186.0,1270.7128
2201-11-08 12:00:00,186.0,1303.4716
2201-11-08 13:00:00,186.0,1357.012
2201-11-08 14:00:00,186.0,1350.5042
2201-11-08 15:00:00,186.0,1299.3983
2201-11-08 16:00:00,187.0,1215.3912
2201-11-08 17:00:00,188.0,1233.4626
2201-11-08 18:00:00,188.0,1296.6974
2201-11-08 19:00:00,190.0,1518.5485
2201-11-08 20:00:00,191.0,1472.0475
2201-11-08 21:00:00,192.0,1479.8757
2201-11-08 22:00:00,192.0,1466.6755
2201-11-08 23:00:00,194.0,1354.6921
2201-11-09 00:00:00,194.0,1376.1238
2201-11-09 01:00:00,194.0,1270.448
2201-11-09 02:00:00,194.0,1197.202
2201-11-09 03:00:00,194.0,1208.1204
2201-11-09 04:00:00,195.0,1043.731
2201-11-09 05:00:00,197.0,974.3933
2201-11-09 06:00:00,198.0,1020.4032
2201-11-09 07:00:00,198.0,875.00745
2201-11-09 08:00:00,198.0,895.1605
2201-11-09 09:00:00,200.0,1031.1061
2201-11-09 10:00:00,200.0,1172.3207
2201-11-09 11:00:00,200.0,1202.174
2201-11-09 12:00:00,200.0,1278.087
2201-11-09 13:00:00,200.0,796.13293
2201-11-09 14:00:00,200.0,810.8633
2201-11-09 15:00:00,200.0,726.5757
2201-11-09 16:00:00,201.0,793.36707
2201-11-09 17:00:00,201.0,666.14355
2201-11-09 18:00:00,201.0,643.69885
2201-11-09 19:00:00,201.0,972.15906
2201-11-09 20:00:00,201.0,1000.0996
2201-11-09 21:00:00,201.0,916.8269
2201-11-09 22:00:00,201.0,727.4286
2201-11-09 23:00:00,201.0,692.7361
2201-11-10 00:00:00,201.0,553.4336
2201-11-10 01:00:00,201.0,412.0769
2201-11-10 02:00:00,201.0,364.71997
2201-11-10 03:00:00,201.0,363.7627
2201-11-10 04:00:00,201.0,326.85107
2201-11-10 05:00:00,201.0,481.28308
2201-11-10 06:00:00,201.0,376.59668
2201-11-10 07:00:00,200.0,398.6548
2201-11-10 08:00:00,200.0,233.09204
2201-11-10 09:00:00,198.0,411.885
2201-11-10 10:00:00,198.0,621.4314
2201-11-10 11:00:00,198.0,591.35803
2201-11-10 12:00:00,198.0,564.6764
2201-11-10 13:00:00,198.0,669.8998
2201-11-10 14:00:00,198.0,763.8165
2201-11-10 15:00:00,200.0,642.60034
2201-11-10 16:00:00,200.0,558.10156
2201-11-10 17:00:00,200.0,825.0161
2201-11-10 18:00:00,202.0,783.9575
2201-11-10 19:00:00,203.0,919.6892
2201-11-10 20:00:00,205.0,886.1461
2201-11-10 21:00:00,205.0,828.7086
2201-11-10 22:00:00,205.0,846.4053
2201-11-10 23:00:00,205.0,727.38135
2201-11-11 00:00:00,204.0,732.7616
2201-11-11 01:00:00,203.0,660.4094
2201-11-11 02:00:00,202.0,746.10596
2201-11-11 03:00:00,201.0,616.875
2201-11-11 04:00:00,201.0,630.07117
2201-11-11 05:00:00,201.0,741.1472
2201-11-11 06:00:00,201.0,767.2036
2201-11-11 07:00:00,201.0,782.90674
2201-11-11 08:00:00,201.0,817.81836
2201-11-11 09:00:00,201.0,974.2938
2201-11-11 10:00:00,200.0,1023.9226
2201-11-11 11:00:00,200.0,953.11926
2201-11-11 12:00:00,200.0,999.12646
2201-11-11 13:00:00,198.0,1063.477
2201-11-11 14:00:00,198.0,922.60925
2201-11-11 15:00:00,198.0,903.60706
2201-11-11 16:00:00,196.0,847.64905
2201-11-11 17:00:00,196.0,997.4032
2201-11-11 18:00:00,196.0,1344.3282
2201-11-11 19:00:00,196.0,1424.5763
2201-11-11 20:00:00,196.0,1334.9194
2201-11-11 21:00:00,196.0,1393.1853
2201-11-11 22:00:00,196.0,1330.6311
2201-11-11 23:00:00,195.0,1355.1018
2201-11-12 00:00:00,194.0,1287.8074
2201-11-12 01:00:00,192.0,1211.2556
2201-11-12 02:00:00,192.0,1163.1404
2201-11-12 03:00:00,190.0,1140.9404
2201-11-12 04:00:00,189.0,1030.4017
2201-11-12 05:00:00,188.0,1020.8147
2201-11-12 06:00:00,188.0,1011.0426
2201-11-12 07:00:00,188.0,1054.51
2201-11-12 08:00:00,186.0,1004.2329
2201-11-12 09:00:00,186.0,1070.7205
2201-11-12 10:00:00,186.0,1113.9686
2201-11-12 11:00:00,185.0,1193.8629
2201-11-12 12:00:00,184.0,1300.5167
2201-11-12 13:00:00,183.0,1205.8818
2201-11-12 14:00:00,182.0,1100.2053
2201-11-12 15:00:00,182.0,965.4938
2201-11-12 16:00:00,180.0,1055.6727
2201-11-12 17:00:00,180.0,1375.4828
2201-11-12 18:00:00,180.0,1299.3799
2201-11-12 19:00:00,180.0,1501.1853
2201-11-12 20:00:00,180.0,1559.4968
2201-11-12 21:00:00,180.0,1624.9565
2201-11-12 22:00:00,180.0,1677.4552
2201-11-12 23:00:00,180.0,1605.6821
2201-11-13 00:00:00,180.0,1424.1935
2201-11-13 01:00:00,180.0,1372.8849
2201-11-13 02:00:00,180.0,1227.6387
2201-11-13 03:00:00,180.0,1246.6383
2201-11-13 04:00:00,180.0,1123.185
2201-11-13 05:00:00,180.0,1110.4011
2201-11-13 06:00:00,180.0,1197.5427
2201-11-13 07:00:00,180.0,1223.9824
2201-11-13 08:00:00,180.0,1221.4006
2201-11-13 09:00:00,179.0,1203.031
2201-11-13 10:00:00,178.0,1044.1576
2201-11-13 11:00:00,178.0,1037.7172
2201-11-13 12:00:00,178.0,906.5056
2201-11-13 13:00:00,178.0,988.40454
2201-11-13 14:00:00,178.0,1028.578
2201-11-13 15:00:00,178.0,1133.2493
2201-11-13 16:00:00,178.0,1309.677
2201-11-13 17:00:00,180.0,1376.9811
2201-11-13 18:00:00,180.0,1638.5056
2201-11-13 19:00:00,180.0,1528.2161
2201-11-13 20:00:00,180.0,1290.7334
2201-11-13 21:00:00,180.0,1096.3462
2201-11-13 22:00:00,181.0,972.136
2201-11-13 23:00:00,182.0,721.83716
2201-11-14 00:00:00,182.0,846.73975
2201-11-14 01:00:00,181.0,754.0862
2201-11-14 02:00:00,180.0,702.5775
2201-11-14 03:00:00,180.0,637.0554
2201-11-14 04:00:00,178.0,774.19495
2201-11-14 05:00:00,178.0,833.3517
2201-11-14 06:00:00,178.0,746.7312
2201-11-14 07:00:00,178.0,792.1852
2201-11-14 08:00:00,178.0,817.0725
2201-11-14 09:00:00,178.0,1016.6904
2201-11-14 10:00:00,178.0,913.75635
2201-11-14 11:00:00,178.0,837.92114
2201-11-14 12:00:00,178.0,735.41003
2201-11-14 13:00:00,178.0,712.4508
2201-11-14 14:00:00,178.0,866.90515
2201-11-14 15:00:00,178.0,861.9584
2201-11-14 16:00:00,180.0,806.8895
2201-11-14 17:00:00,180.0,1109.8234
2201-11-14 18:00:00,181.0,1255.1553
2201-11-14 19:00:00,183.0,1364.598
2201-11-14 20:00:00,185.0,1075.6912
2201-11-14 21:00:00,187.0,934.6255
2201-11-14 22:00:00,188.0,808.27673
2201-11-14 23:00:00,188.0,770.84045
2201-11-15 00:00:00,190.0,776.3855
2201-11-15 01:00:00,190.0,767.594
2201-11-15 02:00:00,190.0,765.6001
2201-11-15 03:00:00,191.0,694.4369
2201-11-15 04:00:00,192.0,726.07996
2201-11-15 05:00:00,192.0,816.3208
2201-11-15 06:00:00,192.0,825.41516
2201-11-15 07:00:00,192.0,671.49146
2201-11-15 08:00:00,192.0,735.15
2201-11-15 09:00:00,192.0,794.8855
2201-11-15 10:00:00,192.0,734.9896
2201-11-15 11:00:00,192.0,754.1323
2201-11-15 12:00:00,192.0,766.3014
2201-11-15 13:00:00,193.0,740.4999
2201-11-15 14:00:00,194.0,674.02954
2201-11-15 15:00:00,194.0,558.548
2201-11-15 16:00:00,196.0,552.3273
2201-11-15 17:00:00,196.0,606.2318
2201-11-15 18:00:00,196.0,738.01624
2201-11-15 19:00:00,196.0,726.7163
2201-11-15 20:00:00,196.0,643.9258
2201-11-15 21:00:00,196.0,612.2125
2201-11-15 22:00:00,197.0,608.9988
2201-11-15 23:00:00,198.0,722.0779
2201-11-16 00:00:00,198.0,817.24475
2201-11-16 01:00:00,197.0,746.92786
2201-11-16 02:00:00,196.0,893.8755
2201-11-16 03:00:00,196.0,859.14343
2201-11-16 04:00:00,196.0,907.484
2201-11-16 05:00:00,196.0,889.9772
2201-11-16 06:00:00,196.0,884.2688
2201-11-16 07:00:00,196.0,895.3755
2201-11-16 08:00:00,196.0,931.58606
2201-11-16 09:00:00,198.0,1123.5883
2201-11-16 10:00:00,198.0,1173.2401
2201-11-16 11:00:00,198.0,990.626
2201-11-16 12:00:00,200.0,941.4856
2201-11-16 13:00:00,200.0,855.563
2201-11-16 14:00:00,200.0,916.02686
2201-11-16 15:00:00,201.0,907.28723
2201-11-16 16:00:00,201.0,815.18335
2201-11-16 17:00:00,201.0,1064.2849
2201-11-16 18:00:00,202.0,1136.9438
2201-11-16 19:00:00,203.0,1467.0087
2201-11-16 20:00:00,204.0,1388.1678
2201-11-16 21:00:00,205.0,1336.5901
2201-11-16 22:00:00,204.0,1268.1879
2201-11-16 23:00:00,203.0,1232.2446
2201-11-17 00:00:00,202.0,1221.7311
2201-11-17 01:00:00,200.0,1235.939
2201-11-17 02:00:00,200.0,1232.3313
2201-11-17 03:00:00,199.0,1212.2632
2201-11-17 04:00:00,198.0,1250.2188
2201-11-17 05:00:00,198.0,1271.1465
2201-11-17 06:00:00,198.0,1323.6969
2201-11-17 07:00:00,198.0,1415.0337
2201-11-17 08:00:00,198.0,1417.3488
2201-11-17 09:00:00,200.0,1430.0016
2201-11-17 10:00:00,201.0,1501.6699
2201-11-17 11:00:00,202.0,1444.1782
2201-11-17 12:00:00,203.0,1338.6504
2201-11-17 13:00:00,203.0,1278.7762
2201-11-17 14:00:00,203.0,1168.3456
2201-11-17 15:00:00,203.0,1133.7941
2201-11-17 16:00:00,203.0,1298.2426
2201-11-17 17:00:00,203.0,1192.4594
2201-11-17 18:00:00,203.0,1457.3116
2201-11-17 19:00:00,202.0,1344.4335
2201-11-17 20:00:00,201.0,1141.8464
2201-11-17 21:00:00,201.0,1030.9008
2201-11-17 22:00:00,201.0,961.6179
2201-11-17 23:00:00,200.0,866.24304
2201-11-18 00:00:00,198.0,809.1881
2201-11-18 01:00:00,197.0,755.3147
2201-11-18 02:00:00,196.0,746.849
2201-11-18 03:00:00,196.0,821.4308
2201-11-18 04:00:00,195.0,932.0675
2201-11-18 05:00:00,194.0,933.1293
2201-11-18 06:00:00,194.0,985.4546
2201-11-18 07:00:00,194.0,1044.4498
2201-11-18 08:00:00,194.0,1010.83435
2201-11-18 09:00:00,194.0,1041.1342
2201-11-18 10:00:00,194.0,980.44946
2201-11-18 11:00:00,194.0,1002.4547
2201-11-18 12:00:00,194.0,931.24646
2201-11-18 13:00:00,194.0,799.178
2201-11-18 14:00:00,194.0,731.8578
2201-11-18 15:00:00,194.0,562.6848
2201-11-18 16:00:00,194.0,685.22546
2201-11-18 17:00:00,194.0,857.6886
2201-11-18 18:00:00,194.0,910.20044
2201-11-18 19:00:00,194.0,721.55066
2201-11-18 20:00:00,194.0,648.7899
2201-11-18 21:00:00,195.0,702.802
2201-11-18 22:00:00,196.0,728.7118
2201-11-18 23:00:00,196.0,735.08374
2201-11-19 00:00:00,196.0,883.0864
2201-11-19 01:00:00,196.0,958.6587
2201-11-19 02:00:00,196.0,986.74365
2201-11-19 03:00:00,196.0,1030.9653
2201-11-19 04:00:00,196.0,1072.6609
2201-11-19 05:00:00,196.0,986.25964
2201-11-19 06:00:00,196.0,954.9396
2201-11-19 07:00:00,196.0,1011.8773
2201-11-19 08:00:00,196.0,959.9907
2201-11-19 09:00:00,196.0,1248.246
2201-11-19 10:00:00,196.0,1244.3707
2201-11-19 11:00:00,196.0,1235.9049
2201-11-19 12:00:00,198.0,1103.3097
2201-11-19 13:00:00,199.0,975.4592
2201-11-19 14:00:00,200.0,845.6831
2201-11-19 15:00:00,201.0,766.31165
2201-11-19 16:00:00,203.0,730.2235
2201-11-19 17:00:00,203.0,865.89343
2201-11-19 18:00:00,203.0,882.85535
2201-11-19 19:00:00,203.0,890.41455
2201-11-19 20:00:00,203.0,862.3784
2201-11-19 21:00:00,203.0,789.9304
2201-11-19 22:00:00,203.0,881.9304
2201-11-19 23:00:00,203.0,903.06604
2201-11-20 00:00:00,202.0,959.5575
2201-11-20 01:00:00,201.0,927.4011
2201-11-20 02:00:00,200.0,984.4707
2201-11-20 03:00:00,200.0,993.546
2201-11-20 04:00:00,198.0,1061.1614
2201-11-20 05:00:00,198.0,998.48193
2201-11-20 06:00:00,196.0,978.9512
2201-11-20 07:00:00,196.0,1016.9707
2201-11-20 08:00:00,196.0,948.23
2201-11-20 09:00:00,196.0,1156.9703
2201-11-20 10:00:00,196.0,1148.36
2201-11-20 11:00:00,196.0,1171.094
2201-11-20 12:00:00,196.0,995.92395
2201-11-20 13:00:00,196.0,1014.5808
2201-11-20 14:00:00,197.0,945.43726
2201-11-20 15:00:00,198.0,867.86487
2201-11-20 16:00:00,198.0,928.2716
2201-11-20 17:00:00,198.0,1195.2982
2201-11-20 18:00:00,199.0,1127.859
2201-11-20 19:00:00,200.0,1222.9987
2201-11-20 20:00:00,200.0,1052.1832
2201-11-20 21:00:00,200.0,963.13806
2201-11-20 22:00:00,200.0,878.417
2201-11-20 23:00:00,198.0,915.90967
2201-11-21 00:00:00,198.0,898.9812
2201-11-21 01:00:00,198.0,981.5785
2201-11-21 02:00:00,196.0,999.06555
2201-11-21 03:00:00,196.0,1061.5778
2201-11-21 04:00:00,196.0,1110.3903
2201-11-21 05:00:00,196.0,1142.1472
2201-11-21 06:00:00,196.0,1143.0109
2201-11-21 07:00:00,197.0,1186.9508
2201-11-21 08:00:00,198.0,1271.0808
2201-11-21 09:00:00,199.0,1253.4567
2201-11-21 10:00:00,200.0,1346.7902
2201-11-21 11:00:00,201.0,1411.6528
2201-11-21 12:00:00,201.0,1128.7483
2201-11-21 13:00:00,201.0,1106.594
2201-11-21 14:00:00,201.0,1117.6082
2201-11-21 15:00:00,202.0,1056.217
2201-11-21 16:00:00,203.0,1089.3381
2201-11-21 17:00:00,203.0,1173.6932
2201-11-21 18:00:00,201.0,1066.4073
2201-11-21 19:00:00,203.0,1157.4004
2201-11-21 20:00:00,203.0,1008.15
2201-11-21 21:00:00,203.0,935.41003
2201-11-21 22:00:00,203.0,806.8541
2201-11-21 23:00:00,203.0,802.2523
2201-11-22 00:00:00,201.0,785.4098
2201-11-22 01:00:00,200.0,854.4668
2201-11-22 02:00:00,200.0,930.43384
2201-11-22 03:00:00,198.0,980.6067
2201-11-22 04:00:00,198.0,1072.8246
2201-11-22 05:00:00,198.0,1125.619
2201-11-22 06:00:00,198.0,1157.3457
2201-11-22 07:00:00,198.0,1249.9677
2201-11-22 08:00:00,198.0,1267.6157
2201-11-22 09:00:00,198.0,1255.8151
2201-11-22 10:00:00,198.0,1272.4562
2201-11-22 11:00:00,198.0,1167.4459
2201-11-22 12:00:00,198.0,1204.6382
2201-11-22 13:00:00,198.0,1115.5375
2201-11-22 14:00:00,198.0,1089.2666
2201-11-22 15:00:00,197.0,1092.3201
2201-11-22 16:00:00,196.0,1069.9236
2201-11-22 17:00:00,196.0,1137.2144
2201-11-22 18:00:00,196.0,1258.6426
2201-11-22 19:00:00,196.0,1407.3625
2201-11-22 20:00:00,196.0,1305.3291
2201-11-22 21:00:00,196.0,1175.7308
2201-11-22 22:00:00,195.0,1144.0624
2201-11-22 23:00:00,194.0,1106.0063
2201-11-23 00:00:00,194.0,995.58057
2201-11-23 01:00:00,192.0,922.772
2201-11-23 02:00:00,192.0,1012.87146
2201-11-23 03:00:00,192.0,1027.3326
2201-11-23 04:00:00,190.0,1020.8562
2201-11-23 05:00:00,190.0,1110.7921
2201-11-23 06:00:00,190.0,1204.8989
2201-11-23 07:00:00,190.0,1217.1241
2201-11-23 08:00:00,190.0,1239.2101
2201-11-23 09:00:00,190.0,1090.699
2201-11-23 10:00:00,190.0,1210.6093
2201-11-23 11:00:00,190.0,1124.2336
2201-11-23 12:00:00,190.0,1165.6758
2201-11-23 13:00:00,190.0,1015.6328
2201-11-23 14:00:00,190.0,932.599
2201-11-23 15:00:00,190.0,997.7588
2201-11-23 16:00:00,190.0,1082.7935
2201-11-23 17:00:00,190.0,1343.9916
2201-11-23 18:00:00,190.0,1320.6478
2201-11-23 19:00:00,190.0,1576.0339
2201-11-23 20:00:00,190.0,1560.715
2201-11-23 21:00:00,190.0,1411.8333
2201-11-23 22:00:00,190.0,1225.0057
2201-11-23 23:00:00,189.0,1131.2412
2201-11-24 00:00:00,188.0,984.427
2201-11-24 01:00:00,187.0,904.45605
2201-11-24 02:00:00,186.0,862.91064
2201-11-24 03:00:00,186.0,733.07056
2201-11-24 04:00:00,185.0,867.2018
2201-11-24 05:00:00,184.0,859.54663
2201-11-24 06:00:00,185.0,894.4066
2201-11-24 07:00:00,196.0,993.02
2201-11-24 08:00:00,196.0,940.68896
2201-11-24 09:00:00,196.0,1105.2239
2201-11-24 10:00:00,196.0,899.1151
2201-11-24 11:00:00,198.0,911.7754
2201-11-24 12:00:00,198.0,816.35474
2201-11-24 13:00:00,196.0,896.8955
2201-11-24 14:00:00,196.0,834.9186
2201-11-24 15:00:00,196.0,732.4697
2201-11-24 16:00:00,196.0,950.96216
2201-11-24 17:00:00,196.0,1057.4785
2201-11-24 18:00:00,196.0,1217.2521
2201-11-24 19:00:00,196.0,1156.6919
2201-11-24 20:00:00,196.0,964.7804
2201-11-24 21:00:00,195.0,913.0491
2201-11-24 22:00:00,194.0,770.65173
2201-11-24 23:00:00,194.0,680.7766
2201-11-25 00:00:00,193.0,723.38745
2201-11-25 01:00:00,192.0,672.78735
2201-11-25 02:00:00,192.0,626.48035
2201-11-25 03:00:00,190.0,642.5448
2201-11-25 04:00:00,190.0,637.6244
2201-11-25 05:00:00,190.0,641.6454
2201-11-25 06:00:00,190.0,726.9188
2201-11-25 07:00:00,190.0,698.12305
2201-11-25 08:00:00,190.0,714.2501
2201-11-25 09:00:00,190.0,749.54395
2201-11-25 10:00:00,190.0,584.86
2201-11-25 11:00:00,190.0,575.7699
2201-11-25 12:00:00,190.0,417.42407
2201-11-25 13:00:00,192.0,470.08362
2201-11-25 14:00:00,192.0,545.5913
2201-11-25 15:00:00,194.0,540.0309
2201-11-25 16:00:00,194.0,516.51855
2201-11-25 17:00:00,194.0,696.6653
2201-11-25 18:00:00,194.0,809.40125
2201-11-25 19:00:00,194.0,917.6094
2201-11-25 20:00:00,195.0,1124.7135
2201-11-25 21:00:00,196.0,996.18555
2201-11-25 22:00:00,196.0,931.6266
2201-11-25 23:00:00,196.0,909.8628
2201-11-26 00:00:00,196.0,1002.4426
2201-11-26 01:00:00,195.0,972.59424
2201-11-26 02:00:00,194.0,967.43005
2201-11-26 03:00:00,194.0,1019.823
2201-11-26 04:00:00,194.0,1016.3679
2201-11-26 05:00:00,192.0,1011.55554
2201-11-26 06:00:00,192.0,1053.9872
2201-11-26 07:00:00,192.0,1101.2607
2201-11-26 08:00:00,192.0,1117.6191
2201-11-26 09:00:00,192.0,1287.4304
2201-11-26 10:00:00,192.0,1236.9191
2201-11-26 11:00:00,192.0,1322.7406
2201-11-26 12:00:00,192.0,1195.3828
2201-11-26 13:00:00,192.0,999.17334
2201-11-26 14:00:00,192.0,1122.4366
2201-11-26 15:00:00,190.0,1091.7094
2201-11-26 16:00:00,190.0,1021.59717
2201-11-26 17:00:00,190.0,1241.1172
2201-11-26 18:00:00,188.0,1214.4307
2201-11-26 19:00:00,188.0,1422.303
2201-11-26 20:00:00,188.0,1283.2927
2201-11-26 21:00:00,188.0,1269.4017
2201-11-26 22:00:00,188.0,1207.4501
2201-11-26 23:00:00,188.0,1148.6385
2201-11-27 00:00:00,186.0,1063.5621
2201-11-27 01:00:00,184.0,1085.6824
2201-11-27 02:00:00,184.0,963.8357
2201-11-27 03:00:00,184.0,950.81335
2201-11-27 04:00:00,183.0,961.87317
2201-11-27 05:00:00,182.0,1012.70166
2201-11-27 06:00:00,182.0,1018.28015
2201-11-27 07:00:00,182.0,1030.9364
2201-11-27 08:00:00,182.0,1058.4438
2201-11-27 09:00:00,182.0,1100.7728
2201-11-27 10:00:00,183.0,1143.4414
2201-11-27 11:00:00,184.0,1082.2681
2201-11-27 12:00:00,184.0,1117.5077
2201-11-27 13:00:00,184.0,999.8806
2201-11-27 14:00:00,184.0,956.84717
2201-11-27 15:00:00,184.0,987.3833
2201-11-27 16:00:00,184.0,825.74146
2201-11-27 17:00:00,184.0,1129.2924
2201-11-27 18:00:00,184.0,1076.1573
2201-11-27 19:00:00,184.0,1574.7855
2201-11-27 20:00:00,184.0,1466.826
2201-11-27 21:00:00,184.0,1341.6261
2201-11-27 22:00:00,186.0,1256.7671
2201-11-27 23:00:00,186.0,1135.6882
2201-11-28 00:00:00,184.0,1066.6853
2201-11-28 01:00:00,184.0,919.0896
2201-11-28 02:00:00,183.0,847.4249
2201-11-28 03:00:00,182.0,820.20825
2201-11-28 04:00:00,182.0,781.8533
2201-11-28 05:00:00,182.0,837.9767
2201-11-28 06:00:00,182.0,841.42725
2201-11-28 07:00:00,182.0,834.85474
2201-11-28 08:00:00,184.0,752.32983
2201-11-28 09:00:00,184.0,892.4741
2201-11-28 10:00:00,184.0,737.09985
2201-11-28 11:00:00,186.0,841.7322
2201-11-28 12:00:00,186.0,790.37244
2201-11-28 13:00:00,186.0,813.6074
2201-11-28 14:00:00,186.0,781.02625
2201-11-28 15:00:00,186.0,870.7123
2201-11-28 16:00:00,187.0,490.6947
2201-11-28 17:00:00,188.0,1038.3113
2201-11-28 18:00:00,188.0,965.7423
2201-11-28 19:00:00,188.0,1093.8738
2201-11-28 20:00:00,188.0,1169.4438
2201-11-28 21:00:00,188.0,1059.8792
2201-11-28 22:00:00,188.0,991.4103
2201-11-28 23:00:00,187.0,796.09546
2201-11-29 00:00:00,186.0,736.07544
2201-11-29 01:00:00,186.0,745.86646
2201-11-29 02:00:00,185.0,723.36584
2201-11-29 03:00:00,184.0,564.16064
2201-11-29 04:00:00,184.0,583.3711
2201-11-29 05:00:00,184.0,550.29553
2201-11-29 06:00:00,184.0,576.3817
2201-11-29 07:00:00,184.0,629.31274
2201-11-29 08:00:00,184.0,446.21436
2201-11-29 09:00:00,184.0,278.4226
2201-11-29 10:00:00,186.0,180.06201
2201-11-29 11:00:00,186.0,264.4558
2201-11-29 12:00:00,186.0,163.4812
2201-11-29 13:00:00,186.0,382.45337
2201-11-29 14:00:00,186.0,361.2339
2201-11-29 15:00:00,186.0,422.41064
2201-11-29 16:00:00,186.0,527.339
2201-11-29 17:00:00,186.0,573.5143
2201-11-29 18:00:00,185.0,898.04395
2201-11-29 19:00:00,183.0,999.9332
2201-11-29 20:00:00,183.0,1238.1124
2201-11-29 21:00:00,184.0,1481.187
2201-11-29 22:00:00,183.0,1440.6688
2201-11-29 23:00:00,182.0,1558.2498
2201-11-30 00:00:00,182.0,1598.3159
2201-11-30 01:00:00,182.0,1585.1477
2201-11-30 02:00:00,180.0,1513.4207
2201-11-30 03:00:00,180.0,1472.1097
2201-11-30 04:00:00,180.0,1437.9188
2201-11-30 05:00:00,180.0,1286.5999
2201-11-30 06:00:00,180.0,1186.7158
2201-11-30 07:00:00,180.0,1178.3907
2201-11-30 08:00:00,180.0,1214.0587
2201-11-30 09:00:00,180.0,1183.944
2201-11-30 10:00:00,180.0,1188.2432
2201-11-30 11:00:00,180.0,1181.7865
2201-11-30 12:00:00,180.0,1086.2883
2201-11-30 13:00:00,182.0,943.3032
2201-11-30 14:00:00,182.0,901.6907
2201-11-30 15:00:00,182.0,653.92395
2201-11-30 16:00:00,182.0,636.96716
2201-11-30 17:00:00,180.0,985.7833
2201-11-30 18:00:00,180.0,1170.3707
2201-11-30 19:00:00,179.0,1305.4755
2201-11-30 20:00:00,178.0,1550.9761
2201-11-30 21:00:00,178.0,1562.6123
2201-11-30 22:00:00,178.0,1552.1412
2201-11-30 23:00:00,178.0,1509.3977
2201-12-01 00:00:00,178.0,1483.7317
2201-12-01 01:00:00,176.0,1406.1638
2201-12-01 02:00:00,176.0,1354.097
2201-12-01 03:00:00,176.0,1298.2476
2201-12-01 04:00:00,174.0,1280.6094
2201-12-01 05:00:00,174.0,1219.1335
2201-12-01 06:00:00,174.0,1241.0928
2201-12-01 07:00:00,174.0,1332.1986
2201-12-01 08:00:00,174.0,1289.328
2201-12-01 09:00:00,174.0,1420.9186
2201-12-01 10:00:00,176.0,1389.0096
2201-12-01 11:00:00,176.0,1430.7966
2201-12-01 12:00:00,176.0,1380.4484
2201-12-01 13:00:00,176.0,1304.0668
2201-12-01 14:00:00,176.0,942.18994
2201-12-01 15:00:00,176.0,710.5604
2201-12-01 16:00:00,176.0,849.67395
2201-12-01 17:00:00,177.0,1264.7163
2201-12-01 18:00:00,178.0,1311.8423
2201-12-01 19:00:00,178.0,1698.801
2201-12-01 20:00:00,178.0,1655.6599
2201-12-01 21:00:00,176.0,1638.2944
2201-12-01 22:00:00,175.0,1595.3185
2201-12-01 23:00:00,174.0,1449.3439
2201-12-02 00:00:00,172.0,1419.695
2201-12-02 01:00:00,172.0,1378.5593
2201-12-02 02:00:00,171.0,1438.7052
2201-12-02 03:00:00,171.0,1426.3792
2201-12-02 04:00:00,170.0,1398.5687
2201-12-02 05:00:00,169.0,1339.1824
2201-12-02 06:00:00,169.0,1337.4296
2201-12-02 07:00:00,169.0,1403.3503
2201-12-02 08:00:00,170.0,1336.0457
2201-12-02 09:00:00,171.0,1347.3135
2201-12-02 10:00:00,171.0,1388.4166
2201-12-02 11:00:00,171.0,1530.5138
2201-12-02 12:00:00,172.0,1556.3143
2201-12-02 13:00:00,172.0,1558.1902
2201-12-02 14:00:00,173.0,1528.7852
2201-12-02 15:00:00,175.0,1533.7883
2201-12-02 16:00:00,176.0,1359.3796
2201-12-02 17:00:00,176.0,1705.0449
2201-12-02 18:00:00,177.0,1932.5612
2201-12-02 19:00:00,178.0,1708.9731
2201-12-02 20:00:00,180.0,1619.0438
2201-12-02 21:00:00,181.0,1502.4873
2201-12-02 22:00:00,182.0,1415.5684
2201-12-02 23:00:00,182.0,1390.5466
2201-12-03 00:00:00,182.0,1293.6354
2201-12-03 01:00:00,180.0,1216.0114
2201-12-03 02:00:00,180.0,1157.0045
2201-12-03 03:00:00,178.0,1077.1746
2201-12-03 04:00:00,178.0,1088.3168
2201-12-03 05:00:00,178.0,1050.8436
2201-12-03 06:00:00,178.0,1024.5406
2201-12-03 07:00:00,178.0,1079.0474
2201-12-03 08:00:00,179.0,1051.9779
2201-12-03 09:00:00,180.0,1112.8536
2201-12-03 10:00:00,180.0,1005.94543
2201-12-03 11:00:00,180.0,1003.7511
2201-12-03 12:00:00,180.0,939.6819
2201-12-03 13:00:00,180.0,1174.1289
2201-12-03 14:00:00,180.0,1259.1002
2201-12-03 15:00:00,180.0,1297.0231
2201-12-03 16:00:00,180.0,1431.1552
2201-12-03 17:00:00,180.0,1455.9601
2201-12-03 18:00:00,180.0,1485.7595
2201-12-03 19:00:00,180.0,1249.902
2201-12-03 20:00:00,180.0,1254.785
2201-12-03 21:00:00,180.0,1056.5624
2201-12-03 22:00:00,181.0,941.5575
2201-12-03 23:00:00,182.0,898.3552
2201-12-04 00:00:00,182.0,843.84204
2201-12-04 01:00:00,182.0,818.7245
2201-12-04 02:00:00,182.0,772.7959
2201-12-04 03:00:00,182.0,760.52905
2201-12-04 04:00:00,182.0,704.0786
2201-12-04 05:00:00,182.0,674.5945
2201-12-04 06:00:00,182.0,711.7554
2201-12-04 07:00:00,182.0,709.0089
2201-12-04 08:00:00,182.0,692.5891
2201-12-04 09:00:00,182.0,850.70337
2201-12-04 10:00:00,182.0,827.9419
2201-12-04 11:00:00,182.0,858.63745
2201-12-04 12:00:00,182.0,943.19446
2201-12-04 13:00:00,180.0,1082.6731
2201-12-04 14:00:00,180.0,1280.7446
2201-12-04 15:00:00,182.0,1185.0028
2201-12-04 16:00:00,180.0,1426.1082
2201-12-04 17:00:00,180.0,1473.1621
2201-12-04 18:00:00,180.0,1511.1812
2201-12-04 19:00:00,180.0,1391.9674
2201-12-04 20:00:00,180.0,1316.0349
2201-12-04 21:00:00,180.0,1247.8682
2201-12-04 22:00:00,178.0,1193.1412
2201-12-04 23:00:00,178.0,1093.4618
2201-12-05 00:00:00,178.0,1055.5494
2201-12-05 01:00:00,178.0,1030.1187
2201-12-05 02:00:00,178.0,1064.8109
2201-12-05 03:00:00,178.0,1036.8397
2201-12-05 04:00:00,176.0,1009.0835
2201-12-05 05:00:00,176.0,995.109
2201-12-05 06:00:00,174.0,989.6255
2201-12-05 07:00:00,174.0,929.214
2201-12-05 08:00:00,174.0,997.2621
2201-12-05 09:00:00,174.0,1026.4542
2201-12-05 10:00:00,172.0,1151.5631
2201-12-05 11:00:00,172.0,1232.207
2201-12-05 12:00:00,172.0,1217.5195
2201-12-05 13:00:00,172.0,1239.7374
2201-12-05 14:00:00,172.0,1332.3218
2201-12-05 15:00:00,172.0,1221.6824
2201-12-05 16:00:00,170.0,1278.4952
2201-12-05 17:00:00,169.0,1598.0009
2201-12-05 18:00:00,168.0,1687.8516
2201-12-05 19:00:00,168.0,1344.5635
2201-12-05 20:00:00,168.0,1434.7112
2201-12-05 21:00:00,168.0,1275.4528
2201-12-05 22:00:00,168.0,1140.5521
2201-12-05 23:00:00,169.0,1075.9578
2201-12-06 00:00:00,169.0,951.83044
2201-12-06 01:00:00,169.0,974.1926
2201-12-06 02:00:00,169.0,928.4918
2201-12-06 03:00:00,169.0,913.58984
2201-12-06 04:00:00,168.0,933.22656
2201-12-06 05:00:00,168.0,936.5353
2201-12-06 06:00:00,168.0,883.6433
2201-12-06 07:00:00,168.0,943.15686
2201-12-06 08:00:00,168.0,938.22034
2201-12-06 09:00:00,169.0,1089.0002
2201-12-06 10:00:00,170.0,1009.23584
2201-12-06 11:00:00,171.0,1203.6604
2201-12-06 12:00:00,171.0,1133.1935
2201-12-06 13:00:00,171.0,1040.9373
2201-12-06 14:00:00,171.0,1030.6628
2201-12-06 15:00:00,172.0,1026.8156
2201-12-06 16:00:00,172.0,927.21204
2201-12-06 17:00:00,172.0,1282.8976
2201-12-06 18:00:00,172.0,1345.1039
2201-12-06 19:00:00,172.0,1582.6865
2201-12-06 20:00:00,172.0,1513.5273
2201-12-06 21:00:00,172.0,1443.0427
2201-12-06 22:00:00,172.0,1429.1729
2201-12-06 23:00:00,172.0,1343.8605
2201-12-07 00:00:00,172.0,1256.4249
2201-12-07 01:00:00,172.0,1274.0717
2201-12-07 02:00:00,172.0,1176.957
2201-12-07 03:00:00,172.0,1182.8396
2201-12-07 04:00:00,172.0,1135.8428
2201-12-07 05:00:00,172.0,1098.2277
2201-12-07 06:00:00,172.0,1075.6837
2201-12-07 07:00:00,172.0,1102.7814
2201-12-07 08:00:00,173.0,1102.7085
2201-12-07 09:00:00,174.0,1285.4277
2201-12-07 10:00:00,174.0,1178.8918
2201-12-07 11:00:00,174.0,1347.0177
2201-12-07 12:00:00,174.0,1340.218
2201-12-07 13:00:00,175.0,1305.8684
2201-12-07 14:00:00,176.0,1281.4224
2201-12-07 15:00:00,175.0,1245.7848
2201-12-07 16:00:00,174.0,1397.2195
2201-12-07 17:00:00,174.0,1486.8892
2201-12-07 18:00:00,174.0,1695.345
2201-12-07 19:00:00,174.0,1655.1385
2201-12-07 20:00:00,174.0,1581.8126
2201-12-07 21:00:00,174.0,1503.3699
2201-12-07 22:00:00,174.0,1428.4785
2201-12-07 23:00:00,174.0,1280.4058
2201-12-08 00:00:00,174.0,1166.9946
2201-12-08 01:00:00,173.0,1192.5864
2201-12-08 02:00:00,172.0,1140.3132
2201-12-08 03:00:00,172.0,1126.7281
2201-12-08 04:00:00,172.0,1106.1208
2201-12-08 05:00:00,172.0,1109.6299
2201-12-08 06:00:00,172.0,1111.7148
2201-12-08 07:00:00,174.0,1090.6678
2201-12-08 08:00:00,174.0,1189.7356
2201-12-08 09:00:00,174.0,1325.7698
2201-12-08 10:00:00,174.0,1301.3525
2201-12-08 11:00:00,174.0,1316.0828
2201-12-08 12:00:00,174.0,1258.4901
2201-12-08 13:00:00,174.0,1149.1655
2201-12-08 14:00:00,175.0,1207.533
2201-12-08 15:00:00,175.0,1077.0631
2201-12-08 16:00:00,174.0,1249.8934
2201-12-08 17:00:00,174.0,1326.0667
2201-12-08 18:00:00,174.0,1397.454
2201-12-08 19:00:00,172.0,1085.5184
2201-12-08 20:00:00,172.0,1076.6078
2201-12-08 21:00:00,172.0,1008.3861
2201-12-08 22:00:00,172.0,934.3602
2201-12-08 23:00:00,172.0,848.5864
2201-12-09 00:00:00,172.0,835.1333
2201-12-09 01:00:00,171.0,791.7135
2201-12-09 02:00:00,171.0,773.64294
2201-12-09 03:00:00,171.0,760.7726
2201-12-09 04:00:00,171.0,744.15845
2201-12-09 05:00:00,171.0,729.9844
2201-12-09 06:00:00,169.0,727.0488
2201-12-09 07:00:00,169.0,696.85596
2201-12-09 08:00:00,169.0,708.3324
2201-12-09 09:00:00,169.0,738.01465
2201-12-09 10:00:00,169.0,567.72266
2201-12-09 11:00:00,169.0,835.94104
2201-12-09 12:00:00,169.0,1080.0355
2201-12-09 13:00:00,169.0,888.1765
2201-12-09 14:00:00,169.0,769.94104
2201-12-09 15:00:00,169.0,678.34375
2201-12-09 16:00:00,169.0,912.2495
2201-12-09 17:00:00,169.0,894.4508
2201-12-09 18:00:00,169.0,1060.2999
2201-12-09 19:00:00,169.0,934.6974
2201-12-09 20:00:00,169.0,999.3373
2201-12-09 21:00:00,169.0,936.63965
2201-12-09 22:00:00,170.0,957.99426
2201-12-09 23:00:00,171.0,973.8756
2201-12-10 00:00:00,171.0,921.69934
2201-12-10 01:00:00,171.0,882.21545
2201-12-10 02:00:00,171.0,911.65955
2201-12-10 03:00:00,171.0,897.99585
2201-12-10 04:00:00,171.0,811.1339
2201-12-10 05:00:00,169.0,769.8993
2201-12-10 06:00:00,169.0,661.5126
2201-12-10 07:00:00,169.0,756.44385
2201-12-10 08:00:00,169.0,764.599
2201-12-10 09:00:00,169.0,851.9448
2201-12-10 10:00:00,169.0,874.70447
2201-12-10 11:00:00,169.0,1037.6074
2201-12-10 12:00:00,168.0,1179.1233
2201-12-10 13:00:00,168.0,1216.4141
2201-12-10 14:00:00,168.0,1234.7369
2201-12-10 15:00:00,168.0,1151.5531
2201-12-10 16:00:00,168.0,1197.0356
2201-12-10 17:00:00,168.0,1021.327
2201-12-10 18:00:00,168.0,991.5996
2201-12-10 19:00:00,168.0,942.2721
2201-12-10 20:00:00,168.0,864.7942
2201-12-10 21:00:00,168.0,767.1548
2201-12-10 22:00:00,168.0,740.9569
2201-12-10 23:00:00,168.0,639.0132
2201-12-11 00:00:00,168.0,359.56592
2201-12-11 01:00:00,168.0,401.8225
2201-12-11 02:00:00,168.0,342.34033
2201-12-11 03:00:00,169.0,241.77124
2201-12-11 04:00:00,169.0,192.5625
2201-12-11 05:00:00,169.0,207.69556
2201-12-11 06:00:00,170.0,320.13867
2201-12-11 07:00:00,171.0,330.37183
2201-12-11 08:00:00,171.0,207.3269
2201-12-11 09:00:00,171.0,446.5708
2201-12-11 10:00:00,172.0,296.0879
2201-12-11 11:00:00,172.0,321.06982
2201-12-11 12:00:00,173.0,425.2085
2201-12-11 13:00:00,174.0,383.7932
2201-12-11 14:00:00,175.0,515.4977
2201-12-11 15:00:00,176.0,348.6953
2201-12-11 16:00:00,176.0,610.702
2201-12-11 17:00:00,176.0,696.2678
2201-12-11 18:00:00,176.0,932.2252
2201-12-11 19:00:00,176.0,859.9581
2201-12-11 20:00:00,176.0,887.5979
2201-12-11 21:00:00,176.0,805.87427
2201-12-11 22:00:00,176.0,690.7074
2201-12-11 23:00:00,175.0,783.848
2201-12-12 00:00:00,174.0,588.06384
2201-12-12 01:00:00,173.0,515.8779
2201-12-12 02:00:00,172.0,520.735
2201-12-12 03:00:00,172.0,547.547
2201-12-12 04:00:00,172.0,566.7744
2201-12-12 05:00:00,172.0,575.1245
2201-12-12 06:00:00,172.0,625.8008
2201-12-12 07:00:00,172.0,751.853
2201-12-12 08:00:00,172.0,698.18726
2201-12-12 09:00:00,172.0,788.484
2201-12-12 10:00:00,172.0,638.6598
2201-12-12 11:00:00,173.0,844.90894
2201-12-12 12:00:00,174.0,910.749
2201-12-12 13:00:00,173.0,729.7512
2201-12-12 14:00:00,172.0,857.26843
2201-12-12 15:00:00,172.0,701.3297
2201-12-12 16:00:00,171.0,988.48584
2201-12-12 17:00:00,171.0,903.88025
2201-12-12 18:00:00,171.0,1194.8269
2201-12-12 19:00:00,171.0,1136.3745
2201-12-12 20:00:00,171.0,962.9031
2201-12-12 21:00:00,171.0,907.1621
2201-12-12 22:00:00,171.0,796.2219
2201-12-12 23:00:00,171.0,676.08887
2201-12-13 00:00:00,172.0,583.4176
2201-12-13 01:00:00,172.0,474.2484
2201-12-13 02:00:00,172.0,419.65527
2201-12-13 03:00:00,172.0,409.19995
2201-12-13 04:00:00,172.0,436.79297
2201-12-13 05:00:00,173.0,452.2544
2201-12-13 06:00:00,174.0,588.25146
2201-12-13 07:00:00,174.0,739.069
2201-12-13 08:00:00,176.0,658.25195
2201-12-13 09:00:00,176.0,862.0083
2201-12-13 10:00:00,176.0,819.2434
2201-12-13 11:00:00,176.0,871.89087
2201-12-13 12:00:00,176.0,843.327
2201-12-13 13:00:00,186.0,902.6841
2201-12-13 14:00:00,207.0,989.19934
2201-12-13 15:00:00,227.0,1032.0563
2201-12-13 16:00:00,241.0,1236.0547
2201-12-13 17:00:00,248.0,1174.4465
2201-12-13 18:00:00,257.0,1243.8345
2201-12-13 19:00:00,267.0,1053.9874
2201-12-13 20:00:00,273.0,1010.7119
2201-12-13 21:00:00,274.0,972.6614
2201-12-13 22:00:00,271.0,943.69775
2201-12-13 23:00:00,264.0,914.4946
2201-12-14 00:00:00,255.0,893.77246
2201-12-14 01:00:00,246.0,891.6008
2201-12-14 02:00:00,236.0,792.32544
2201-12-14 03:00:00,229.0,789.1006
2201-12-14 04:00:00,222.0,816.7932
2201-12-14 05:00:00,216.0,806.9636
2201-12-14 06:00:00,210.0,865.4807
2201-12-14 07:00:00,206.0,933.9011
2201-12-14 08:00:00,203.0,991.30664
2201-12-14 09:00:00,199.0,1139.8049
2201-12-14 10:00:00,196.0,1057.2158
2201-12-14 11:00:00,194.0,1178.3558
2201-12-14 12:00:00,192.0,1193.3796
2201-12-14 13:00:00,191.0,1141.6305
2201-12-14 14:00:00,190.0,1170.6766
2201-12-14 15:00:00,188.0,1134.8445
2201-12-14 16:00:00,190.0,1109.5288
2201-12-14 17:00:00,195.0,1152.439
2201-12-14 18:00:00,200.0,1076.3407
2201-12-14 19:00:00,206.0,1151.4589
2201-12-14 20:00:00,207.0,1044.2397
2201-12-14 21:00:00,206.0,1024.1453
2201-12-14 22:00:00,200.0,1011.6527
2201-12-14 23:00:00,195.0,1045.799
2201-12-15 00:00:00,191.0,989.65344
2201-12-15 01:00:00,187.0,964.75745
2201-12-15 02:00:00,184.0,929.99414
2201-12-15 03:00:00,182.0,874.44666
2201-12-15 04:00:00,180.0,922.9016
2201-12-15 05:00:00,180.0,910.834
2201-12-15 06:00:00,178.0,916.76953
2201-12-15 07:00:00,178.0,938.30444
2201-12-15 08:00:00,178.0,884.46045
2201-12-15 09:00:00,178.0,1064.991
2201-12-15 10:00:00,178.0,1001.79456
2201-12-15 11:00:00,178.0,1275.3251
2201-12-15 12:00:00,178.0,1296.2792
2201-12-15 13:00:00,178.0,1296.584
2201-12-15 14:00:00,178.0,1236.9817
2201-12-15 15:00:00,178.0,1263.643
2201-12-15 16:00:00,179.0,1466.5972
2201-12-15 17:00:00,181.0,1382.2858
2201-12-15 18:00:00,182.0,1511.0815
2201-12-15 19:00:00,182.0,1477.3137
2201-12-15 20:00:00,182.0,1417.3778
2201-12-15 21:00:00,181.0,1345.4104
2201-12-15 22:00:00,180.0,1312.0221
2201-12-15 23:00:00,179.0,1209.6702
2201-12-16 00:00:00,178.0,1185.8168
2201-12-16 01:00:00,178.0,1121.7318
2201-12-16 02:00:00,178.0,1154.7881
2201-12-16 03:00:00,177.0,1055.2854
2201-12-16 04:00:00,176.0,1081.5139
2201-12-16 05:00:00,176.0,1075.8451
2201-12-16 06:00:00,178.0,976.7362
2201-12-16 07:00:00,178.0,958.781
2201-12-16 08:00:00,180.0,1047.4132
2201-12-16 09:00:00,181.0,993.7616
2201-12-16 10:00:00,182.0,1052.3236
2201-12-16 11:00:00,182.0,1207.766
2201-12-16 12:00:00,182.0,1291.0181
2201-12-16 13:00:00,182.0,1276.0957
2201-12-16 14:00:00,182.0,1252.4778
2201-12-16 15:00:00,182.0,1268.0883
2201-12-16 16:00:00,181.0,1252.2351
2201-12-16 17:00:00,180.0,1437.0737
2201-12-16 18:00:00,180.0,1489.4722
2201-12-16 19:00:00,180.0,1429.2087
2201-12-16 20:00:00,180.0,1405.4912
2201-12-16 21:00:00,180.0,1349.1545
2201-12-16 22:00:00,180.0,1257.0192
2201-12-16 23:00:00,180.0,1180.2568
2201-12-17 00:00:00,180.0,1369.4025
2201-12-17 01:00:00,180.0,1309.8352
2201-12-17 02:00:00,180.0,1286.7394
2201-12-17 03:00:00,180.0,1283.0299
2201-12-17 04:00:00,178.0,1126.0333
2201-12-17 05:00:00,178.0,1080.9141
2201-12-17 06:00:00,178.0,1115.4691
2201-12-17 07:00:00,178.0,991.228
2201-12-17 08:00:00,178.0,972.2372
2201-12-17 09:00:00,177.0,1118.953
2201-12-17 10:00:00,176.0,1274.4487
2201-12-17 11:00:00,176.0,1241.0784
2201-12-17 12:00:00,176.0,980.27515
2201-12-17 13:00:00,176.0,905.67444
2201-12-17 14:00:00,176.0,857.1372
2201-12-17 15:00:00,176.0,832.84814
2201-12-17 16:00:00,174.0,1290.9222
2201-12-17 17:00:00,174.0,1451.9703
2201-12-17 18:00:00,174.0,1345.2059
2201-12-17 19:00:00,174.0,1250.083
2201-12-17 20:00:00,174.0,1075.1891
2201-12-17 21:00:00,176.0,839.60706
2201-12-17 22:00:00,176.0,796.06006
2201-12-17 23:00:00,176.0,784.2113
2201-12-18 00:00:00,175.0,633.307
2201-12-18 01:00:00,174.0,845.6831
2201-12-18 02:00:00,174.0,853.55054
2201-12-18 03:00:00,174.0,784.71985
2201-12-18 04:00:00,174.0,908.41626
2201-12-18 05:00:00,174.0,902.4558
2201-12-18 06:00:00,174.0,906.2666
2201-12-18 07:00:00,174.0,916.4668
2201-12-18 08:00:00,174.0,833.16223
2201-12-18 09:00:00,174.0,834.34216
2201-12-18 10:00:00,176.0,570.64966
2201-12-18 11:00:00,176.0,340.72217
2201-12-18 12:00:00,176.0,405.8872
2201-12-18 13:00:00,176.0,381.76147
2201-12-18 14:00:00,174.0,408.3379
2201-12-18 15:00:00,174.0,555.4409
2201-12-18 16:00:00,173.0,954.3447
2201-12-18 17:00:00,172.0,985.4585
2201-12-18 18:00:00,172.0,1217.4862
2201-12-18 19:00:00,172.0,988.6671
2201-12-18 20:00:00,172.0,910.3428
2201-12-18 21:00:00,172.0,844.448
2201-12-18 22:00:00,172.0,746.58545
2201-12-18 23:00:00,172.0,764.03394
2201-12-19 00:00:00,172.0,687.2809
2201-12-19 01:00:00,172.0,740.6378
2201-12-19 02:00:00,171.0,783.7826
2201-12-19 03:00:00,170.0,872.5873
2201-12-19 04:00:00,169.0,854.03735
2201-12-19 05:00:00,168.0,916.6594
2201-12-19 06:00:00,167.0,925.6061
2201-12-19 07:00:00,167.0,1013.7351
2201-12-19 08:00:00,166.0,1003.78455
2201-12-19 09:00:00,166.0,1157.3192
2201-12-19 10:00:00,166.0,1072.4481
2201-12-19 11:00:00,166.0,1013.78394
2201-12-19 12:00:00,166.0,1021.6637
2201-12-19 13:00:00,166.0,1114.7366
2201-12-19 14:00:00,166.0,1076.0415
2201-12-19 15:00:00,166.0,1031.4341
2201-12-19 16:00:00,165.0,1219.5774
2201-12-19 17:00:00,164.0,1342.7424
2201-12-19 18:00:00,164.0,1509.231
2201-12-19 19:00:00,164.0,1325.0044
2201-12-19 20:00:00,165.0,1210.3127
2201-12-19 21:00:00,166.0,1094.3347
2201-12-19 22:00:00,166.0,1033.1575
2201-12-19 23:00:00,166.0,998.411
2201-12-20 00:00:00,166.0,925.11084
2201-12-20 01:00:00,166.0,904.4573
2201-12-20 02:00:00,166.0,923.6726
2201-12-20 03:00:00,166.0,945.5676
2201-12-20 04:00:00,167.0,959.7136
2201-12-20 05:00:00,167.0,1019.2423
2201-12-20 06:00:00,167.0,1040.4706
2201-12-20 07:00:00,168.0,1115.7258
2201-12-20 08:00:00,168.0,1215.5414
2201-12-20 09:00:00,169.0,1296.209
2201-12-20 10:00:00,169.0,1191.0869
2201-12-20 11:00:00,171.0,1086.8235
2201-12-20 12:00:00,171.0,1060.5918
2201-12-20 13:00:00,171.0,928.45496
2201-12-20 14:00:00,171.0,984.73193
2201-12-20 15:00:00,171.0,1040.0865
2201-12-20 16:00:00,171.0,1378.9921
2201-12-20 17:00:00,171.0,1474.0461
2201-12-20 18:00:00,171.0,1742.6974
2201-12-20 19:00:00,172.0,1537.4183
2201-12-20 20:00:00,172.0,1427.6362
2201-12-20 21:00:00,172.0,1235.5825
2201-12-20 22:00:00,172.0,1127.9513
2201-12-20 23:00:00,172.0,1114.5087
2201-12-21 00:00:00,171.0,1154.5168
2201-12-21 01:00:00,169.0,1091.3499
2201-12-21 02:00:00,168.0,1102.2424
2201-12-21 03:00:00,167.0,1136.0391
2201-12-21 04:00:00,167.0,1171.7922
2201-12-21 05:00:00,167.0,1193.8079
2201-12-21 06:00:00,167.0,1397.7233
2201-12-21 07:00:00,168.0,1392.1981
2201-12-21 08:00:00,168.0,1399.0365
2201-12-21 09:00:00,169.0,1461.9373
2201-12-21 10:00:00,173.0,1331.606
2201-12-21 11:00:00,183.0,1335.7222
2201-12-21 12:00:00,193.0,1328.7188
2201-12-21 13:00:00,191.0,1334.8575
2201-12-21 14:00:00,179.0,1523.9543
2201-12-21 15:00:00,168.0,1598.2573
2201-12-21 16:00:00,161.0,1562.5393
2201-12-21 17:00:00,156.0,1681.3315
2201-12-21 18:00:00,153.0,1450.699
2201-12-21 19:00:00,153.0,1138.0062
2201-12-21 20:00:00,156.0,1176.8586
2201-12-21 21:00:00,159.0,1098.7684
2201-12-21 22:00:00,161.0,1039.8021
2201-12-21 23:00:00,163.0,1096.9705
2201-12-22 00:00:00,163.0,1044.8414
2201-12-22 01:00:00,164.0,1012.906
2201-12-22 02:00:00,164.0,992.0802
2201-12-22 03:00:00,164.0,1026.8728
2201-12-22 04:00:00,164.0,1025.5914
2201-12-22 05:00:00,164.0,1047.4246
2201-12-22 06:00:00,164.0,1075.2214
2201-12-22 07:00:00,164.0,1214.3019
2201-12-22 08:00:00,164.0,1341.9111
2201-12-22 09:00:00,164.0,1412.5441
2201-12-22 10:00:00,164.0,1251.395
2201-12-22 11:00:00,164.0,1167.6246
2201-12-22 12:00:00,164.0,1138.6055
2201-12-22 13:00:00,164.0,1098.5437
2201-12-22 14:00:00,164.0,1138.9906
2201-12-22 15:00:00,163.0,1260.4962
2201-12-22 16:00:00,163.0,1514.8059
2201-12-22 17:00:00,163.0,1466.5475
2201-12-22 18:00:00,164.0,1596.1221
2201-12-22 19:00:00,164.0,1449.1051
2201-12-22 20:00:00,165.0,1348.5416
2201-12-22 21:00:00,166.0,1210.6366
2201-12-22 22:00:00,166.0,1205.4323
2201-12-22 23:00:00,166.0,1184.9961
2201-12-23 00:00:00,166.0,1146.408
2201-12-23 01:00:00,166.0,1167.0193
2201-12-23 02:00:00,166.0,1227.9695
2201-12-23 03:00:00,166.0,1204.1517
2201-12-23 04:00:00,166.0,1193.0999
2201-12-23 05:00:00,165.0,1194.9835
2201-12-23 06:00:00,164.0,1185.2374
2201-12-23 07:00:00,164.0,1256.1746
2201-12-23 08:00:00,164.0,1300.07
2201-12-23 09:00:00,164.0,1447.3254
2201-12-23 10:00:00,164.0,1443.5945
2201-12-23 11:00:00,164.0,1446.7301
2201-12-23 12:00:00,164.0,1430.9866
2201-12-23 13:00:00,164.0,1420.9696
2201-12-23 14:00:00,164.0,1457.542
2201-12-23 15:00:00,164.0,1436.5404
2201-12-23 16:00:00,164.0,1371.2062
2201-12-23 17:00:00,164.0,1481.8342
2201-12-23 18:00:00,163.0,1533.0154
2201-12-23 19:00:00,163.0,1271.1449
2201-12-23 20:00:00,164.0,1243.5223
2201-12-23 21:00:00,164.0,1194.5164
2201-12-23 22:00:00,164.0,1211.579
2201-12-23 23:00:00,164.0,1260.2147
2201-12-24 00:00:00,163.0,1278.9467
2201-12-24 01:00:00,162.0,1296.1682
2201-12-24 02:00:00,161.0,1295.8335
2201-12-24 03:00:00,161.0,1268.7039
2201-12-24 04:00:00,160.0,1252.635
2201-12-24 05:00:00,159.0,1210.5355
2201-12-24 06:00:00,158.0,1232.0399
2201-12-24 07:00:00,157.0,1191.967
2201-12-24 08:00:00,157.0,1091.6757
2201-12-24 09:00:00,156.0,1251.5109
2201-12-24 10:00:00,155.0,1191.5112
2201-12-24 11:00:00,155.0,1216.7941
2201-12-24 12:00:00,154.0,1079.8253
2201-12-24 13:00:00,153.0,1184.7756
2201-12-24 14:00:00,153.0,1097.4012
2201-12-24 15:00:00,153.0,1120.773
2201-12-24 16:00:00,153.0,1432.5553
2201-12-24 17:00:00,154.0,1454.7452
2201-12-24 18:00:00,154.0,1616.5587
2201-12-24 19:00:00,154.0,1535.0831
2201-12-24 20:00:00,154.0,1500.3151
2201-12-24 21:00:00,155.0,1446.3566
2201-12-24 22:00:00,156.0,1543.5775
2201-12-24 23:00:00,157.0,1549.1243
2201-12-25 00:00:00,157.0,1535.4333
2201-12-25 01:00:00,158.0,1526.8547
2201-12-25 02:00:00,159.0,1568.2311
2201-12-25 03:00:00,159.0,1570.0828
2201-12-25 04:00:00,161.0,1536.8077
2201-12-25 05:00:00,161.0,1522.0889
2201-12-25 06:00:00,162.0,1564.8398
2201-12-25 07:00:00,163.0,1584.199
2201-12-25 08:00:00,163.0,1766.2517
2201-12-25 09:00:00,164.0,1960.9716
2201-12-25 10:00:00,164.0,2048.6772
2201-12-25 11:00:00,164.0,1952.5065
2201-12-25 12:00:00,164.0,1931.7998
2201-12-25 13:00:00,164.0,2035.3662
2201-12-25 14:00:00,164.0,2064.271
2201-12-25 15:00:00,164.0,1911.3728
2201-12-25 16:00:00,164.0,1738.8602
2201-12-25 17:00:00,164.0,1875.639
2201-12-25 18:00:00,163.0,2062.3525
2201-12-25 19:00:00,163.0,1808.7476
2201-12-25 20:00:00,163.0,1715.8849
2201-12-25 21:00:00,163.0,1627.6052
2201-12-25 22:00:00,163.0,1594.1096
2201-12-25 23:00:00,163.0,1610.5457
2201-12-26 00:00:00,163.0,1450.9432
2201-12-26 01:00:00,162.0,1382.011
2201-12-26 02:00:00,162.0,1350.834
2201-12-26 03:00:00,162.0,1337.5088
2201-12-26 04:00:00,162.0,1358.3909
2201-12-26 05:00:00,162.0,1359.2155
2201-12-26 06:00:00,162.0,1393.8298
2201-12-26 07:00:00,163.0,1537.9531
2201-12-26 08:00:00,163.0,1647.1294
2201-12-26 09:00:00,164.0,1556.154
2201-12-26 10:00:00,164.0,1575.4275
2201-12-26 11:00:00,164.0,1479.2769
2201-12-26 12:00:00,165.0,1431.8708
2201-12-26 13:00:00,166.0,1393.974
2201-12-26 14:00:00,166.0,1392.9854
2201-12-26 15:00:00,166.0,1240.5753
2201-12-26 16:00:00,166.0,1164.9849
2201-12-26 17:00:00,169.0,1231.0585
2201-12-26 18:00:00,174.0,1417.7064
2201-12-26 19:00:00,176.0,1489.3389
2201-12-26 20:00:00,173.0,1458.5701
2201-12-26 21:00:00,171.0,1354.038
2201-12-26 22:00:00,169.0,1362.0822
2201-12-26 23:00:00,168.0,1251.7155
2201-12-27 00:00:00,167.0,1225.1833
2201-12-27 01:00:00,165.0,1224.9626
2201-12-27 02:00:00,164.0,1268.8033
2201-12-27 03:00:00,164.0,1198.312
2201-12-27 04:00:00,164.0,1297.2793
2201-12-27 05:00:00,163.0,1320.2885
2201-12-27 06:00:00,163.0,1257.2957
2201-12-27 07:00:00,163.0,1257.2269
2201-12-27 08:00:00,163.0,1391.9913
2201-12-27 09:00:00,164.0,1506.7478
2201-12-27 10:00:00,164.0,1410.7529
2201-12-27 11:00:00,164.0,1425.5753
2201-12-27 12:00:00,164.0,1255.0776
2201-12-27 13:00:00,164.0,1152.6749
2201-12-27 14:00:00,165.0,942.8699
2201-12-27 15:00:00,168.0,968.96436
2201-12-27 16:00:00,177.0,1258.855
2201-12-27 17:00:00,189.0,1178.8733
2201-12-27 18:00:00,199.0,1446.598
2201-12-27 19:00:00,199.0,1464.063
2201-12-27 20:00:00,194.0,1337.8119
2201-12-27 21:00:00,186.0,1186.3611
2201-12-27 22:00:00,180.0,1226.1503
2201-12-27 23:00:00,175.0,1198.7473
2201-12-28 00:00:00,171.0,1097.3114
2201-12-28 01:00:00,169.0,985.9291
2201-12-28 02:00:00,168.0,950.4552
2201-12-28 03:00:00,167.0,924.41016
2201-12-28 04:00:00,166.0,941.0985
2201-12-28 05:00:00,166.0,975.4971
2201-12-28 06:00:00,166.0,997.6112
2201-12-28 07:00:00,166.0,1129.5262
2201-12-28 08:00:00,166.0,1191.7316
2201-12-28 09:00:00,166.0,1303.0521
2201-12-28 10:00:00,166.0,1271.9672
2201-12-28 11:00:00,166.0,1145.0391
2201-12-28 12:00:00,166.0,1178.9734
2201-12-28 13:00:00,166.0,1087.5013
2201-12-28 14:00:00,166.0,1164.3134
2201-12-28 15:00:00,166.0,1233.3782
2201-12-28 16:00:00,166.0,1473.1063
2201-12-28 17:00:00,166.0,1500.0872
2201-12-28 18:00:00,166.0,1474.5249
2201-12-28 19:00:00,166.0,1291.691
2201-12-28 20:00:00,166.0,1110.3136
2201-12-28 21:00:00,166.0,1037.393
2201-12-28 22:00:00,166.0,1006.5106
2201-12-28 23:00:00,166.0,968.11926
2201-12-29 00:00:00,165.0,932.869
2201-12-29 01:00:00,163.0,892.7472
2201-12-29 02:00:00,163.0,841.1515
2201-12-29 03:00:00,162.0,885.9546
2201-12-29 04:00:00,162.0,819.1571
2201-12-29 05:00:00,162.0,819.72485
2201-12-29 06:00:00,162.0,888.02246
2201-12-29 07:00:00,162.0,919.67505
2201-12-29 08:00:00,162.0,955.68604
2201-12-29 09:00:00,162.0,1042.3662
2201-12-29 10:00:00,164.0,983.9652
2201-12-29 11:00:00,171.0,994.9746
2201-12-29 12:00:00,184.0,1013.4044
2201-12-29 13:00:00,194.0,911.51794
2201-12-29 14:00:00,202.0,1098.1887
2201-12-29 15:00:00,207.0,968.01917
2201-12-29 16:00:00,211.0,804.82263
2201-12-29 17:00:00,213.0,1149.7227
2201-12-29 18:00:00,213.0,1211.3192
2201-12-29 19:00:00,207.0,1417.1661
2201-12-29 20:00:00,197.0,1324.5057
2201-12-29 21:00:00,186.0,1283.7955
2201-12-29 22:00:00,178.0,1114.758
2201-12-29 23:00:00,172.0,1039.8085
2201-12-30 00:00:00,169.0,1015.84814
2201-12-30 01:00:00,166.0,959.70496
2201-12-30 02:00:00,164.0,899.23926
2201-12-30 03:00:00,163.0,917.4817
2201-12-30 04:00:00,161.0,937.60315
2201-12-30 05:00:00,161.0,936.1852
2201-12-30 06:00:00,161.0,986.09143
2201-12-30 07:00:00,161.0,1078.5764
2201-12-30 08:00:00,160.0,1141.3173
2201-12-30 09:00:00,159.0,1237.8475
2201-12-30 10:00:00,161.0,1197.8989
2201-12-30 11:00:00,167.0,1104.7944
2201-12-30 12:00:00,178.0,1208.4003
2201-12-30 13:00:00,189.0,1010.6051
2201-12-30 14:00:00,196.0,1061.9445
2201-12-30 15:00:00,195.0,988.7698
2201-12-30 16:00:00,186.0,970.94006
2201-12-30 17:00:00,176.0,1349.5333
2201-12-30 18:00:00,170.0,1618.3685
2201-12-30 19:00:00,167.0,1586.992
2201-12-30 20:00:00,164.0,1442.9143
2201-12-30 21:00:00,163.0,1335.8008
2201-12-30 22:00:00,161.0,1231.3655
2201-12-30 23:00:00,160.0,1118.7781
2201-12-31 00:00:00,158.0,1050.732
2201-12-31 01:00:00,,
2201-12-31 02:00:00,,
2201-12-31 03:00:00,,
2201-12-31 04:00:00,,
2201-12-31 05:00:00,,
2201-12-31 06:00:00,,
2201-12-31 07:00:00,,
2201-12-31 08:00:00,,
2201-12-31 09:00:00,,
2201-12-31 10:00:00,,
2201-12-31 11:00:00,,
2201-12-31 12:00:00,,
2201-12-31 13:00:00,,
2201-12-31 14:00:00,,
2201-12-31 15:00:00,,
2201-12-31 16:00:00,,
2201-12-31 17:00:00,,
2201-12-31 18:00:00,,
2201-12-31 19:00:00,,
2201-12-31 20:00:00,,
2201-12-31 21:00:00,,
2201-12-31 22:00:00,,
2201-12-31 23:00:00,,
